ISO-10303-21;
HEADER;
/* Generated by software containing ST-Developer
 * from STEP Tools, Inc. (www.steptools.com) 
 */

FILE_DESCRIPTION(
/* description */ (''),
/* implementation_level */ '2;1');

FILE_NAME(
/* name */ 'SPOT_GET_IT.step',
/* time_stamp */ '2026-04-28T18:24:35+09:00',
/* author */ (''),
/* organization */ (''),
/* preprocessor_version */ 'ST-DEVELOPER v20.1',
/* originating_system */ 'Autodesk Translation Framework v15.8.0.0',
/* authorisation */ '');

FILE_SCHEMA (('AUTOMOTIVE_DESIGN { 1 0 10303 214 3 1 1 }'));
ENDSEC;

DATA;
#10=MECHANICAL_DESIGN_GEOMETRIC_PRESENTATION_REPRESENTATION('',(#27,#28,
#29),#6294);
#11=ITEM_DEFINED_TRANSFORMATION($,$,#3768,#4019);
#12=ITEM_DEFINED_TRANSFORMATION($,$,#3766,#4112);
#13=ITEM_DEFINED_TRANSFORMATION($,$,#3767,#4113);
#14=(
REPRESENTATION_RELATIONSHIP($,$,#6313,#6312)
REPRESENTATION_RELATIONSHIP_WITH_TRANSFORMATION(#11)
SHAPE_REPRESENTATION_RELATIONSHIP()
);
#15=(
REPRESENTATION_RELATIONSHIP($,$,#6311,#6310)
REPRESENTATION_RELATIONSHIP_WITH_TRANSFORMATION(#12)
SHAPE_REPRESENTATION_RELATIONSHIP()
);
#16=(
REPRESENTATION_RELATIONSHIP($,$,#6312,#6310)
REPRESENTATION_RELATIONSHIP_WITH_TRANSFORMATION(#13)
SHAPE_REPRESENTATION_RELATIONSHIP()
);
#17=CONTEXT_DEPENDENT_SHAPE_REPRESENTATION(#14,#6307);
#18=CONTEXT_DEPENDENT_SHAPE_REPRESENTATION(#15,#6308);
#19=CONTEXT_DEPENDENT_SHAPE_REPRESENTATION(#16,#6309);
#20=NEXT_ASSEMBLY_USAGE_OCCURRENCE('Chassis_Body:1','Chassis_Body:1',
'Chassis_Body:1',#6317,#6318,'Chassis_Body:1');
#21=NEXT_ASSEMBLY_USAGE_OCCURRENCE('Covers:1','Covers:1','Covers:1',#6315,
#6316,'Covers:1');
#22=NEXT_ASSEMBLY_USAGE_OCCURRENCE('Chassis:1','Chassis:1','Chassis:1',
#6315,#6317,'Chassis:1');
#23=SHAPE_REPRESENTATION_RELATIONSHIP('SRR','None',#6313,#25);
#24=SHAPE_REPRESENTATION_RELATIONSHIP('SRR','None',#6310,#26);
#25=ADVANCED_BREP_SHAPE_REPRESENTATION('',(#30,#31),#6293);
#26=ADVANCED_BREP_SHAPE_REPRESENTATION('',(#32),#6290);
#27=STYLED_ITEM('',(#6336),#30);
#28=STYLED_ITEM('',(#6336),#31);
#29=STYLED_ITEM('',(#6336),#32);
#30=MANIFOLD_SOLID_BREP('right',#3750);
#31=MANIFOLD_SOLID_BREP('left',#3751);
#32=MANIFOLD_SOLID_BREP('battery plate',#3752);
#33=FACE_BOUND('',#473,.T.);
#34=FACE_BOUND('',#481,.T.);
#35=FACE_BOUND('',#493,.T.);
#36=FACE_BOUND('',#496,.T.);
#37=FACE_BOUND('',#513,.T.);
#38=FACE_BOUND('',#514,.T.);
#39=FACE_BOUND('',#517,.T.);
#40=FACE_BOUND('',#520,.T.);
#41=FACE_BOUND('',#527,.T.);
#42=FACE_BOUND('',#528,.T.);
#43=FACE_BOUND('',#529,.T.);
#44=FACE_BOUND('',#530,.T.);
#45=FACE_BOUND('',#535,.T.);
#46=FACE_BOUND('',#536,.T.);
#47=FACE_BOUND('',#537,.T.);
#48=FACE_BOUND('',#538,.T.);
#49=FACE_BOUND('',#539,.T.);
#50=FACE_BOUND('',#541,.T.);
#51=FACE_BOUND('',#544,.T.);
#52=FACE_BOUND('',#547,.T.);
#53=FACE_BOUND('',#548,.T.);
#54=FACE_BOUND('',#573,.T.);
#55=FACE_BOUND('',#581,.T.);
#56=FACE_BOUND('',#593,.T.);
#57=FACE_BOUND('',#596,.T.);
#58=FACE_BOUND('',#613,.T.);
#59=FACE_BOUND('',#614,.T.);
#60=FACE_BOUND('',#617,.T.);
#61=FACE_BOUND('',#620,.T.);
#62=FACE_BOUND('',#627,.T.);
#63=FACE_BOUND('',#628,.T.);
#64=FACE_BOUND('',#629,.T.);
#65=FACE_BOUND('',#630,.T.);
#66=FACE_BOUND('',#635,.T.);
#67=FACE_BOUND('',#636,.T.);
#68=FACE_BOUND('',#637,.T.);
#69=FACE_BOUND('',#638,.T.);
#70=FACE_BOUND('',#639,.T.);
#71=FACE_BOUND('',#641,.T.);
#72=FACE_BOUND('',#644,.T.);
#73=FACE_BOUND('',#647,.T.);
#74=FACE_BOUND('',#648,.T.);
#75=FACE_BOUND('',#657,.T.);
#76=FACE_BOUND('',#661,.T.);
#77=FACE_BOUND('',#663,.T.);
#78=FACE_BOUND('',#667,.T.);
#79=FACE_BOUND('',#675,.T.);
#80=FACE_BOUND('',#676,.T.);
#81=FACE_BOUND('',#677,.T.);
#82=FACE_BOUND('',#678,.T.);
#83=FACE_BOUND('',#679,.T.);
#84=FACE_BOUND('',#680,.T.);
#85=FACE_BOUND('',#681,.T.);
#86=FACE_BOUND('',#689,.T.);
#87=FACE_BOUND('',#690,.T.);
#88=FACE_BOUND('',#691,.T.);
#89=FACE_BOUND('',#692,.T.);
#90=ELLIPSE('',#3791,835.1451258971,0.999999999999999);
#91=ELLIPSE('',#3802,835.145125897102,1.);
#92=ELLIPSE('',#3848,1237.3267839977,0.999999999999999);
#93=ELLIPSE('',#3849,1237.3267839977,0.999999999999999);
#94=ELLIPSE('',#3914,835.1451258971,0.999999999999999);
#95=ELLIPSE('',#3927,835.145125897102,1.);
#96=ELLIPSE('',#3973,1237.3267839977,0.999999999999999);
#97=ELLIPSE('',#3974,1237.3267839977,0.999999999999999);
#98=(
BOUNDED_CURVE()
B_SPLINE_CURVE(2,(#5260,#5261,#5262),.UNSPECIFIED.,.F.,.F.)
B_SPLINE_CURVE_WITH_KNOTS((3,3),(0.,0.511475181869146),.UNSPECIFIED.)
CURVE()
GEOMETRIC_REPRESENTATION_ITEM()
RATIONAL_B_SPLINE_CURVE((1.,0.99693786212612,0.994122366632728))
REPRESENTATION_ITEM('')
);
#99=(
BOUNDED_CURVE()
B_SPLINE_CURVE(2,(#5266,#5267,#5268),.UNSPECIFIED.,.F.,.F.)
B_SPLINE_CURVE_WITH_KNOTS((3,3),(0.855581576291375,1.21992780547488),
 .UNSPECIFIED.)
CURVE()
GEOMETRIC_REPRESENTATION_ITEM()
RATIONAL_B_SPLINE_CURVE((0.990445627161984,0.988558228312692,0.986795984153951))
REPRESENTATION_ITEM('')
);
#100=(
BOUNDED_CURVE()
B_SPLINE_CURVE(2,(#5325,#5326,#5327),.UNSPECIFIED.,.F.,.F.)
B_SPLINE_CURVE_WITH_KNOTS((3,3),(12.188755191002,12.7002303728711),
 .UNSPECIFIED.)
CURVE()
GEOMETRIC_REPRESENTATION_ITEM()
RATIONAL_B_SPLINE_CURVE((0.994122366632733,0.996937862126123,1.))
REPRESENTATION_ITEM('')
);
#101=(
BOUNDED_CURVE()
B_SPLINE_CURVE(2,(#5335,#5336,#5337),.UNSPECIFIED.,.F.,.F.)
B_SPLINE_CURVE_WITH_KNOTS((3,3),(11.4803025673963,11.8446487965798),
 .UNSPECIFIED.)
CURVE()
GEOMETRIC_REPRESENTATION_ITEM()
RATIONAL_B_SPLINE_CURVE((0.986795984153961,0.9885582283127,0.990445627161991))
REPRESENTATION_ITEM('')
);
#102=(
BOUNDED_CURVE()
B_SPLINE_CURVE(2,(#5462,#5463,#5464),.UNSPECIFIED.,.F.,.F.)
B_SPLINE_CURVE_WITH_KNOTS((3,3),(0.904867125930407,1.36157371773545),
 .UNSPECIFIED.)
CURVE()
GEOMETRIC_REPRESENTATION_ITEM()
RATIONAL_B_SPLINE_CURVE((0.993692109202754,0.99235386900621,0.991271650485743))
REPRESENTATION_ITEM('')
);
#103=(
BOUNDED_CURVE()
B_SPLINE_CURVE(2,(#5465,#5466,#5467),.UNSPECIFIED.,.F.,.F.)
B_SPLINE_CURVE_WITH_KNOTS((3,3),(5.22262438847478,5.67933098027983),
 .UNSPECIFIED.)
CURVE()
GEOMETRIC_REPRESENTATION_ITEM()
RATIONAL_B_SPLINE_CURVE((0.991271650485743,0.99235386900621,0.993692109202754))
REPRESENTATION_ITEM('')
);
#104=(
BOUNDED_CURVE()
B_SPLINE_CURVE(2,(#5498,#5499,#5500),.UNSPECIFIED.,.F.,.F.)
B_SPLINE_CURVE_WITH_KNOTS((3,3),(0.,0.520731494831506),.UNSPECIFIED.)
CURVE()
GEOMETRIC_REPRESENTATION_ITEM()
RATIONAL_B_SPLINE_CURVE((1.,0.997895790796857,0.996124417266675))
REPRESENTATION_ITEM('')
);
#105=(
BOUNDED_CURVE()
B_SPLINE_CURVE(2,(#5503,#5504,#5505),.UNSPECIFIED.,.F.,.F.)
B_SPLINE_CURVE_WITH_KNOTS((3,3),(6.06346661137873,6.58419810621024),
 .UNSPECIFIED.)
CURVE()
GEOMETRIC_REPRESENTATION_ITEM()
RATIONAL_B_SPLINE_CURVE((0.996124417266675,0.997895790796857,1.))
REPRESENTATION_ITEM('')
);
#106=(
BOUNDED_CURVE()
B_SPLINE_CURVE(2,(#5713,#5714,#5715),.UNSPECIFIED.,.F.,.F.)
B_SPLINE_CURVE_WITH_KNOTS((3,3),(0.855581576291375,1.21992780547488),
 .UNSPECIFIED.)
CURVE()
GEOMETRIC_REPRESENTATION_ITEM()
RATIONAL_B_SPLINE_CURVE((0.990445627161984,0.988558228312692,0.986795984153951))
REPRESENTATION_ITEM('')
);
#107=(
BOUNDED_CURVE()
B_SPLINE_CURVE(2,(#5719,#5720,#5721),.UNSPECIFIED.,.F.,.F.)
B_SPLINE_CURVE_WITH_KNOTS((3,3),(0.,0.511475181869146),.UNSPECIFIED.)
CURVE()
GEOMETRIC_REPRESENTATION_ITEM()
RATIONAL_B_SPLINE_CURVE((1.,0.99693786212612,0.994122366632728))
REPRESENTATION_ITEM('')
);
#108=(
BOUNDED_CURVE()
B_SPLINE_CURVE(2,(#5773,#5774,#5775),.UNSPECIFIED.,.F.,.F.)
B_SPLINE_CURVE_WITH_KNOTS((3,3),(12.188755191002,12.7002303728711),
 .UNSPECIFIED.)
CURVE()
GEOMETRIC_REPRESENTATION_ITEM()
RATIONAL_B_SPLINE_CURVE((0.994122366632733,0.996937862126123,1.))
REPRESENTATION_ITEM('')
);
#109=(
BOUNDED_CURVE()
B_SPLINE_CURVE(2,(#5783,#5784,#5785),.UNSPECIFIED.,.F.,.F.)
B_SPLINE_CURVE_WITH_KNOTS((3,3),(11.4803025673963,11.8446487965798),
 .UNSPECIFIED.)
CURVE()
GEOMETRIC_REPRESENTATION_ITEM()
RATIONAL_B_SPLINE_CURVE((0.986795984153961,0.9885582283127,0.990445627161991))
REPRESENTATION_ITEM('')
);
#110=(
BOUNDED_CURVE()
B_SPLINE_CURVE(2,(#5909,#5910,#5911),.UNSPECIFIED.,.F.,.F.)
B_SPLINE_CURVE_WITH_KNOTS((3,3),(5.22262438847478,5.67933098027983),
 .UNSPECIFIED.)
CURVE()
GEOMETRIC_REPRESENTATION_ITEM()
RATIONAL_B_SPLINE_CURVE((0.991271650485743,0.99235386900621,0.993692109202754))
REPRESENTATION_ITEM('')
);
#111=(
BOUNDED_CURVE()
B_SPLINE_CURVE(2,(#5912,#5913,#5914),.UNSPECIFIED.,.F.,.F.)
B_SPLINE_CURVE_WITH_KNOTS((3,3),(0.904867125930407,1.36157371773545),
 .UNSPECIFIED.)
CURVE()
GEOMETRIC_REPRESENTATION_ITEM()
RATIONAL_B_SPLINE_CURVE((0.993692109202754,0.99235386900621,0.991271650485743))
REPRESENTATION_ITEM('')
);
#112=(
BOUNDED_CURVE()
B_SPLINE_CURVE(2,(#5945,#5946,#5947),.UNSPECIFIED.,.F.,.F.)
B_SPLINE_CURVE_WITH_KNOTS((3,3),(6.06346661137873,6.58419810621024),
 .UNSPECIFIED.)
CURVE()
GEOMETRIC_REPRESENTATION_ITEM()
RATIONAL_B_SPLINE_CURVE((0.996124417266675,0.997895790796857,1.))
REPRESENTATION_ITEM('')
);
#113=(
BOUNDED_CURVE()
B_SPLINE_CURVE(2,(#5950,#5951,#5952),.UNSPECIFIED.,.F.,.F.)
B_SPLINE_CURVE_WITH_KNOTS((3,3),(0.,0.520731494831506),.UNSPECIFIED.)
CURVE()
GEOMETRIC_REPRESENTATION_ITEM()
RATIONAL_B_SPLINE_CURVE((1.,0.997895790796857,0.996124417266675))
REPRESENTATION_ITEM('')
);
#114=PLANE('',#3775);
#115=PLANE('',#3776);
#116=PLANE('',#3777);
#117=PLANE('',#3780);
#118=PLANE('',#3793);
#119=PLANE('',#3794);
#120=PLANE('',#3795);
#121=PLANE('',#3796);
#122=PLANE('',#3797);
#123=PLANE('',#3798);
#124=PLANE('',#3799);
#125=PLANE('',#3800);
#126=PLANE('',#3801);
#127=PLANE('',#3803);
#128=PLANE('',#3804);
#129=PLANE('',#3806);
#130=PLANE('',#3807);
#131=PLANE('',#3809);
#132=PLANE('',#3810);
#133=PLANE('',#3811);
#134=PLANE('',#3812);
#135=PLANE('',#3813);
#136=PLANE('',#3814);
#137=PLANE('',#3815);
#138=PLANE('',#3816);
#139=PLANE('',#3817);
#140=PLANE('',#3818);
#141=PLANE('',#3822);
#142=PLANE('',#3824);
#143=PLANE('',#3826);
#144=PLANE('',#3827);
#145=PLANE('',#3829);
#146=PLANE('',#3833);
#147=PLANE('',#3834);
#148=PLANE('',#3837);
#149=PLANE('',#3838);
#150=PLANE('',#3841);
#151=PLANE('',#3842);
#152=PLANE('',#3845);
#153=PLANE('',#3846);
#154=PLANE('',#3847);
#155=PLANE('',#3853);
#156=PLANE('',#3854);
#157=PLANE('',#3860);
#158=PLANE('',#3861);
#159=PLANE('',#3862);
#160=PLANE('',#3863);
#161=PLANE('',#3864);
#162=PLANE('',#3865);
#163=PLANE('',#3866);
#164=PLANE('',#3869);
#165=PLANE('',#3878);
#166=PLANE('',#3880);
#167=PLANE('',#3881);
#168=PLANE('',#3882);
#169=PLANE('',#3883);
#170=PLANE('',#3884);
#171=PLANE('',#3885);
#172=PLANE('',#3886);
#173=PLANE('',#3890);
#174=PLANE('',#3891);
#175=PLANE('',#3892);
#176=PLANE('',#3900);
#177=PLANE('',#3901);
#178=PLANE('',#3902);
#179=PLANE('',#3905);
#180=PLANE('',#3918);
#181=PLANE('',#3919);
#182=PLANE('',#3920);
#183=PLANE('',#3921);
#184=PLANE('',#3922);
#185=PLANE('',#3923);
#186=PLANE('',#3924);
#187=PLANE('',#3925);
#188=PLANE('',#3926);
#189=PLANE('',#3928);
#190=PLANE('',#3929);
#191=PLANE('',#3931);
#192=PLANE('',#3932);
#193=PLANE('',#3934);
#194=PLANE('',#3935);
#195=PLANE('',#3936);
#196=PLANE('',#3937);
#197=PLANE('',#3938);
#198=PLANE('',#3939);
#199=PLANE('',#3940);
#200=PLANE('',#3941);
#201=PLANE('',#3942);
#202=PLANE('',#3943);
#203=PLANE('',#3947);
#204=PLANE('',#3949);
#205=PLANE('',#3951);
#206=PLANE('',#3952);
#207=PLANE('',#3954);
#208=PLANE('',#3958);
#209=PLANE('',#3959);
#210=PLANE('',#3962);
#211=PLANE('',#3963);
#212=PLANE('',#3966);
#213=PLANE('',#3967);
#214=PLANE('',#3970);
#215=PLANE('',#3971);
#216=PLANE('',#3972);
#217=PLANE('',#3978);
#218=PLANE('',#3979);
#219=PLANE('',#3985);
#220=PLANE('',#3986);
#221=PLANE('',#3987);
#222=PLANE('',#3988);
#223=PLANE('',#3989);
#224=PLANE('',#3990);
#225=PLANE('',#3991);
#226=PLANE('',#3994);
#227=PLANE('',#4003);
#228=PLANE('',#4005);
#229=PLANE('',#4006);
#230=PLANE('',#4007);
#231=PLANE('',#4008);
#232=PLANE('',#4009);
#233=PLANE('',#4010);
#234=PLANE('',#4011);
#235=PLANE('',#4015);
#236=PLANE('',#4016);
#237=PLANE('',#4017);
#238=PLANE('',#4020);
#239=PLANE('',#4023);
#240=PLANE('',#4025);
#241=PLANE('',#4027);
#242=PLANE('',#4030);
#243=PLANE('',#4034);
#244=PLANE('',#4036);
#245=PLANE('',#4038);
#246=PLANE('',#4053);
#247=PLANE('',#4075);
#248=PLANE('',#4078);
#249=PLANE('',#4093);
#250=PLANE('',#4097);
#251=PLANE('',#4102);
#252=PLANE('',#4104);
#253=PLANE('',#4105);
#254=PLANE('',#4107);
#255=PLANE('',#4109);
#256=FACE_OUTER_BOUND('',#456,.T.);
#257=FACE_OUTER_BOUND('',#457,.T.);
#258=FACE_OUTER_BOUND('',#458,.T.);
#259=FACE_OUTER_BOUND('',#459,.T.);
#260=FACE_OUTER_BOUND('',#460,.T.);
#261=FACE_OUTER_BOUND('',#461,.T.);
#262=FACE_OUTER_BOUND('',#462,.T.);
#263=FACE_OUTER_BOUND('',#463,.T.);
#264=FACE_OUTER_BOUND('',#464,.T.);
#265=FACE_OUTER_BOUND('',#465,.T.);
#266=FACE_OUTER_BOUND('',#466,.T.);
#267=FACE_OUTER_BOUND('',#467,.T.);
#268=FACE_OUTER_BOUND('',#468,.T.);
#269=FACE_OUTER_BOUND('',#469,.T.);
#270=FACE_OUTER_BOUND('',#470,.T.);
#271=FACE_OUTER_BOUND('',#471,.T.);
#272=FACE_OUTER_BOUND('',#472,.T.);
#273=FACE_OUTER_BOUND('',#474,.T.);
#274=FACE_OUTER_BOUND('',#475,.T.);
#275=FACE_OUTER_BOUND('',#476,.T.);
#276=FACE_OUTER_BOUND('',#477,.T.);
#277=FACE_OUTER_BOUND('',#478,.T.);
#278=FACE_OUTER_BOUND('',#479,.T.);
#279=FACE_OUTER_BOUND('',#480,.T.);
#280=FACE_OUTER_BOUND('',#482,.T.);
#281=FACE_OUTER_BOUND('',#483,.T.);
#282=FACE_OUTER_BOUND('',#484,.T.);
#283=FACE_OUTER_BOUND('',#485,.T.);
#284=FACE_OUTER_BOUND('',#486,.T.);
#285=FACE_OUTER_BOUND('',#487,.T.);
#286=FACE_OUTER_BOUND('',#488,.T.);
#287=FACE_OUTER_BOUND('',#489,.T.);
#288=FACE_OUTER_BOUND('',#490,.T.);
#289=FACE_OUTER_BOUND('',#491,.T.);
#290=FACE_OUTER_BOUND('',#492,.T.);
#291=FACE_OUTER_BOUND('',#494,.T.);
#292=FACE_OUTER_BOUND('',#495,.T.);
#293=FACE_OUTER_BOUND('',#497,.T.);
#294=FACE_OUTER_BOUND('',#498,.T.);
#295=FACE_OUTER_BOUND('',#499,.T.);
#296=FACE_OUTER_BOUND('',#500,.T.);
#297=FACE_OUTER_BOUND('',#501,.T.);
#298=FACE_OUTER_BOUND('',#502,.T.);
#299=FACE_OUTER_BOUND('',#503,.T.);
#300=FACE_OUTER_BOUND('',#504,.T.);
#301=FACE_OUTER_BOUND('',#505,.T.);
#302=FACE_OUTER_BOUND('',#506,.T.);
#303=FACE_OUTER_BOUND('',#507,.T.);
#304=FACE_OUTER_BOUND('',#508,.T.);
#305=FACE_OUTER_BOUND('',#509,.T.);
#306=FACE_OUTER_BOUND('',#510,.T.);
#307=FACE_OUTER_BOUND('',#511,.T.);
#308=FACE_OUTER_BOUND('',#512,.T.);
#309=FACE_OUTER_BOUND('',#515,.T.);
#310=FACE_OUTER_BOUND('',#516,.T.);
#311=FACE_OUTER_BOUND('',#518,.T.);
#312=FACE_OUTER_BOUND('',#519,.T.);
#313=FACE_OUTER_BOUND('',#521,.T.);
#314=FACE_OUTER_BOUND('',#522,.T.);
#315=FACE_OUTER_BOUND('',#523,.T.);
#316=FACE_OUTER_BOUND('',#524,.T.);
#317=FACE_OUTER_BOUND('',#525,.T.);
#318=FACE_OUTER_BOUND('',#526,.T.);
#319=FACE_OUTER_BOUND('',#531,.T.);
#320=FACE_OUTER_BOUND('',#532,.T.);
#321=FACE_OUTER_BOUND('',#533,.T.);
#322=FACE_OUTER_BOUND('',#534,.T.);
#323=FACE_OUTER_BOUND('',#540,.T.);
#324=FACE_OUTER_BOUND('',#542,.T.);
#325=FACE_OUTER_BOUND('',#543,.T.);
#326=FACE_OUTER_BOUND('',#545,.T.);
#327=FACE_OUTER_BOUND('',#546,.T.);
#328=FACE_OUTER_BOUND('',#549,.T.);
#329=FACE_OUTER_BOUND('',#550,.T.);
#330=FACE_OUTER_BOUND('',#551,.T.);
#331=FACE_OUTER_BOUND('',#552,.T.);
#332=FACE_OUTER_BOUND('',#553,.T.);
#333=FACE_OUTER_BOUND('',#554,.T.);
#334=FACE_OUTER_BOUND('',#555,.T.);
#335=FACE_OUTER_BOUND('',#556,.T.);
#336=FACE_OUTER_BOUND('',#557,.T.);
#337=FACE_OUTER_BOUND('',#558,.T.);
#338=FACE_OUTER_BOUND('',#559,.T.);
#339=FACE_OUTER_BOUND('',#560,.T.);
#340=FACE_OUTER_BOUND('',#561,.T.);
#341=FACE_OUTER_BOUND('',#562,.T.);
#342=FACE_OUTER_BOUND('',#563,.T.);
#343=FACE_OUTER_BOUND('',#564,.T.);
#344=FACE_OUTER_BOUND('',#565,.T.);
#345=FACE_OUTER_BOUND('',#566,.T.);
#346=FACE_OUTER_BOUND('',#567,.T.);
#347=FACE_OUTER_BOUND('',#568,.T.);
#348=FACE_OUTER_BOUND('',#569,.T.);
#349=FACE_OUTER_BOUND('',#570,.T.);
#350=FACE_OUTER_BOUND('',#571,.T.);
#351=FACE_OUTER_BOUND('',#572,.T.);
#352=FACE_OUTER_BOUND('',#574,.T.);
#353=FACE_OUTER_BOUND('',#575,.T.);
#354=FACE_OUTER_BOUND('',#576,.T.);
#355=FACE_OUTER_BOUND('',#577,.T.);
#356=FACE_OUTER_BOUND('',#578,.T.);
#357=FACE_OUTER_BOUND('',#579,.T.);
#358=FACE_OUTER_BOUND('',#580,.T.);
#359=FACE_OUTER_BOUND('',#582,.T.);
#360=FACE_OUTER_BOUND('',#583,.T.);
#361=FACE_OUTER_BOUND('',#584,.T.);
#362=FACE_OUTER_BOUND('',#585,.T.);
#363=FACE_OUTER_BOUND('',#586,.T.);
#364=FACE_OUTER_BOUND('',#587,.T.);
#365=FACE_OUTER_BOUND('',#588,.T.);
#366=FACE_OUTER_BOUND('',#589,.T.);
#367=FACE_OUTER_BOUND('',#590,.T.);
#368=FACE_OUTER_BOUND('',#591,.T.);
#369=FACE_OUTER_BOUND('',#592,.T.);
#370=FACE_OUTER_BOUND('',#594,.T.);
#371=FACE_OUTER_BOUND('',#595,.T.);
#372=FACE_OUTER_BOUND('',#597,.T.);
#373=FACE_OUTER_BOUND('',#598,.T.);
#374=FACE_OUTER_BOUND('',#599,.T.);
#375=FACE_OUTER_BOUND('',#600,.T.);
#376=FACE_OUTER_BOUND('',#601,.T.);
#377=FACE_OUTER_BOUND('',#602,.T.);
#378=FACE_OUTER_BOUND('',#603,.T.);
#379=FACE_OUTER_BOUND('',#604,.T.);
#380=FACE_OUTER_BOUND('',#605,.T.);
#381=FACE_OUTER_BOUND('',#606,.T.);
#382=FACE_OUTER_BOUND('',#607,.T.);
#383=FACE_OUTER_BOUND('',#608,.T.);
#384=FACE_OUTER_BOUND('',#609,.T.);
#385=FACE_OUTER_BOUND('',#610,.T.);
#386=FACE_OUTER_BOUND('',#611,.T.);
#387=FACE_OUTER_BOUND('',#612,.T.);
#388=FACE_OUTER_BOUND('',#615,.T.);
#389=FACE_OUTER_BOUND('',#616,.T.);
#390=FACE_OUTER_BOUND('',#618,.T.);
#391=FACE_OUTER_BOUND('',#619,.T.);
#392=FACE_OUTER_BOUND('',#621,.T.);
#393=FACE_OUTER_BOUND('',#622,.T.);
#394=FACE_OUTER_BOUND('',#623,.T.);
#395=FACE_OUTER_BOUND('',#624,.T.);
#396=FACE_OUTER_BOUND('',#625,.T.);
#397=FACE_OUTER_BOUND('',#626,.T.);
#398=FACE_OUTER_BOUND('',#631,.T.);
#399=FACE_OUTER_BOUND('',#632,.T.);
#400=FACE_OUTER_BOUND('',#633,.T.);
#401=FACE_OUTER_BOUND('',#634,.T.);
#402=FACE_OUTER_BOUND('',#640,.T.);
#403=FACE_OUTER_BOUND('',#642,.T.);
#404=FACE_OUTER_BOUND('',#643,.T.);
#405=FACE_OUTER_BOUND('',#645,.T.);
#406=FACE_OUTER_BOUND('',#646,.T.);
#407=FACE_OUTER_BOUND('',#649,.T.);
#408=FACE_OUTER_BOUND('',#650,.T.);
#409=FACE_OUTER_BOUND('',#651,.T.);
#410=FACE_OUTER_BOUND('',#652,.T.);
#411=FACE_OUTER_BOUND('',#653,.T.);
#412=FACE_OUTER_BOUND('',#654,.T.);
#413=FACE_OUTER_BOUND('',#655,.T.);
#414=FACE_OUTER_BOUND('',#656,.T.);
#415=FACE_OUTER_BOUND('',#658,.T.);
#416=FACE_OUTER_BOUND('',#659,.T.);
#417=FACE_OUTER_BOUND('',#660,.T.);
#418=FACE_OUTER_BOUND('',#662,.T.);
#419=FACE_OUTER_BOUND('',#664,.T.);
#420=FACE_OUTER_BOUND('',#665,.T.);
#421=FACE_OUTER_BOUND('',#666,.T.);
#422=FACE_OUTER_BOUND('',#668,.T.);
#423=FACE_OUTER_BOUND('',#669,.T.);
#424=FACE_OUTER_BOUND('',#670,.T.);
#425=FACE_OUTER_BOUND('',#671,.T.);
#426=FACE_OUTER_BOUND('',#672,.T.);
#427=FACE_OUTER_BOUND('',#673,.T.);
#428=FACE_OUTER_BOUND('',#674,.T.);
#429=FACE_OUTER_BOUND('',#682,.T.);
#430=FACE_OUTER_BOUND('',#683,.T.);
#431=FACE_OUTER_BOUND('',#684,.T.);
#432=FACE_OUTER_BOUND('',#685,.T.);
#433=FACE_OUTER_BOUND('',#686,.T.);
#434=FACE_OUTER_BOUND('',#687,.T.);
#435=FACE_OUTER_BOUND('',#688,.T.);
#436=FACE_OUTER_BOUND('',#693,.T.);
#437=FACE_OUTER_BOUND('',#694,.T.);
#438=FACE_OUTER_BOUND('',#695,.T.);
#439=FACE_OUTER_BOUND('',#696,.T.);
#440=FACE_OUTER_BOUND('',#697,.T.);
#441=FACE_OUTER_BOUND('',#698,.T.);
#442=FACE_OUTER_BOUND('',#699,.T.);
#443=FACE_OUTER_BOUND('',#700,.T.);
#444=FACE_OUTER_BOUND('',#701,.T.);
#445=FACE_OUTER_BOUND('',#702,.T.);
#446=FACE_OUTER_BOUND('',#703,.T.);
#447=FACE_OUTER_BOUND('',#704,.T.);
#448=FACE_OUTER_BOUND('',#705,.T.);
#449=FACE_OUTER_BOUND('',#706,.T.);
#450=FACE_OUTER_BOUND('',#707,.T.);
#451=FACE_OUTER_BOUND('',#708,.T.);
#452=FACE_OUTER_BOUND('',#709,.T.);
#453=FACE_OUTER_BOUND('',#710,.T.);
#454=FACE_OUTER_BOUND('',#711,.T.);
#455=FACE_OUTER_BOUND('',#712,.T.);
#456=EDGE_LOOP('',(#2446,#2447,#2448,#2449));
#457=EDGE_LOOP('',(#2450,#2451,#2452,#2453));
#458=EDGE_LOOP('',(#2454,#2455,#2456,#2457));
#459=EDGE_LOOP('',(#2458,#2459,#2460,#2461,#2462,#2463,#2464,#2465));
#460=EDGE_LOOP('',(#2466,#2467,#2468,#2469,#2470,#2471,#2472,#2473,#2474,
#2475,#2476,#2477,#2478,#2479,#2480,#2481));
#461=EDGE_LOOP('',(#2482));
#462=EDGE_LOOP('',(#2483,#2484,#2485,#2486));
#463=EDGE_LOOP('',(#2487,#2488,#2489,#2490));
#464=EDGE_LOOP('',(#2491,#2492,#2493,#2494,#2495,#2496,#2497,#2498,#2499));
#465=EDGE_LOOP('',(#2500,#2501,#2502,#2503));
#466=EDGE_LOOP('',(#2504,#2505,#2506,#2507));
#467=EDGE_LOOP('',(#2508,#2509,#2510,#2511,#2512));
#468=EDGE_LOOP('',(#2513,#2514,#2515,#2516));
#469=EDGE_LOOP('',(#2517,#2518,#2519,#2520,#2521));
#470=EDGE_LOOP('',(#2522,#2523,#2524,#2525));
#471=EDGE_LOOP('',(#2526,#2527,#2528,#2529));
#472=EDGE_LOOP('',(#2530,#2531,#2532,#2533));
#473=EDGE_LOOP('',(#2534));
#474=EDGE_LOOP('',(#2535,#2536,#2537,#2538));
#475=EDGE_LOOP('',(#2539,#2540,#2541,#2542));
#476=EDGE_LOOP('',(#2543,#2544,#2545,#2546));
#477=EDGE_LOOP('',(#2547,#2548,#2549,#2550));
#478=EDGE_LOOP('',(#2551,#2552,#2553,#2554));
#479=EDGE_LOOP('',(#2555,#2556,#2557,#2558));
#480=EDGE_LOOP('',(#2559,#2560,#2561,#2562));
#481=EDGE_LOOP('',(#2563));
#482=EDGE_LOOP('',(#2564,#2565,#2566,#2567));
#483=EDGE_LOOP('',(#2568,#2569,#2570,#2571));
#484=EDGE_LOOP('',(#2572,#2573,#2574,#2575));
#485=EDGE_LOOP('',(#2576,#2577,#2578,#2579,#2580));
#486=EDGE_LOOP('',(#2581,#2582,#2583,#2584));
#487=EDGE_LOOP('',(#2585,#2586,#2587,#2588,#2589));
#488=EDGE_LOOP('',(#2590,#2591,#2592,#2593));
#489=EDGE_LOOP('',(#2594,#2595,#2596,#2597,#2598,#2599,#2600,#2601));
#490=EDGE_LOOP('',(#2602,#2603,#2604,#2605,#2606,#2607,#2608,#2609,#2610));
#491=EDGE_LOOP('',(#2611));
#492=EDGE_LOOP('',(#2612,#2613,#2614,#2615));
#493=EDGE_LOOP('',(#2616));
#494=EDGE_LOOP('',(#2617,#2618,#2619,#2620));
#495=EDGE_LOOP('',(#2621,#2622,#2623,#2624));
#496=EDGE_LOOP('',(#2625));
#497=EDGE_LOOP('',(#2626,#2627,#2628,#2629));
#498=EDGE_LOOP('',(#2630,#2631,#2632,#2633));
#499=EDGE_LOOP('',(#2634,#2635,#2636,#2637));
#500=EDGE_LOOP('',(#2638,#2639,#2640,#2641));
#501=EDGE_LOOP('',(#2642,#2643,#2644,#2645));
#502=EDGE_LOOP('',(#2646,#2647,#2648,#2649));
#503=EDGE_LOOP('',(#2650,#2651,#2652,#2653));
#504=EDGE_LOOP('',(#2654,#2655,#2656,#2657));
#505=EDGE_LOOP('',(#2658,#2659,#2660,#2661));
#506=EDGE_LOOP('',(#2662,#2663,#2664,#2665));
#507=EDGE_LOOP('',(#2666,#2667,#2668,#2669));
#508=EDGE_LOOP('',(#2670,#2671,#2672,#2673));
#509=EDGE_LOOP('',(#2674,#2675,#2676,#2677));
#510=EDGE_LOOP('',(#2678,#2679,#2680,#2681));
#511=EDGE_LOOP('',(#2682,#2683,#2684,#2685));
#512=EDGE_LOOP('',(#2686,#2687,#2688,#2689,#2690,#2691,#2692,#2693));
#513=EDGE_LOOP('',(#2694));
#514=EDGE_LOOP('',(#2695));
#515=EDGE_LOOP('',(#2696,#2697,#2698,#2699));
#516=EDGE_LOOP('',(#2700,#2701,#2702,#2703));
#517=EDGE_LOOP('',(#2704));
#518=EDGE_LOOP('',(#2705,#2706,#2707,#2708));
#519=EDGE_LOOP('',(#2709,#2710,#2711,#2712));
#520=EDGE_LOOP('',(#2713));
#521=EDGE_LOOP('',(#2714,#2715,#2716,#2717));
#522=EDGE_LOOP('',(#2718));
#523=EDGE_LOOP('',(#2719,#2720,#2721,#2722));
#524=EDGE_LOOP('',(#2723,#2724,#2725,#2726));
#525=EDGE_LOOP('',(#2727,#2728,#2729,#2730,#2731,#2732,#2733,#2734,#2735));
#526=EDGE_LOOP('',(#2736,#2737,#2738,#2739));
#527=EDGE_LOOP('',(#2740,#2741,#2742,#2743));
#528=EDGE_LOOP('',(#2744,#2745,#2746,#2747));
#529=EDGE_LOOP('',(#2748,#2749,#2750,#2751));
#530=EDGE_LOOP('',(#2752,#2753,#2754,#2755));
#531=EDGE_LOOP('',(#2756,#2757,#2758,#2759));
#532=EDGE_LOOP('',(#2760,#2761,#2762,#2763));
#533=EDGE_LOOP('',(#2764,#2765,#2766,#2767,#2768,#2769,#2770,#2771,#2772));
#534=EDGE_LOOP('',(#2773,#2774,#2775,#2776));
#535=EDGE_LOOP('',(#2777,#2778,#2779,#2780,#2781,#2782,#2783,#2784,#2785,
#2786,#2787,#2788,#2789,#2790,#2791,#2792,#2793,#2794,#2795,#2796));
#536=EDGE_LOOP('',(#2797,#2798,#2799,#2800));
#537=EDGE_LOOP('',(#2801,#2802,#2803,#2804));
#538=EDGE_LOOP('',(#2805,#2806,#2807,#2808));
#539=EDGE_LOOP('',(#2809,#2810,#2811,#2812));
#540=EDGE_LOOP('',(#2813,#2814,#2815,#2816));
#541=EDGE_LOOP('',(#2817));
#542=EDGE_LOOP('',(#2818,#2819,#2820,#2821));
#543=EDGE_LOOP('',(#2822,#2823,#2824,#2825));
#544=EDGE_LOOP('',(#2826));
#545=EDGE_LOOP('',(#2827,#2828,#2829,#2830));
#546=EDGE_LOOP('',(#2831,#2832,#2833,#2834,#2835,#2836,#2837,#2838));
#547=EDGE_LOOP('',(#2839));
#548=EDGE_LOOP('',(#2840));
#549=EDGE_LOOP('',(#2841));
#550=EDGE_LOOP('',(#2842,#2843,#2844,#2845,#2846,#2847));
#551=EDGE_LOOP('',(#2848,#2849,#2850,#2851));
#552=EDGE_LOOP('',(#2852,#2853));
#553=EDGE_LOOP('',(#2854,#2855,#2856,#2857,#2858,#2859,#2860,#2861));
#554=EDGE_LOOP('',(#2862,#2863,#2864,#2865));
#555=EDGE_LOOP('',(#2866,#2867,#2868,#2869));
#556=EDGE_LOOP('',(#2870,#2871,#2872,#2873));
#557=EDGE_LOOP('',(#2874,#2875,#2876,#2877));
#558=EDGE_LOOP('',(#2878,#2879,#2880,#2881));
#559=EDGE_LOOP('',(#2882,#2883,#2884,#2885,#2886,#2887,#2888,#2889));
#560=EDGE_LOOP('',(#2890,#2891,#2892,#2893,#2894,#2895,#2896,#2897,#2898,
#2899,#2900,#2901,#2902,#2903,#2904,#2905));
#561=EDGE_LOOP('',(#2906));
#562=EDGE_LOOP('',(#2907,#2908,#2909,#2910));
#563=EDGE_LOOP('',(#2911,#2912,#2913,#2914));
#564=EDGE_LOOP('',(#2915,#2916,#2917,#2918,#2919,#2920,#2921,#2922,#2923));
#565=EDGE_LOOP('',(#2924,#2925,#2926,#2927));
#566=EDGE_LOOP('',(#2928,#2929,#2930,#2931));
#567=EDGE_LOOP('',(#2932,#2933,#2934,#2935,#2936));
#568=EDGE_LOOP('',(#2937,#2938,#2939,#2940));
#569=EDGE_LOOP('',(#2941,#2942,#2943,#2944,#2945));
#570=EDGE_LOOP('',(#2946,#2947,#2948,#2949));
#571=EDGE_LOOP('',(#2950,#2951,#2952,#2953));
#572=EDGE_LOOP('',(#2954,#2955,#2956,#2957));
#573=EDGE_LOOP('',(#2958));
#574=EDGE_LOOP('',(#2959,#2960,#2961,#2962));
#575=EDGE_LOOP('',(#2963,#2964,#2965,#2966));
#576=EDGE_LOOP('',(#2967,#2968,#2969,#2970));
#577=EDGE_LOOP('',(#2971,#2972,#2973,#2974));
#578=EDGE_LOOP('',(#2975,#2976,#2977,#2978));
#579=EDGE_LOOP('',(#2979,#2980,#2981,#2982));
#580=EDGE_LOOP('',(#2983,#2984,#2985,#2986));
#581=EDGE_LOOP('',(#2987));
#582=EDGE_LOOP('',(#2988,#2989,#2990,#2991));
#583=EDGE_LOOP('',(#2992,#2993,#2994,#2995));
#584=EDGE_LOOP('',(#2996,#2997,#2998,#2999));
#585=EDGE_LOOP('',(#3000,#3001,#3002,#3003,#3004));
#586=EDGE_LOOP('',(#3005,#3006,#3007,#3008));
#587=EDGE_LOOP('',(#3009,#3010,#3011,#3012,#3013));
#588=EDGE_LOOP('',(#3014,#3015,#3016,#3017));
#589=EDGE_LOOP('',(#3018,#3019,#3020,#3021,#3022,#3023,#3024,#3025));
#590=EDGE_LOOP('',(#3026,#3027,#3028,#3029,#3030,#3031,#3032,#3033,#3034));
#591=EDGE_LOOP('',(#3035));
#592=EDGE_LOOP('',(#3036,#3037,#3038,#3039));
#593=EDGE_LOOP('',(#3040));
#594=EDGE_LOOP('',(#3041,#3042,#3043,#3044));
#595=EDGE_LOOP('',(#3045,#3046,#3047,#3048));
#596=EDGE_LOOP('',(#3049));
#597=EDGE_LOOP('',(#3050,#3051,#3052,#3053));
#598=EDGE_LOOP('',(#3054,#3055,#3056,#3057));
#599=EDGE_LOOP('',(#3058,#3059,#3060,#3061));
#600=EDGE_LOOP('',(#3062,#3063,#3064,#3065));
#601=EDGE_LOOP('',(#3066,#3067,#3068,#3069));
#602=EDGE_LOOP('',(#3070,#3071,#3072,#3073));
#603=EDGE_LOOP('',(#3074,#3075,#3076,#3077));
#604=EDGE_LOOP('',(#3078,#3079,#3080,#3081));
#605=EDGE_LOOP('',(#3082,#3083,#3084,#3085));
#606=EDGE_LOOP('',(#3086,#3087,#3088,#3089));
#607=EDGE_LOOP('',(#3090,#3091,#3092,#3093));
#608=EDGE_LOOP('',(#3094,#3095,#3096,#3097));
#609=EDGE_LOOP('',(#3098,#3099,#3100,#3101));
#610=EDGE_LOOP('',(#3102,#3103,#3104,#3105));
#611=EDGE_LOOP('',(#3106,#3107,#3108,#3109));
#612=EDGE_LOOP('',(#3110,#3111,#3112,#3113,#3114,#3115,#3116,#3117));
#613=EDGE_LOOP('',(#3118));
#614=EDGE_LOOP('',(#3119));
#615=EDGE_LOOP('',(#3120,#3121,#3122,#3123));
#616=EDGE_LOOP('',(#3124,#3125,#3126,#3127));
#617=EDGE_LOOP('',(#3128));
#618=EDGE_LOOP('',(#3129,#3130,#3131,#3132));
#619=EDGE_LOOP('',(#3133,#3134,#3135,#3136));
#620=EDGE_LOOP('',(#3137));
#621=EDGE_LOOP('',(#3138,#3139,#3140,#3141));
#622=EDGE_LOOP('',(#3142));
#623=EDGE_LOOP('',(#3143,#3144,#3145,#3146));
#624=EDGE_LOOP('',(#3147,#3148,#3149,#3150));
#625=EDGE_LOOP('',(#3151,#3152,#3153,#3154,#3155,#3156,#3157,#3158,#3159));
#626=EDGE_LOOP('',(#3160,#3161,#3162,#3163));
#627=EDGE_LOOP('',(#3164,#3165,#3166,#3167));
#628=EDGE_LOOP('',(#3168,#3169,#3170,#3171));
#629=EDGE_LOOP('',(#3172,#3173,#3174,#3175));
#630=EDGE_LOOP('',(#3176,#3177,#3178,#3179));
#631=EDGE_LOOP('',(#3180,#3181,#3182,#3183));
#632=EDGE_LOOP('',(#3184,#3185,#3186,#3187));
#633=EDGE_LOOP('',(#3188,#3189,#3190,#3191,#3192,#3193,#3194,#3195,#3196));
#634=EDGE_LOOP('',(#3197,#3198,#3199,#3200));
#635=EDGE_LOOP('',(#3201,#3202,#3203,#3204,#3205,#3206,#3207,#3208,#3209,
#3210,#3211,#3212,#3213,#3214,#3215,#3216,#3217,#3218,#3219,#3220));
#636=EDGE_LOOP('',(#3221,#3222,#3223,#3224));
#637=EDGE_LOOP('',(#3225,#3226,#3227,#3228));
#638=EDGE_LOOP('',(#3229,#3230,#3231,#3232));
#639=EDGE_LOOP('',(#3233,#3234,#3235,#3236));
#640=EDGE_LOOP('',(#3237,#3238,#3239,#3240));
#641=EDGE_LOOP('',(#3241));
#642=EDGE_LOOP('',(#3242,#3243,#3244,#3245));
#643=EDGE_LOOP('',(#3246,#3247,#3248,#3249));
#644=EDGE_LOOP('',(#3250));
#645=EDGE_LOOP('',(#3251,#3252,#3253,#3254));
#646=EDGE_LOOP('',(#3255,#3256,#3257,#3258,#3259,#3260,#3261,#3262));
#647=EDGE_LOOP('',(#3263));
#648=EDGE_LOOP('',(#3264));
#649=EDGE_LOOP('',(#3265));
#650=EDGE_LOOP('',(#3266,#3267,#3268,#3269,#3270,#3271));
#651=EDGE_LOOP('',(#3272,#3273,#3274,#3275));
#652=EDGE_LOOP('',(#3276,#3277));
#653=EDGE_LOOP('',(#3278,#3279,#3280,#3281,#3282,#3283,#3284,#3285));
#654=EDGE_LOOP('',(#3286,#3287,#3288,#3289));
#655=EDGE_LOOP('',(#3290,#3291,#3292,#3293));
#656=EDGE_LOOP('',(#3294));
#657=EDGE_LOOP('',(#3295));
#658=EDGE_LOOP('',(#3296));
#659=EDGE_LOOP('',(#3297));
#660=EDGE_LOOP('',(#3298));
#661=EDGE_LOOP('',(#3299));
#662=EDGE_LOOP('',(#3300,#3301));
#663=EDGE_LOOP('',(#3302));
#664=EDGE_LOOP('',(#3303));
#665=EDGE_LOOP('',(#3304));
#666=EDGE_LOOP('',(#3305));
#667=EDGE_LOOP('',(#3306));
#668=EDGE_LOOP('',(#3307,#3308,#3309,#3310));
#669=EDGE_LOOP('',(#3311,#3312,#3313,#3314));
#670=EDGE_LOOP('',(#3315,#3316,#3317,#3318));
#671=EDGE_LOOP('',(#3319,#3320,#3321,#3322));
#672=EDGE_LOOP('',(#3323,#3324,#3325,#3326));
#673=EDGE_LOOP('',(#3327,#3328,#3329,#3330));
#674=EDGE_LOOP('',(#3331,#3332,#3333,#3334,#3335,#3336,#3337,#3338,#3339,
#3340,#3341,#3342,#3343,#3344,#3345,#3346,#3347,#3348,#3349,#3350,#3351,
#3352));
#675=EDGE_LOOP('',(#3353));
#676=EDGE_LOOP('',(#3354));
#677=EDGE_LOOP('',(#3355));
#678=EDGE_LOOP('',(#3356));
#679=EDGE_LOOP('',(#3357));
#680=EDGE_LOOP('',(#3358));
#681=EDGE_LOOP('',(#3359));
#682=EDGE_LOOP('',(#3360,#3361,#3362,#3363));
#683=EDGE_LOOP('',(#3364,#3365,#3366,#3367));
#684=EDGE_LOOP('',(#3368,#3369,#3370,#3371));
#685=EDGE_LOOP('',(#3372,#3373,#3374,#3375));
#686=EDGE_LOOP('',(#3376,#3377,#3378,#3379));
#687=EDGE_LOOP('',(#3380,#3381,#3382,#3383));
#688=EDGE_LOOP('',(#3384,#3385,#3386,#3387,#3388,#3389,#3390,#3391,#3392,
#3393,#3394,#3395,#3396,#3397,#3398,#3399,#3400,#3401,#3402,#3403));
#689=EDGE_LOOP('',(#3404));
#690=EDGE_LOOP('',(#3405));
#691=EDGE_LOOP('',(#3406));
#692=EDGE_LOOP('',(#3407));
#693=EDGE_LOOP('',(#3408,#3409,#3410,#3411));
#694=EDGE_LOOP('',(#3412,#3413,#3414,#3415));
#695=EDGE_LOOP('',(#3416,#3417,#3418,#3419));
#696=EDGE_LOOP('',(#3420,#3421,#3422,#3423));
#697=EDGE_LOOP('',(#3424,#3425,#3426,#3427));
#698=EDGE_LOOP('',(#3428,#3429,#3430,#3431));
#699=EDGE_LOOP('',(#3432,#3433,#3434,#3435));
#700=EDGE_LOOP('',(#3436,#3437,#3438,#3439));
#701=EDGE_LOOP('',(#3440,#3441,#3442,#3443));
#702=EDGE_LOOP('',(#3444,#3445,#3446,#3447));
#703=EDGE_LOOP('',(#3448,#3449,#3450,#3451));
#704=EDGE_LOOP('',(#3452,#3453,#3454,#3455));
#705=EDGE_LOOP('',(#3456,#3457,#3458,#3459));
#706=EDGE_LOOP('',(#3460,#3461,#3462,#3463));
#707=EDGE_LOOP('',(#3464,#3465,#3466,#3467,#3468,#3469,#3470,#3471));
#708=EDGE_LOOP('',(#3472,#3473,#3474,#3475));
#709=EDGE_LOOP('',(#3476,#3477,#3478,#3479));
#710=EDGE_LOOP('',(#3480,#3481,#3482,#3483));
#711=EDGE_LOOP('',(#3484,#3485,#3486,#3487));
#712=EDGE_LOOP('',(#3488,#3489,#3490,#3491));
#713=LINE('',#5186,#1078);
#714=LINE('',#5189,#1079);
#715=LINE('',#5195,#1080);
#716=LINE('',#5198,#1081);
#717=LINE('',#5200,#1082);
#718=LINE('',#5201,#1083);
#719=LINE('',#5204,#1084);
#720=LINE('',#5206,#1085);
#721=LINE('',#5208,#1086);
#722=LINE('',#5210,#1087);
#723=LINE('',#5212,#1088);
#724=LINE('',#5214,#1089);
#725=LINE('',#5215,#1090);
#726=LINE('',#5218,#1091);
#727=LINE('',#5220,#1092);
#728=LINE('',#5224,#1093);
#729=LINE('',#5226,#1094);
#730=LINE('',#5228,#1095);
#731=LINE('',#5230,#1096);
#732=LINE('',#5232,#1097);
#733=LINE('',#5234,#1098);
#734=LINE('',#5236,#1099);
#735=LINE('',#5239,#1100);
#736=LINE('',#5247,#1101);
#737=LINE('',#5252,#1102);
#738=LINE('',#5256,#1103);
#739=LINE('',#5274,#1104);
#740=LINE('',#5277,#1105);
#741=LINE('',#5279,#1106);
#742=LINE('',#5281,#1107);
#743=LINE('',#5282,#1108);
#744=LINE('',#5286,#1109);
#745=LINE('',#5288,#1110);
#746=LINE('',#5290,#1111);
#747=LINE('',#5291,#1112);
#748=LINE('',#5293,#1113);
#749=LINE('',#5294,#1114);
#750=LINE('',#5296,#1115);
#751=LINE('',#5298,#1116);
#752=LINE('',#5303,#1117);
#753=LINE('',#5305,#1118);
#754=LINE('',#5307,#1119);
#755=LINE('',#5308,#1120);
#756=LINE('',#5311,#1121);
#757=LINE('',#5313,#1122);
#758=LINE('',#5314,#1123);
#759=LINE('',#5317,#1124);
#760=LINE('',#5320,#1125);
#761=LINE('',#5323,#1126);
#762=LINE('',#5328,#1127);
#763=LINE('',#5332,#1128);
#764=LINE('',#5338,#1129);
#765=LINE('',#5343,#1130);
#766=LINE('',#5345,#1131);
#767=LINE('',#5346,#1132);
#768=LINE('',#5348,#1133);
#769=LINE('',#5349,#1134);
#770=LINE('',#5352,#1135);
#771=LINE('',#5353,#1136);
#772=LINE('',#5357,#1137);
#773=LINE('',#5359,#1138);
#774=LINE('',#5361,#1139);
#775=LINE('',#5362,#1140);
#776=LINE('',#5365,#1141);
#777=LINE('',#5367,#1142);
#778=LINE('',#5368,#1143);
#779=LINE('',#5371,#1144);
#780=LINE('',#5373,#1145);
#781=LINE('',#5374,#1146);
#782=LINE('',#5377,#1147);
#783=LINE('',#5379,#1148);
#784=LINE('',#5380,#1149);
#785=LINE('',#5382,#1150);
#786=LINE('',#5383,#1151);
#787=LINE('',#5386,#1152);
#788=LINE('',#5388,#1153);
#789=LINE('',#5389,#1154);
#790=LINE('',#5393,#1155);
#791=LINE('',#5396,#1156);
#792=LINE('',#5404,#1157);
#793=LINE('',#5406,#1158);
#794=LINE('',#5408,#1159);
#795=LINE('',#5409,#1160);
#796=LINE('',#5414,#1161);
#797=LINE('',#5416,#1162);
#798=LINE('',#5417,#1163);
#799=LINE('',#5420,#1164);
#800=LINE('',#5422,#1165);
#801=LINE('',#5423,#1166);
#802=LINE('',#5427,#1167);
#803=LINE('',#5428,#1168);
#804=LINE('',#5432,#1169);
#805=LINE('',#5434,#1170);
#806=LINE('',#5436,#1171);
#807=LINE('',#5440,#1172);
#808=LINE('',#5444,#1173);
#809=LINE('',#5448,#1174);
#810=LINE('',#5450,#1175);
#811=LINE('',#5451,#1176);
#812=LINE('',#5455,#1177);
#813=LINE('',#5459,#1178);
#814=LINE('',#5470,#1179);
#815=LINE('',#5471,#1180);
#816=LINE('',#5475,#1181);
#817=LINE('',#5478,#1182);
#818=LINE('',#5479,#1183);
#819=LINE('',#5482,#1184);
#820=LINE('',#5483,#1185);
#821=LINE('',#5488,#1186);
#822=LINE('',#5494,#1187);
#823=LINE('',#5502,#1188);
#824=LINE('',#5508,#1189);
#825=LINE('',#5512,#1190);
#826=LINE('',#5517,#1191);
#827=LINE('',#5522,#1192);
#828=LINE('',#5524,#1193);
#829=LINE('',#5526,#1194);
#830=LINE('',#5527,#1195);
#831=LINE('',#5530,#1196);
#832=LINE('',#5532,#1197);
#833=LINE('',#5533,#1198);
#834=LINE('',#5536,#1199);
#835=LINE('',#5538,#1200);
#836=LINE('',#5539,#1201);
#837=LINE('',#5541,#1202);
#838=LINE('',#5542,#1203);
#839=LINE('',#5545,#1204);
#840=LINE('',#5548,#1205);
#841=LINE('',#5550,#1206);
#842=LINE('',#5551,#1207);
#843=LINE('',#5554,#1208);
#844=LINE('',#5557,#1209);
#845=LINE('',#5560,#1210);
#846=LINE('',#5562,#1211);
#847=LINE('',#5564,#1212);
#848=LINE('',#5565,#1213);
#849=LINE('',#5570,#1214);
#850=LINE('',#5576,#1215);
#851=LINE('',#5581,#1216);
#852=LINE('',#5583,#1217);
#853=LINE('',#5587,#1218);
#854=LINE('',#5589,#1219);
#855=LINE('',#5590,#1220);
#856=LINE('',#5593,#1221);
#857=LINE('',#5595,#1222);
#858=LINE('',#5597,#1223);
#859=LINE('',#5598,#1224);
#860=LINE('',#5600,#1225);
#861=LINE('',#5601,#1226);
#862=LINE('',#5603,#1227);
#863=LINE('',#5605,#1228);
#864=LINE('',#5611,#1229);
#865=LINE('',#5614,#1230);
#866=LINE('',#5617,#1231);
#867=LINE('',#5620,#1232);
#868=LINE('',#5622,#1233);
#869=LINE('',#5624,#1234);
#870=LINE('',#5626,#1235);
#871=LINE('',#5633,#1236);
#872=LINE('',#5636,#1237);
#873=LINE('',#5642,#1238);
#874=LINE('',#5645,#1239);
#875=LINE('',#5647,#1240);
#876=LINE('',#5648,#1241);
#877=LINE('',#5651,#1242);
#878=LINE('',#5653,#1243);
#879=LINE('',#5655,#1244);
#880=LINE('',#5657,#1245);
#881=LINE('',#5659,#1246);
#882=LINE('',#5661,#1247);
#883=LINE('',#5662,#1248);
#884=LINE('',#5665,#1249);
#885=LINE('',#5669,#1250);
#886=LINE('',#5671,#1251);
#887=LINE('',#5673,#1252);
#888=LINE('',#5675,#1253);
#889=LINE('',#5677,#1254);
#890=LINE('',#5679,#1255);
#891=LINE('',#5681,#1256);
#892=LINE('',#5685,#1257);
#893=LINE('',#5686,#1258);
#894=LINE('',#5694,#1259);
#895=LINE('',#5699,#1260);
#896=LINE('',#5703,#1261);
#897=LINE('',#5707,#1262);
#898=LINE('',#5724,#1263);
#899=LINE('',#5726,#1264);
#900=LINE('',#5728,#1265);
#901=LINE('',#5729,#1266);
#902=LINE('',#5733,#1267);
#903=LINE('',#5735,#1268);
#904=LINE('',#5737,#1269);
#905=LINE('',#5738,#1270);
#906=LINE('',#5740,#1271);
#907=LINE('',#5741,#1272);
#908=LINE('',#5743,#1273);
#909=LINE('',#5745,#1274);
#910=LINE('',#5750,#1275);
#911=LINE('',#5752,#1276);
#912=LINE('',#5754,#1277);
#913=LINE('',#5755,#1278);
#914=LINE('',#5758,#1279);
#915=LINE('',#5760,#1280);
#916=LINE('',#5761,#1281);
#917=LINE('',#5764,#1282);
#918=LINE('',#5766,#1283);
#919=LINE('',#5770,#1284);
#920=LINE('',#5772,#1285);
#921=LINE('',#5778,#1286);
#922=LINE('',#5782,#1287);
#923=LINE('',#5790,#1288);
#924=LINE('',#5792,#1289);
#925=LINE('',#5793,#1290);
#926=LINE('',#5795,#1291);
#927=LINE('',#5796,#1292);
#928=LINE('',#5799,#1293);
#929=LINE('',#5800,#1294);
#930=LINE('',#5804,#1295);
#931=LINE('',#5806,#1296);
#932=LINE('',#5808,#1297);
#933=LINE('',#5809,#1298);
#934=LINE('',#5812,#1299);
#935=LINE('',#5814,#1300);
#936=LINE('',#5815,#1301);
#937=LINE('',#5818,#1302);
#938=LINE('',#5820,#1303);
#939=LINE('',#5821,#1304);
#940=LINE('',#5824,#1305);
#941=LINE('',#5826,#1306);
#942=LINE('',#5827,#1307);
#943=LINE('',#5829,#1308);
#944=LINE('',#5830,#1309);
#945=LINE('',#5834,#1310);
#946=LINE('',#5835,#1311);
#947=LINE('',#5836,#1312);
#948=LINE('',#5840,#1313);
#949=LINE('',#5843,#1314);
#950=LINE('',#5851,#1315);
#951=LINE('',#5853,#1316);
#952=LINE('',#5855,#1317);
#953=LINE('',#5856,#1318);
#954=LINE('',#5861,#1319);
#955=LINE('',#5863,#1320);
#956=LINE('',#5864,#1321);
#957=LINE('',#5867,#1322);
#958=LINE('',#5869,#1323);
#959=LINE('',#5870,#1324);
#960=LINE('',#5874,#1325);
#961=LINE('',#5875,#1326);
#962=LINE('',#5879,#1327);
#963=LINE('',#5881,#1328);
#964=LINE('',#5883,#1329);
#965=LINE('',#5887,#1330);
#966=LINE('',#5891,#1331);
#967=LINE('',#5895,#1332);
#968=LINE('',#5897,#1333);
#969=LINE('',#5898,#1334);
#970=LINE('',#5902,#1335);
#971=LINE('',#5906,#1336);
#972=LINE('',#5917,#1337);
#973=LINE('',#5918,#1338);
#974=LINE('',#5922,#1339);
#975=LINE('',#5925,#1340);
#976=LINE('',#5926,#1341);
#977=LINE('',#5929,#1342);
#978=LINE('',#5930,#1343);
#979=LINE('',#5935,#1344);
#980=LINE('',#5941,#1345);
#981=LINE('',#5949,#1346);
#982=LINE('',#5955,#1347);
#983=LINE('',#5957,#1348);
#984=LINE('',#5964,#1349);
#985=LINE('',#5969,#1350);
#986=LINE('',#5971,#1351);
#987=LINE('',#5973,#1352);
#988=LINE('',#5974,#1353);
#989=LINE('',#5977,#1354);
#990=LINE('',#5979,#1355);
#991=LINE('',#5980,#1356);
#992=LINE('',#5983,#1357);
#993=LINE('',#5985,#1358);
#994=LINE('',#5986,#1359);
#995=LINE('',#5988,#1360);
#996=LINE('',#5989,#1361);
#997=LINE('',#5992,#1362);
#998=LINE('',#5995,#1363);
#999=LINE('',#5997,#1364);
#1000=LINE('',#5998,#1365);
#1001=LINE('',#6001,#1366);
#1002=LINE('',#6004,#1367);
#1003=LINE('',#6007,#1368);
#1004=LINE('',#6009,#1369);
#1005=LINE('',#6011,#1370);
#1006=LINE('',#6012,#1371);
#1007=LINE('',#6017,#1372);
#1008=LINE('',#6023,#1373);
#1009=LINE('',#6027,#1374);
#1010=LINE('',#6030,#1375);
#1011=LINE('',#6032,#1376);
#1012=LINE('',#6034,#1377);
#1013=LINE('',#6036,#1378);
#1014=LINE('',#6040,#1379);
#1015=LINE('',#6042,#1380);
#1016=LINE('',#6044,#1381);
#1017=LINE('',#6045,#1382);
#1018=LINE('',#6047,#1383);
#1019=LINE('',#6048,#1384);
#1020=LINE('',#6050,#1385);
#1021=LINE('',#6052,#1386);
#1022=LINE('',#6058,#1387);
#1023=LINE('',#6060,#1388);
#1024=LINE('',#6064,#1389);
#1025=LINE('',#6067,#1390);
#1026=LINE('',#6069,#1391);
#1027=LINE('',#6071,#1392);
#1028=LINE('',#6073,#1393);
#1029=LINE('',#6112,#1394);
#1030=LINE('',#6116,#1395);
#1031=LINE('',#6120,#1396);
#1032=LINE('',#6124,#1397);
#1033=LINE('',#6128,#1398);
#1034=LINE('',#6134,#1399);
#1035=LINE('',#6135,#1400);
#1036=LINE('',#6140,#1401);
#1037=LINE('',#6146,#1402);
#1038=LINE('',#6152,#1403);
#1039=LINE('',#6156,#1404);
#1040=LINE('',#6160,#1405);
#1041=LINE('',#6166,#1406);
#1042=LINE('',#6172,#1407);
#1043=LINE('',#6176,#1408);
#1044=LINE('',#6183,#1409);
#1045=LINE('',#6185,#1410);
#1046=LINE('',#6188,#1411);
#1047=LINE('',#6191,#1412);
#1048=LINE('',#6195,#1413);
#1049=LINE('',#6198,#1414);
#1050=LINE('',#6199,#1415);
#1051=LINE('',#6204,#1416);
#1052=LINE('',#6205,#1417);
#1053=LINE('',#6208,#1418);
#1054=LINE('',#6212,#1419);
#1055=LINE('',#6215,#1420);
#1056=LINE('',#6219,#1421);
#1057=LINE('',#6225,#1422);
#1058=LINE('',#6229,#1423);
#1059=LINE('',#6233,#1424);
#1060=LINE('',#6246,#1425);
#1061=LINE('',#6248,#1426);
#1062=LINE('',#6250,#1427);
#1063=LINE('',#6251,#1428);
#1064=LINE('',#6254,#1429);
#1065=LINE('',#6255,#1430);
#1066=LINE('',#6257,#1431);
#1067=LINE('',#6260,#1432);
#1068=LINE('',#6262,#1433);
#1069=LINE('',#6264,#1434);
#1070=LINE('',#6266,#1435);
#1071=LINE('',#6268,#1436);
#1072=LINE('',#6271,#1437);
#1073=LINE('',#6273,#1438);
#1074=LINE('',#6274,#1439);
#1075=LINE('',#6276,#1440);
#1076=LINE('',#6280,#1441);
#1077=LINE('',#6282,#1442);
#1078=VECTOR('',#4126,10.);
#1079=VECTOR('',#4129,10.);
#1080=VECTOR('',#4134,10.);
#1081=VECTOR('',#4137,10.);
#1082=VECTOR('',#4140,10.);
#1083=VECTOR('',#4141,10.);
#1084=VECTOR('',#4144,10.);
#1085=VECTOR('',#4145,10.);
#1086=VECTOR('',#4146,10.);
#1087=VECTOR('',#4147,10.);
#1088=VECTOR('',#4148,10.);
#1089=VECTOR('',#4149,10.);
#1090=VECTOR('',#4150,10.);
#1091=VECTOR('',#4153,10.);
#1092=VECTOR('',#4154,10.);
#1093=VECTOR('',#4157,10.);
#1094=VECTOR('',#4158,10.);
#1095=VECTOR('',#4159,10.);
#1096=VECTOR('',#4160,10.);
#1097=VECTOR('',#4161,10.);
#1098=VECTOR('',#4162,10.);
#1099=VECTOR('',#4163,10.);
#1100=VECTOR('',#4166,10.);
#1101=VECTOR('',#4175,1.59992317138907);
#1102=VECTOR('',#4182,1.59992317138907);
#1103=VECTOR('',#4185,10.);
#1104=VECTOR('',#4194,10.);
#1105=VECTOR('',#4199,10.);
#1106=VECTOR('',#4200,10.);
#1107=VECTOR('',#4201,10.);
#1108=VECTOR('',#4202,10.);
#1109=VECTOR('',#4205,10.);
#1110=VECTOR('',#4206,10.);
#1111=VECTOR('',#4207,10.);
#1112=VECTOR('',#4208,10.);
#1113=VECTOR('',#4211,10.);
#1114=VECTOR('',#4212,10.);
#1115=VECTOR('',#4215,10.);
#1116=VECTOR('',#4218,10.);
#1117=VECTOR('',#4223,10.);
#1118=VECTOR('',#4224,10.);
#1119=VECTOR('',#4225,10.);
#1120=VECTOR('',#4226,10.);
#1121=VECTOR('',#4229,10.);
#1122=VECTOR('',#4230,10.);
#1123=VECTOR('',#4231,10.);
#1124=VECTOR('',#4234,10.);
#1125=VECTOR('',#4237,10.);
#1126=VECTOR('',#4240,10.);
#1127=VECTOR('',#4241,10.);
#1128=VECTOR('',#4246,10.);
#1129=VECTOR('',#4249,10.);
#1130=VECTOR('',#4256,10.);
#1131=VECTOR('',#4257,10.);
#1132=VECTOR('',#4258,10.);
#1133=VECTOR('',#4261,10.);
#1134=VECTOR('',#4262,10.);
#1135=VECTOR('',#4265,10.);
#1136=VECTOR('',#4266,10.);
#1137=VECTOR('',#4269,10.);
#1138=VECTOR('',#4270,10.);
#1139=VECTOR('',#4271,10.);
#1140=VECTOR('',#4272,10.);
#1141=VECTOR('',#4275,10.);
#1142=VECTOR('',#4276,10.);
#1143=VECTOR('',#4277,10.);
#1144=VECTOR('',#4280,10.);
#1145=VECTOR('',#4281,10.);
#1146=VECTOR('',#4282,10.);
#1147=VECTOR('',#4285,10.);
#1148=VECTOR('',#4286,10.);
#1149=VECTOR('',#4287,10.);
#1150=VECTOR('',#4290,10.);
#1151=VECTOR('',#4291,10.);
#1152=VECTOR('',#4296,10.);
#1153=VECTOR('',#4297,10.);
#1154=VECTOR('',#4298,10.);
#1155=VECTOR('',#4301,10.);
#1156=VECTOR('',#4304,10.);
#1157=VECTOR('',#4313,10.);
#1158=VECTOR('',#4314,10.);
#1159=VECTOR('',#4315,10.);
#1160=VECTOR('',#4316,10.);
#1161=VECTOR('',#4321,10.);
#1162=VECTOR('',#4322,10.);
#1163=VECTOR('',#4323,10.);
#1164=VECTOR('',#4326,10.);
#1165=VECTOR('',#4327,10.);
#1166=VECTOR('',#4328,10.);
#1167=VECTOR('',#4333,10.);
#1168=VECTOR('',#4334,10.);
#1169=VECTOR('',#4339,1.5999807564933);
#1170=VECTOR('',#4342,1.5999807564933);
#1171=VECTOR('',#4345,10.);
#1172=VECTOR('',#4348,10.);
#1173=VECTOR('',#4351,10.);
#1174=VECTOR('',#4356,10.);
#1175=VECTOR('',#4357,10.);
#1176=VECTOR('',#4358,10.);
#1177=VECTOR('',#4361,10.);
#1178=VECTOR('',#4364,10.);
#1179=VECTOR('',#4371,10.);
#1180=VECTOR('',#4372,10.);
#1181=VECTOR('',#4377,10.);
#1182=VECTOR('',#4380,10.);
#1183=VECTOR('',#4381,10.);
#1184=VECTOR('',#4384,10.);
#1185=VECTOR('',#4385,10.);
#1186=VECTOR('',#4390,10.);
#1187=VECTOR('',#4397,1.59998075649327);
#1188=VECTOR('',#4402,10.);
#1189=VECTOR('',#4405,10.);
#1190=VECTOR('',#4410,10.);
#1191=VECTOR('',#4415,1.59998075649327);
#1192=VECTOR('',#4420,10.);
#1193=VECTOR('',#4421,10.);
#1194=VECTOR('',#4422,10.);
#1195=VECTOR('',#4423,10.);
#1196=VECTOR('',#4426,10.);
#1197=VECTOR('',#4427,10.);
#1198=VECTOR('',#4428,10.);
#1199=VECTOR('',#4431,10.);
#1200=VECTOR('',#4432,10.);
#1201=VECTOR('',#4433,10.);
#1202=VECTOR('',#4436,10.);
#1203=VECTOR('',#4437,10.);
#1204=VECTOR('',#4442,10.);
#1205=VECTOR('',#4445,10.);
#1206=VECTOR('',#4446,10.);
#1207=VECTOR('',#4447,10.);
#1208=VECTOR('',#4450,10.);
#1209=VECTOR('',#4455,10.);
#1210=VECTOR('',#4456,10.);
#1211=VECTOR('',#4457,10.);
#1212=VECTOR('',#4458,10.);
#1213=VECTOR('',#4459,10.);
#1214=VECTOR('',#4464,1.5999807564933);
#1215=VECTOR('',#4471,1.5999807564933);
#1216=VECTOR('',#4478,10.);
#1217=VECTOR('',#4481,10.);
#1218=VECTOR('',#4484,10.);
#1219=VECTOR('',#4485,10.);
#1220=VECTOR('',#4486,10.);
#1221=VECTOR('',#4487,10.);
#1222=VECTOR('',#4488,10.);
#1223=VECTOR('',#4489,10.);
#1224=VECTOR('',#4490,10.);
#1225=VECTOR('',#4493,10.);
#1226=VECTOR('',#4494,10.);
#1227=VECTOR('',#4497,10.);
#1228=VECTOR('',#4500,10.);
#1229=VECTOR('',#4509,10.);
#1230=VECTOR('',#4512,10.);
#1231=VECTOR('',#4515,10.);
#1232=VECTOR('',#4518,10.);
#1233=VECTOR('',#4521,10.);
#1234=VECTOR('',#4524,10.);
#1235=VECTOR('',#4527,10.);
#1236=VECTOR('',#4534,10.);
#1237=VECTOR('',#4537,10.);
#1238=VECTOR('',#4542,10.);
#1239=VECTOR('',#4545,10.);
#1240=VECTOR('',#4548,10.);
#1241=VECTOR('',#4549,10.);
#1242=VECTOR('',#4552,10.);
#1243=VECTOR('',#4553,10.);
#1244=VECTOR('',#4554,10.);
#1245=VECTOR('',#4555,10.);
#1246=VECTOR('',#4556,10.);
#1247=VECTOR('',#4557,10.);
#1248=VECTOR('',#4558,10.);
#1249=VECTOR('',#4561,10.);
#1250=VECTOR('',#4564,10.);
#1251=VECTOR('',#4565,10.);
#1252=VECTOR('',#4566,10.);
#1253=VECTOR('',#4567,10.);
#1254=VECTOR('',#4568,10.);
#1255=VECTOR('',#4569,10.);
#1256=VECTOR('',#4570,10.);
#1257=VECTOR('',#4573,10.);
#1258=VECTOR('',#4574,10.);
#1259=VECTOR('',#4583,1.59992317138907);
#1260=VECTOR('',#4590,1.59992317138907);
#1261=VECTOR('',#4593,10.);
#1262=VECTOR('',#4596,10.);
#1263=VECTOR('',#4607,10.);
#1264=VECTOR('',#4608,10.);
#1265=VECTOR('',#4609,10.);
#1266=VECTOR('',#4610,10.);
#1267=VECTOR('',#4613,10.);
#1268=VECTOR('',#4614,10.);
#1269=VECTOR('',#4615,10.);
#1270=VECTOR('',#4616,10.);
#1271=VECTOR('',#4619,10.);
#1272=VECTOR('',#4620,10.);
#1273=VECTOR('',#4623,10.);
#1274=VECTOR('',#4626,10.);
#1275=VECTOR('',#4631,10.);
#1276=VECTOR('',#4632,10.);
#1277=VECTOR('',#4633,10.);
#1278=VECTOR('',#4634,10.);
#1279=VECTOR('',#4637,10.);
#1280=VECTOR('',#4638,10.);
#1281=VECTOR('',#4639,10.);
#1282=VECTOR('',#4642,10.);
#1283=VECTOR('',#4643,10.);
#1284=VECTOR('',#4648,10.);
#1285=VECTOR('',#4649,10.);
#1286=VECTOR('',#4652,10.);
#1287=VECTOR('',#4657,10.);
#1288=VECTOR('',#4664,10.);
#1289=VECTOR('',#4665,10.);
#1290=VECTOR('',#4666,10.);
#1291=VECTOR('',#4669,10.);
#1292=VECTOR('',#4670,10.);
#1293=VECTOR('',#4673,10.);
#1294=VECTOR('',#4674,10.);
#1295=VECTOR('',#4677,10.);
#1296=VECTOR('',#4678,10.);
#1297=VECTOR('',#4679,10.);
#1298=VECTOR('',#4680,10.);
#1299=VECTOR('',#4683,10.);
#1300=VECTOR('',#4684,10.);
#1301=VECTOR('',#4685,10.);
#1302=VECTOR('',#4688,10.);
#1303=VECTOR('',#4689,10.);
#1304=VECTOR('',#4690,10.);
#1305=VECTOR('',#4693,10.);
#1306=VECTOR('',#4694,10.);
#1307=VECTOR('',#4695,10.);
#1308=VECTOR('',#4698,10.);
#1309=VECTOR('',#4699,10.);
#1310=VECTOR('',#4704,10.);
#1311=VECTOR('',#4705,10.);
#1312=VECTOR('',#4706,10.);
#1313=VECTOR('',#4709,10.);
#1314=VECTOR('',#4712,10.);
#1315=VECTOR('',#4721,10.);
#1316=VECTOR('',#4722,10.);
#1317=VECTOR('',#4723,10.);
#1318=VECTOR('',#4724,10.);
#1319=VECTOR('',#4729,10.);
#1320=VECTOR('',#4730,10.);
#1321=VECTOR('',#4731,10.);
#1322=VECTOR('',#4734,10.);
#1323=VECTOR('',#4735,10.);
#1324=VECTOR('',#4736,10.);
#1325=VECTOR('',#4741,10.);
#1326=VECTOR('',#4742,10.);
#1327=VECTOR('',#4747,1.5999807564933);
#1328=VECTOR('',#4750,1.5999807564933);
#1329=VECTOR('',#4753,10.);
#1330=VECTOR('',#4756,10.);
#1331=VECTOR('',#4759,10.);
#1332=VECTOR('',#4764,10.);
#1333=VECTOR('',#4765,10.);
#1334=VECTOR('',#4766,10.);
#1335=VECTOR('',#4769,10.);
#1336=VECTOR('',#4772,10.);
#1337=VECTOR('',#4779,10.);
#1338=VECTOR('',#4780,10.);
#1339=VECTOR('',#4785,10.);
#1340=VECTOR('',#4788,10.);
#1341=VECTOR('',#4789,10.);
#1342=VECTOR('',#4792,10.);
#1343=VECTOR('',#4793,10.);
#1344=VECTOR('',#4798,10.);
#1345=VECTOR('',#4805,1.59998075649327);
#1346=VECTOR('',#4810,10.);
#1347=VECTOR('',#4813,10.);
#1348=VECTOR('',#4814,10.);
#1349=VECTOR('',#4823,1.59998075649327);
#1350=VECTOR('',#4828,10.);
#1351=VECTOR('',#4829,10.);
#1352=VECTOR('',#4830,10.);
#1353=VECTOR('',#4831,10.);
#1354=VECTOR('',#4834,10.);
#1355=VECTOR('',#4835,10.);
#1356=VECTOR('',#4836,10.);
#1357=VECTOR('',#4839,10.);
#1358=VECTOR('',#4840,10.);
#1359=VECTOR('',#4841,10.);
#1360=VECTOR('',#4844,10.);
#1361=VECTOR('',#4845,10.);
#1362=VECTOR('',#4850,10.);
#1363=VECTOR('',#4853,10.);
#1364=VECTOR('',#4854,10.);
#1365=VECTOR('',#4855,10.);
#1366=VECTOR('',#4858,10.);
#1367=VECTOR('',#4863,10.);
#1368=VECTOR('',#4864,10.);
#1369=VECTOR('',#4865,10.);
#1370=VECTOR('',#4866,10.);
#1371=VECTOR('',#4867,10.);
#1372=VECTOR('',#4872,1.5999807564933);
#1373=VECTOR('',#4879,1.5999807564933);
#1374=VECTOR('',#4884,10.);
#1375=VECTOR('',#4889,10.);
#1376=VECTOR('',#4890,10.);
#1377=VECTOR('',#4891,10.);
#1378=VECTOR('',#4892,10.);
#1379=VECTOR('',#4895,10.);
#1380=VECTOR('',#4896,10.);
#1381=VECTOR('',#4897,10.);
#1382=VECTOR('',#4898,10.);
#1383=VECTOR('',#4901,10.);
#1384=VECTOR('',#4902,10.);
#1385=VECTOR('',#4905,10.);
#1386=VECTOR('',#4908,10.);
#1387=VECTOR('',#4917,10.);
#1388=VECTOR('',#4918,10.);
#1389=VECTOR('',#4923,10.);
#1390=VECTOR('',#4926,10.);
#1391=VECTOR('',#4929,10.);
#1392=VECTOR('',#4932,10.);
#1393=VECTOR('',#4935,10.);
#1394=VECTOR('',#4984,2.6);
#1395=VECTOR('',#4989,2.6);
#1396=VECTOR('',#4994,2.6);
#1397=VECTOR('',#4999,2.6);
#1398=VECTOR('',#5004,4.25);
#1399=VECTOR('',#5011,10.);
#1400=VECTOR('',#5012,10.);
#1401=VECTOR('',#5017,10.);
#1402=VECTOR('',#5022,10.);
#1403=VECTOR('',#5027,10.);
#1404=VECTOR('',#5030,10.);
#1405=VECTOR('',#5033,10.);
#1406=VECTOR('',#5038,10.);
#1407=VECTOR('',#5043,10.);
#1408=VECTOR('',#5046,10.);
#1409=VECTOR('',#5055,4.25);
#1410=VECTOR('',#5058,4.25);
#1411=VECTOR('',#5061,10.);
#1412=VECTOR('',#5064,10.);
#1413=VECTOR('',#5069,10.);
#1414=VECTOR('',#5072,10.);
#1415=VECTOR('',#5073,10.);
#1416=VECTOR('',#5078,10.);
#1417=VECTOR('',#5079,10.);
#1418=VECTOR('',#5082,10.);
#1419=VECTOR('',#5085,10.);
#1420=VECTOR('',#5088,10.);
#1421=VECTOR('',#5091,10.);
#1422=VECTOR('',#5096,10.);
#1423=VECTOR('',#5099,10.);
#1424=VECTOR('',#5102,10.);
#1425=VECTOR('',#5117,10.);
#1426=VECTOR('',#5120,10.);
#1427=VECTOR('',#5123,10.);
#1428=VECTOR('',#5124,10.);
#1429=VECTOR('',#5129,10.);
#1430=VECTOR('',#5130,10.);
#1431=VECTOR('',#5133,10.);
#1432=VECTOR('',#5138,2.60031323100246);
#1433=VECTOR('',#5141,2.59918864784292);
#1434=VECTOR('',#5144,10.);
#1435=VECTOR('',#5147,10.);
#1436=VECTOR('',#5150,10.);
#1437=VECTOR('',#5155,10.);
#1438=VECTOR('',#5158,10.);
#1439=VECTOR('',#5159,10.);
#1440=VECTOR('',#5162,10.);
#1441=VECTOR('',#5169,2.60031323100246);
#1442=VECTOR('',#5172,2.60124523337932);
#1443=CIRCLE('',#3770,0.999999999999996);
#1444=CIRCLE('',#3771,0.999999999999996);
#1445=CIRCLE('',#3773,0.999999999999996);
#1446=CIRCLE('',#3774,0.999999999999996);
#1447=CIRCLE('',#3778,0.999999999999996);
#1448=CIRCLE('',#3779,0.999999999999995);
#1449=CIRCLE('',#3781,1.59992317138907);
#1450=CIRCLE('',#3783,1.59992317138907);
#1451=CIRCLE('',#3784,1.59992317138907);
#1452=CIRCLE('',#3786,1.59992317138907);
#1453=CIRCLE('',#3788,0.999999999999999);
#1454=CIRCLE('',#3789,0.999999999999999);
#1455=CIRCLE('',#3790,0.999999999999999);
#1456=CIRCLE('',#3792,0.999999999999999);
#1457=CIRCLE('',#3805,1.);
#1458=CIRCLE('',#3808,1.);
#1459=CIRCLE('',#3820,1.);
#1460=CIRCLE('',#3821,1.);
#1461=CIRCLE('',#3823,1.5999807564933);
#1462=CIRCLE('',#3825,1.5999807564933);
#1463=CIRCLE('',#3828,1.5999807564933);
#1464=CIRCLE('',#3831,1.5999807564933);
#1465=CIRCLE('',#3835,0.999999999999999);
#1466=CIRCLE('',#3836,0.999999999999999);
#1467=CIRCLE('',#3839,0.999999999999999);
#1468=CIRCLE('',#3840,0.999999999999999);
#1469=CIRCLE('',#3844,0.999999999999996);
#1470=CIRCLE('',#3851,1.59998075649327);
#1471=CIRCLE('',#3852,1.59998075649327);
#1472=CIRCLE('',#3855,0.999999999999999);
#1473=CIRCLE('',#3856,0.999999999999999);
#1474=CIRCLE('',#3857,1.59998075649327);
#1475=CIRCLE('',#3859,1.59998075649327);
#1476=CIRCLE('',#3868,0.999999999999999);
#1477=CIRCLE('',#3871,1.5999807564933);
#1478=CIRCLE('',#3872,1.5999807564933);
#1479=CIRCLE('',#3874,1.5999807564933);
#1480=CIRCLE('',#3875,1.5999807564933);
#1481=CIRCLE('',#3877,0.999999999999999);
#1482=CIRCLE('',#3879,0.999999999999995);
#1483=CIRCLE('',#3887,1.5999807564933);
#1484=CIRCLE('',#3889,1.5999807564933);
#1485=CIRCLE('',#3895,0.999999999999996);
#1486=CIRCLE('',#3896,0.999999999999996);
#1487=CIRCLE('',#3898,0.999999999999996);
#1488=CIRCLE('',#3899,0.999999999999996);
#1489=CIRCLE('',#3903,0.999999999999995);
#1490=CIRCLE('',#3904,0.999999999999996);
#1491=CIRCLE('',#3906,1.59992317138907);
#1492=CIRCLE('',#3908,1.59992317138907);
#1493=CIRCLE('',#3909,1.59992317138907);
#1494=CIRCLE('',#3911,1.59992317138907);
#1495=CIRCLE('',#3913,0.999999999999999);
#1496=CIRCLE('',#3915,0.999999999999999);
#1497=CIRCLE('',#3916,0.999999999999999);
#1498=CIRCLE('',#3917,0.999999999999999);
#1499=CIRCLE('',#3930,1.);
#1500=CIRCLE('',#3933,1.);
#1501=CIRCLE('',#3945,1.);
#1502=CIRCLE('',#3946,1.);
#1503=CIRCLE('',#3948,1.5999807564933);
#1504=CIRCLE('',#3950,1.5999807564933);
#1505=CIRCLE('',#3953,1.5999807564933);
#1506=CIRCLE('',#3956,1.5999807564933);
#1507=CIRCLE('',#3960,0.999999999999999);
#1508=CIRCLE('',#3961,0.999999999999999);
#1509=CIRCLE('',#3964,0.999999999999999);
#1510=CIRCLE('',#3965,0.999999999999999);
#1511=CIRCLE('',#3969,0.999999999999996);
#1512=CIRCLE('',#3976,1.59998075649327);
#1513=CIRCLE('',#3977,1.59998075649327);
#1514=CIRCLE('',#3980,0.999999999999999);
#1515=CIRCLE('',#3981,0.999999999999999);
#1516=CIRCLE('',#3982,1.59998075649327);
#1517=CIRCLE('',#3984,1.59998075649327);
#1518=CIRCLE('',#3993,0.999999999999999);
#1519=CIRCLE('',#3996,1.5999807564933);
#1520=CIRCLE('',#3997,1.5999807564933);
#1521=CIRCLE('',#3999,1.5999807564933);
#1522=CIRCLE('',#4000,1.5999807564933);
#1523=CIRCLE('',#4002,0.999999999999999);
#1524=CIRCLE('',#4004,0.999999999999995);
#1525=CIRCLE('',#4012,1.5999807564933);
#1526=CIRCLE('',#4014,1.5999807564933);
#1527=CIRCLE('',#4021,4.25);
#1528=CIRCLE('',#4022,2.60031323100246);
#1529=CIRCLE('',#4024,2.6);
#1530=CIRCLE('',#4026,2.6);
#1531=CIRCLE('',#4028,4.25);
#1532=CIRCLE('',#4029,2.60031323100246);
#1533=CIRCLE('',#4031,4.25);
#1534=CIRCLE('',#4032,7.98266049763071);
#1535=CIRCLE('',#4033,2.60124523337932);
#1536=CIRCLE('',#4035,2.6);
#1537=CIRCLE('',#4037,2.6);
#1538=CIRCLE('',#4039,4.25);
#1539=CIRCLE('',#4040,2.59918864784292);
#1540=CIRCLE('',#4042,2.6);
#1541=CIRCLE('',#4044,2.6);
#1542=CIRCLE('',#4046,2.6);
#1543=CIRCLE('',#4048,2.6);
#1544=CIRCLE('',#4050,4.25);
#1545=CIRCLE('',#4052,4.25);
#1546=CIRCLE('',#4054,7.98266049763073);
#1547=CIRCLE('',#4055,5.);
#1548=CIRCLE('',#4056,5.);
#1549=CIRCLE('',#4057,5.);
#1550=CIRCLE('',#4058,5.);
#1551=CIRCLE('',#4059,4.99999999999989);
#1552=CIRCLE('',#4060,5.00000000000035);
#1553=CIRCLE('',#4061,5.);
#1554=CIRCLE('',#4062,5.);
#1555=CIRCLE('',#4063,5.);
#1556=CIRCLE('',#4064,5.);
#1557=CIRCLE('',#4065,5.00000000000047);
#1558=CIRCLE('',#4066,7.98266049763073);
#1559=CIRCLE('',#4067,4.25);
#1560=CIRCLE('',#4068,4.25);
#1561=CIRCLE('',#4072,5.);
#1562=CIRCLE('',#4074,5.);
#1563=CIRCLE('',#4077,5.);
#1564=CIRCLE('',#4079,7.98266049763073);
#1565=CIRCLE('',#4080,5.00000000000047);
#1566=CIRCLE('',#4081,5.);
#1567=CIRCLE('',#4082,5.);
#1568=CIRCLE('',#4083,5.);
#1569=CIRCLE('',#4084,5.00000000000035);
#1570=CIRCLE('',#4085,4.99999999999989);
#1571=CIRCLE('',#4086,5.);
#1572=CIRCLE('',#4087,5.);
#1573=CIRCLE('',#4088,2.60031323100246);
#1574=CIRCLE('',#4089,2.60124523337932);
#1575=CIRCLE('',#4090,2.60031323100246);
#1576=CIRCLE('',#4091,2.59918864784292);
#1577=VERTEX_POINT('',#5182);
#1578=VERTEX_POINT('',#5183);
#1579=VERTEX_POINT('',#5185);
#1580=VERTEX_POINT('',#5187);
#1581=VERTEX_POINT('',#5191);
#1582=VERTEX_POINT('',#5192);
#1583=VERTEX_POINT('',#5194);
#1584=VERTEX_POINT('',#5196);
#1585=VERTEX_POINT('',#5203);
#1586=VERTEX_POINT('',#5205);
#1587=VERTEX_POINT('',#5207);
#1588=VERTEX_POINT('',#5209);
#1589=VERTEX_POINT('',#5211);
#1590=VERTEX_POINT('',#5213);
#1591=VERTEX_POINT('',#5217);
#1592=VERTEX_POINT('',#5219);
#1593=VERTEX_POINT('',#5221);
#1594=VERTEX_POINT('',#5223);
#1595=VERTEX_POINT('',#5225);
#1596=VERTEX_POINT('',#5227);
#1597=VERTEX_POINT('',#5229);
#1598=VERTEX_POINT('',#5231);
#1599=VERTEX_POINT('',#5233);
#1600=VERTEX_POINT('',#5235);
#1601=VERTEX_POINT('',#5237);
#1602=VERTEX_POINT('',#5241);
#1603=VERTEX_POINT('',#5244);
#1604=VERTEX_POINT('',#5246);
#1605=VERTEX_POINT('',#5250);
#1606=VERTEX_POINT('',#5254);
#1607=VERTEX_POINT('',#5255);
#1608=VERTEX_POINT('',#5257);
#1609=VERTEX_POINT('',#5259);
#1610=VERTEX_POINT('',#5263);
#1611=VERTEX_POINT('',#5265);
#1612=VERTEX_POINT('',#5269);
#1613=VERTEX_POINT('',#5271);
#1614=VERTEX_POINT('',#5273);
#1615=VERTEX_POINT('',#5278);
#1616=VERTEX_POINT('',#5280);
#1617=VERTEX_POINT('',#5284);
#1618=VERTEX_POINT('',#5285);
#1619=VERTEX_POINT('',#5287);
#1620=VERTEX_POINT('',#5289);
#1621=VERTEX_POINT('',#5301);
#1622=VERTEX_POINT('',#5302);
#1623=VERTEX_POINT('',#5304);
#1624=VERTEX_POINT('',#5306);
#1625=VERTEX_POINT('',#5310);
#1626=VERTEX_POINT('',#5312);
#1627=VERTEX_POINT('',#5316);
#1628=VERTEX_POINT('',#5318);
#1629=VERTEX_POINT('',#5322);
#1630=VERTEX_POINT('',#5324);
#1631=VERTEX_POINT('',#5330);
#1632=VERTEX_POINT('',#5334);
#1633=VERTEX_POINT('',#5342);
#1634=VERTEX_POINT('',#5344);
#1635=VERTEX_POINT('',#5351);
#1636=VERTEX_POINT('',#5355);
#1637=VERTEX_POINT('',#5356);
#1638=VERTEX_POINT('',#5358);
#1639=VERTEX_POINT('',#5360);
#1640=VERTEX_POINT('',#5364);
#1641=VERTEX_POINT('',#5366);
#1642=VERTEX_POINT('',#5370);
#1643=VERTEX_POINT('',#5372);
#1644=VERTEX_POINT('',#5376);
#1645=VERTEX_POINT('',#5378);
#1646=VERTEX_POINT('',#5387);
#1647=VERTEX_POINT('',#5391);
#1648=VERTEX_POINT('',#5392);
#1649=VERTEX_POINT('',#5394);
#1650=VERTEX_POINT('',#5399);
#1651=VERTEX_POINT('',#5402);
#1652=VERTEX_POINT('',#5403);
#1653=VERTEX_POINT('',#5405);
#1654=VERTEX_POINT('',#5407);
#1655=VERTEX_POINT('',#5410);
#1656=VERTEX_POINT('',#5413);
#1657=VERTEX_POINT('',#5415);
#1658=VERTEX_POINT('',#5419);
#1659=VERTEX_POINT('',#5421);
#1660=VERTEX_POINT('',#5424);
#1661=VERTEX_POINT('',#5430);
#1662=VERTEX_POINT('',#5438);
#1663=VERTEX_POINT('',#5439);
#1664=VERTEX_POINT('',#5441);
#1665=VERTEX_POINT('',#5443);
#1666=VERTEX_POINT('',#5447);
#1667=VERTEX_POINT('',#5449);
#1668=VERTEX_POINT('',#5453);
#1669=VERTEX_POINT('',#5454);
#1670=VERTEX_POINT('',#5456);
#1671=VERTEX_POINT('',#5458);
#1672=VERTEX_POINT('',#5469);
#1673=VERTEX_POINT('',#5473);
#1674=VERTEX_POINT('',#5477);
#1675=VERTEX_POINT('',#5481);
#1676=VERTEX_POINT('',#5485);
#1677=VERTEX_POINT('',#5487);
#1678=VERTEX_POINT('',#5491);
#1679=VERTEX_POINT('',#5493);
#1680=VERTEX_POINT('',#5497);
#1681=VERTEX_POINT('',#5501);
#1682=VERTEX_POINT('',#5507);
#1683=VERTEX_POINT('',#5510);
#1684=VERTEX_POINT('',#5513);
#1685=VERTEX_POINT('',#5516);
#1686=VERTEX_POINT('',#5520);
#1687=VERTEX_POINT('',#5521);
#1688=VERTEX_POINT('',#5523);
#1689=VERTEX_POINT('',#5525);
#1690=VERTEX_POINT('',#5529);
#1691=VERTEX_POINT('',#5531);
#1692=VERTEX_POINT('',#5535);
#1693=VERTEX_POINT('',#5537);
#1694=VERTEX_POINT('',#5547);
#1695=VERTEX_POINT('',#5549);
#1696=VERTEX_POINT('',#5553);
#1697=VERTEX_POINT('',#5558);
#1698=VERTEX_POINT('',#5559);
#1699=VERTEX_POINT('',#5561);
#1700=VERTEX_POINT('',#5563);
#1701=VERTEX_POINT('',#5567);
#1702=VERTEX_POINT('',#5569);
#1703=VERTEX_POINT('',#5573);
#1704=VERTEX_POINT('',#5575);
#1705=VERTEX_POINT('',#5579);
#1706=VERTEX_POINT('',#5584);
#1707=VERTEX_POINT('',#5586);
#1708=VERTEX_POINT('',#5588);
#1709=VERTEX_POINT('',#5591);
#1710=VERTEX_POINT('',#5592);
#1711=VERTEX_POINT('',#5594);
#1712=VERTEX_POINT('',#5596);
#1713=VERTEX_POINT('',#5610);
#1714=VERTEX_POINT('',#5612);
#1715=VERTEX_POINT('',#5616);
#1716=VERTEX_POINT('',#5618);
#1717=VERTEX_POINT('',#5629);
#1718=VERTEX_POINT('',#5630);
#1719=VERTEX_POINT('',#5632);
#1720=VERTEX_POINT('',#5634);
#1721=VERTEX_POINT('',#5638);
#1722=VERTEX_POINT('',#5639);
#1723=VERTEX_POINT('',#5641);
#1724=VERTEX_POINT('',#5643);
#1725=VERTEX_POINT('',#5650);
#1726=VERTEX_POINT('',#5652);
#1727=VERTEX_POINT('',#5654);
#1728=VERTEX_POINT('',#5656);
#1729=VERTEX_POINT('',#5658);
#1730=VERTEX_POINT('',#5660);
#1731=VERTEX_POINT('',#5664);
#1732=VERTEX_POINT('',#5666);
#1733=VERTEX_POINT('',#5668);
#1734=VERTEX_POINT('',#5670);
#1735=VERTEX_POINT('',#5672);
#1736=VERTEX_POINT('',#5674);
#1737=VERTEX_POINT('',#5676);
#1738=VERTEX_POINT('',#5678);
#1739=VERTEX_POINT('',#5680);
#1740=VERTEX_POINT('',#5682);
#1741=VERTEX_POINT('',#5684);
#1742=VERTEX_POINT('',#5688);
#1743=VERTEX_POINT('',#5691);
#1744=VERTEX_POINT('',#5693);
#1745=VERTEX_POINT('',#5697);
#1746=VERTEX_POINT('',#5701);
#1747=VERTEX_POINT('',#5702);
#1748=VERTEX_POINT('',#5704);
#1749=VERTEX_POINT('',#5706);
#1750=VERTEX_POINT('',#5708);
#1751=VERTEX_POINT('',#5710);
#1752=VERTEX_POINT('',#5712);
#1753=VERTEX_POINT('',#5716);
#1754=VERTEX_POINT('',#5718);
#1755=VERTEX_POINT('',#5725);
#1756=VERTEX_POINT('',#5727);
#1757=VERTEX_POINT('',#5731);
#1758=VERTEX_POINT('',#5732);
#1759=VERTEX_POINT('',#5734);
#1760=VERTEX_POINT('',#5736);
#1761=VERTEX_POINT('',#5748);
#1762=VERTEX_POINT('',#5749);
#1763=VERTEX_POINT('',#5751);
#1764=VERTEX_POINT('',#5753);
#1765=VERTEX_POINT('',#5757);
#1766=VERTEX_POINT('',#5759);
#1767=VERTEX_POINT('',#5763);
#1768=VERTEX_POINT('',#5765);
#1769=VERTEX_POINT('',#5769);
#1770=VERTEX_POINT('',#5771);
#1771=VERTEX_POINT('',#5777);
#1772=VERTEX_POINT('',#5781);
#1773=VERTEX_POINT('',#5789);
#1774=VERTEX_POINT('',#5791);
#1775=VERTEX_POINT('',#5798);
#1776=VERTEX_POINT('',#5802);
#1777=VERTEX_POINT('',#5803);
#1778=VERTEX_POINT('',#5805);
#1779=VERTEX_POINT('',#5807);
#1780=VERTEX_POINT('',#5811);
#1781=VERTEX_POINT('',#5813);
#1782=VERTEX_POINT('',#5817);
#1783=VERTEX_POINT('',#5819);
#1784=VERTEX_POINT('',#5823);
#1785=VERTEX_POINT('',#5825);
#1786=VERTEX_POINT('',#5833);
#1787=VERTEX_POINT('',#5838);
#1788=VERTEX_POINT('',#5839);
#1789=VERTEX_POINT('',#5842);
#1790=VERTEX_POINT('',#5846);
#1791=VERTEX_POINT('',#5849);
#1792=VERTEX_POINT('',#5850);
#1793=VERTEX_POINT('',#5852);
#1794=VERTEX_POINT('',#5854);
#1795=VERTEX_POINT('',#5857);
#1796=VERTEX_POINT('',#5860);
#1797=VERTEX_POINT('',#5862);
#1798=VERTEX_POINT('',#5866);
#1799=VERTEX_POINT('',#5868);
#1800=VERTEX_POINT('',#5871);
#1801=VERTEX_POINT('',#5877);
#1802=VERTEX_POINT('',#5885);
#1803=VERTEX_POINT('',#5886);
#1804=VERTEX_POINT('',#5888);
#1805=VERTEX_POINT('',#5890);
#1806=VERTEX_POINT('',#5894);
#1807=VERTEX_POINT('',#5896);
#1808=VERTEX_POINT('',#5900);
#1809=VERTEX_POINT('',#5901);
#1810=VERTEX_POINT('',#5903);
#1811=VERTEX_POINT('',#5905);
#1812=VERTEX_POINT('',#5916);
#1813=VERTEX_POINT('',#5920);
#1814=VERTEX_POINT('',#5924);
#1815=VERTEX_POINT('',#5928);
#1816=VERTEX_POINT('',#5932);
#1817=VERTEX_POINT('',#5934);
#1818=VERTEX_POINT('',#5938);
#1819=VERTEX_POINT('',#5940);
#1820=VERTEX_POINT('',#5944);
#1821=VERTEX_POINT('',#5948);
#1822=VERTEX_POINT('',#5954);
#1823=VERTEX_POINT('',#5956);
#1824=VERTEX_POINT('',#5960);
#1825=VERTEX_POINT('',#5963);
#1826=VERTEX_POINT('',#5967);
#1827=VERTEX_POINT('',#5968);
#1828=VERTEX_POINT('',#5970);
#1829=VERTEX_POINT('',#5972);
#1830=VERTEX_POINT('',#5976);
#1831=VERTEX_POINT('',#5978);
#1832=VERTEX_POINT('',#5982);
#1833=VERTEX_POINT('',#5984);
#1834=VERTEX_POINT('',#5994);
#1835=VERTEX_POINT('',#5996);
#1836=VERTEX_POINT('',#6000);
#1837=VERTEX_POINT('',#6005);
#1838=VERTEX_POINT('',#6006);
#1839=VERTEX_POINT('',#6008);
#1840=VERTEX_POINT('',#6010);
#1841=VERTEX_POINT('',#6014);
#1842=VERTEX_POINT('',#6016);
#1843=VERTEX_POINT('',#6020);
#1844=VERTEX_POINT('',#6022);
#1845=VERTEX_POINT('',#6026);
#1846=VERTEX_POINT('',#6031);
#1847=VERTEX_POINT('',#6033);
#1848=VERTEX_POINT('',#6035);
#1849=VERTEX_POINT('',#6038);
#1850=VERTEX_POINT('',#6039);
#1851=VERTEX_POINT('',#6041);
#1852=VERTEX_POINT('',#6043);
#1853=VERTEX_POINT('',#6057);
#1854=VERTEX_POINT('',#6059);
#1855=VERTEX_POINT('',#6063);
#1856=VERTEX_POINT('',#6065);
#1857=VERTEX_POINT('',#6077);
#1858=VERTEX_POINT('',#6079);
#1859=VERTEX_POINT('',#6082);
#1860=VERTEX_POINT('',#6085);
#1861=VERTEX_POINT('',#6088);
#1862=VERTEX_POINT('',#6090);
#1863=VERTEX_POINT('',#6093);
#1864=VERTEX_POINT('',#6094);
#1865=VERTEX_POINT('',#6097);
#1866=VERTEX_POINT('',#6100);
#1867=VERTEX_POINT('',#6103);
#1868=VERTEX_POINT('',#6106);
#1869=VERTEX_POINT('',#6108);
#1870=VERTEX_POINT('',#6111);
#1871=VERTEX_POINT('',#6115);
#1872=VERTEX_POINT('',#6119);
#1873=VERTEX_POINT('',#6123);
#1874=VERTEX_POINT('',#6127);
#1875=VERTEX_POINT('',#6131);
#1876=VERTEX_POINT('',#6132);
#1877=VERTEX_POINT('',#6137);
#1878=VERTEX_POINT('',#6139);
#1879=VERTEX_POINT('',#6141);
#1880=VERTEX_POINT('',#6143);
#1881=VERTEX_POINT('',#6145);
#1882=VERTEX_POINT('',#6147);
#1883=VERTEX_POINT('',#6149);
#1884=VERTEX_POINT('',#6151);
#1885=VERTEX_POINT('',#6153);
#1886=VERTEX_POINT('',#6155);
#1887=VERTEX_POINT('',#6157);
#1888=VERTEX_POINT('',#6159);
#1889=VERTEX_POINT('',#6161);
#1890=VERTEX_POINT('',#6163);
#1891=VERTEX_POINT('',#6165);
#1892=VERTEX_POINT('',#6167);
#1893=VERTEX_POINT('',#6169);
#1894=VERTEX_POINT('',#6171);
#1895=VERTEX_POINT('',#6173);
#1896=VERTEX_POINT('',#6175);
#1897=VERTEX_POINT('',#6178);
#1898=VERTEX_POINT('',#6180);
#1899=VERTEX_POINT('',#6187);
#1900=VERTEX_POINT('',#6189);
#1901=VERTEX_POINT('',#6193);
#1902=VERTEX_POINT('',#6197);
#1903=VERTEX_POINT('',#6201);
#1904=VERTEX_POINT('',#6202);
#1905=VERTEX_POINT('',#6207);
#1906=VERTEX_POINT('',#6209);
#1907=VERTEX_POINT('',#6211);
#1908=VERTEX_POINT('',#6213);
#1909=VERTEX_POINT('',#6216);
#1910=VERTEX_POINT('',#6218);
#1911=VERTEX_POINT('',#6220);
#1912=VERTEX_POINT('',#6222);
#1913=VERTEX_POINT('',#6224);
#1914=VERTEX_POINT('',#6226);
#1915=VERTEX_POINT('',#6228);
#1916=VERTEX_POINT('',#6230);
#1917=VERTEX_POINT('',#6232);
#1918=VERTEX_POINT('',#6234);
#1919=VERTEX_POINT('',#6237);
#1920=VERTEX_POINT('',#6239);
#1921=VERTEX_POINT('',#6241);
#1922=VERTEX_POINT('',#6243);
#1923=EDGE_CURVE('',#1577,#1578,#1443,.T.);
#1924=EDGE_CURVE('',#1577,#1579,#713,.T.);
#1925=EDGE_CURVE('',#1580,#1579,#1444,.T.);
#1926=EDGE_CURVE('',#1580,#1578,#714,.T.);
#1927=EDGE_CURVE('',#1581,#1582,#1445,.T.);
#1928=EDGE_CURVE('',#1583,#1581,#715,.T.);
#1929=EDGE_CURVE('',#1584,#1583,#1446,.T.);
#1930=EDGE_CURVE('',#1582,#1584,#716,.T.);
#1931=EDGE_CURVE('',#1582,#1577,#717,.T.);
#1932=EDGE_CURVE('',#1579,#1584,#718,.T.);
#1933=EDGE_CURVE('',#1585,#1580,#719,.T.);
#1934=EDGE_CURVE('',#1586,#1585,#720,.T.);
#1935=EDGE_CURVE('',#1586,#1587,#721,.T.);
#1936=EDGE_CURVE('',#1587,#1588,#722,.T.);
#1937=EDGE_CURVE('',#1588,#1589,#723,.T.);
#1938=EDGE_CURVE('',#1589,#1590,#724,.T.);
#1939=EDGE_CURVE('',#1590,#1578,#725,.T.);
#1940=EDGE_CURVE('',#1591,#1583,#726,.T.);
#1941=EDGE_CURVE('',#1592,#1591,#727,.T.);
#1942=EDGE_CURVE('',#1593,#1592,#1447,.T.);
#1943=EDGE_CURVE('',#1594,#1593,#728,.T.);
#1944=EDGE_CURVE('',#1595,#1594,#729,.T.);
#1945=EDGE_CURVE('',#1596,#1595,#730,.T.);
#1946=EDGE_CURVE('',#1597,#1596,#731,.T.);
#1947=EDGE_CURVE('',#1598,#1597,#732,.T.);
#1948=EDGE_CURVE('',#1599,#1598,#733,.T.);
#1949=EDGE_CURVE('',#1600,#1599,#734,.T.);
#1950=EDGE_CURVE('',#1601,#1600,#1448,.T.);
#1951=EDGE_CURVE('',#1585,#1601,#735,.T.);
#1952=EDGE_CURVE('',#1602,#1602,#1449,.T.);
#1953=EDGE_CURVE('',#1603,#1603,#1450,.T.);
#1954=EDGE_CURVE('',#1603,#1604,#736,.T.);
#1955=EDGE_CURVE('',#1604,#1604,#1451,.T.);
#1956=EDGE_CURVE('',#1605,#1605,#1452,.T.);
#1957=EDGE_CURVE('',#1605,#1602,#737,.T.);
#1958=EDGE_CURVE('',#1606,#1607,#738,.T.);
#1959=EDGE_CURVE('',#1607,#1608,#1453,.T.);
#1960=EDGE_CURVE('',#1608,#1609,#98,.T.);
#1961=EDGE_CURVE('',#1609,#1610,#1454,.T.);
#1962=EDGE_CURVE('',#1610,#1611,#99,.T.);
#1963=EDGE_CURVE('',#1612,#1611,#1455,.T.);
#1964=EDGE_CURVE('',#1612,#1613,#90,.F.);
#1965=EDGE_CURVE('',#1614,#1613,#739,.T.);
#1966=EDGE_CURVE('',#1614,#1606,#1456,.T.);
#1967=EDGE_CURVE('',#1587,#1590,#740,.T.);
#1968=EDGE_CURVE('',#1590,#1615,#741,.T.);
#1969=EDGE_CURVE('',#1615,#1616,#742,.T.);
#1970=EDGE_CURVE('',#1616,#1587,#743,.T.);
#1971=EDGE_CURVE('',#1617,#1618,#744,.T.);
#1972=EDGE_CURVE('',#1618,#1619,#745,.T.);
#1973=EDGE_CURVE('',#1619,#1620,#746,.T.);
#1974=EDGE_CURVE('',#1620,#1617,#747,.T.);
#1975=EDGE_CURVE('',#1617,#1588,#748,.T.);
#1976=EDGE_CURVE('',#1618,#1616,#749,.T.);
#1977=EDGE_CURVE('',#1620,#1589,#750,.T.);
#1978=EDGE_CURVE('',#1619,#1615,#751,.T.);
#1979=EDGE_CURVE('',#1621,#1622,#752,.T.);
#1980=EDGE_CURVE('',#1621,#1623,#753,.T.);
#1981=EDGE_CURVE('',#1623,#1624,#754,.T.);
#1982=EDGE_CURVE('',#1622,#1624,#755,.T.);
#1983=EDGE_CURVE('',#1623,#1625,#756,.T.);
#1984=EDGE_CURVE('',#1625,#1626,#757,.T.);
#1985=EDGE_CURVE('',#1624,#1626,#758,.T.);
#1986=EDGE_CURVE('',#1612,#1627,#759,.F.);
#1987=EDGE_CURVE('',#1628,#1627,#91,.F.);
#1988=EDGE_CURVE('',#1613,#1628,#760,.T.);
#1989=EDGE_CURVE('',#1629,#1608,#761,.T.);
#1990=EDGE_CURVE('',#1630,#1629,#100,.T.);
#1991=EDGE_CURVE('',#1609,#1630,#762,.T.);
#1992=EDGE_CURVE('',#1631,#1630,#1457,.T.);
#1993=EDGE_CURVE('',#1610,#1631,#763,.T.);
#1994=EDGE_CURVE('',#1632,#1631,#101,.T.);
#1995=EDGE_CURVE('',#1611,#1632,#764,.T.);
#1996=EDGE_CURVE('',#1632,#1627,#1458,.T.);
#1997=EDGE_CURVE('',#1625,#1633,#765,.T.);
#1998=EDGE_CURVE('',#1633,#1634,#766,.T.);
#1999=EDGE_CURVE('',#1626,#1634,#767,.T.);
#2000=EDGE_CURVE('',#1633,#1621,#768,.T.);
#2001=EDGE_CURVE('',#1634,#1622,#769,.T.);
#2002=EDGE_CURVE('',#1635,#1601,#770,.T.);
#2003=EDGE_CURVE('',#1635,#1586,#771,.T.);
#2004=EDGE_CURVE('',#1636,#1637,#772,.T.);
#2005=EDGE_CURVE('',#1637,#1638,#773,.T.);
#2006=EDGE_CURVE('',#1638,#1639,#774,.T.);
#2007=EDGE_CURVE('',#1639,#1636,#775,.T.);
#2008=EDGE_CURVE('',#1638,#1640,#776,.T.);
#2009=EDGE_CURVE('',#1641,#1640,#777,.T.);
#2010=EDGE_CURVE('',#1639,#1641,#778,.T.);
#2011=EDGE_CURVE('',#1642,#1641,#779,.T.);
#2012=EDGE_CURVE('',#1643,#1642,#780,.T.);
#2013=EDGE_CURVE('',#1636,#1643,#781,.T.);
#2014=EDGE_CURVE('',#1643,#1644,#782,.T.);
#2015=EDGE_CURVE('',#1645,#1642,#783,.T.);
#2016=EDGE_CURVE('',#1644,#1645,#784,.T.);
#2017=EDGE_CURVE('',#1644,#1637,#785,.T.);
#2018=EDGE_CURVE('',#1640,#1645,#786,.T.);
#2019=EDGE_CURVE('',#1581,#1636,#787,.T.);
#2020=EDGE_CURVE('',#1637,#1646,#788,.T.);
#2021=EDGE_CURVE('',#1591,#1646,#789,.T.);
#2022=EDGE_CURVE('',#1647,#1648,#790,.T.);
#2023=EDGE_CURVE('',#1647,#1649,#1459,.T.);
#2024=EDGE_CURVE('',#1649,#1628,#791,.T.);
#2025=EDGE_CURVE('',#1629,#1648,#1460,.T.);
#2026=EDGE_CURVE('',#1650,#1650,#1461,.T.);
#2027=EDGE_CURVE('',#1651,#1652,#792,.T.);
#2028=EDGE_CURVE('',#1652,#1653,#793,.T.);
#2029=EDGE_CURVE('',#1654,#1653,#794,.T.);
#2030=EDGE_CURVE('',#1651,#1654,#795,.T.);
#2031=EDGE_CURVE('',#1655,#1655,#1462,.T.);
#2032=EDGE_CURVE('',#1652,#1656,#796,.T.);
#2033=EDGE_CURVE('',#1656,#1657,#797,.T.);
#2034=EDGE_CURVE('',#1653,#1657,#798,.T.);
#2035=EDGE_CURVE('',#1656,#1658,#799,.T.);
#2036=EDGE_CURVE('',#1658,#1659,#800,.T.);
#2037=EDGE_CURVE('',#1657,#1659,#801,.T.);
#2038=EDGE_CURVE('',#1660,#1660,#1463,.T.);
#2039=EDGE_CURVE('',#1658,#1651,#802,.T.);
#2040=EDGE_CURVE('',#1659,#1654,#803,.T.);
#2041=EDGE_CURVE('',#1661,#1661,#1464,.T.);
#2042=EDGE_CURVE('',#1661,#1660,#804,.T.);
#2043=EDGE_CURVE('',#1655,#1650,#805,.T.);
#2044=EDGE_CURVE('',#1649,#1614,#806,.T.);
#2045=EDGE_CURVE('',#1662,#1663,#807,.T.);
#2046=EDGE_CURVE('',#1663,#1664,#1465,.T.);
#2047=EDGE_CURVE('',#1664,#1665,#808,.T.);
#2048=EDGE_CURVE('',#1665,#1662,#1466,.T.);
#2049=EDGE_CURVE('',#1666,#1596,#809,.T.);
#2050=EDGE_CURVE('',#1667,#1666,#810,.T.);
#2051=EDGE_CURVE('',#1597,#1667,#811,.T.);
#2052=EDGE_CURVE('',#1668,#1669,#812,.T.);
#2053=EDGE_CURVE('',#1670,#1669,#1467,.T.);
#2054=EDGE_CURVE('',#1671,#1670,#813,.T.);
#2055=EDGE_CURVE('',#1668,#1671,#1468,.T.);
#2056=EDGE_CURVE('',#1671,#1664,#102,.T.);
#2057=EDGE_CURVE('',#1665,#1670,#103,.T.);
#2058=EDGE_CURVE('',#1646,#1672,#814,.T.);
#2059=EDGE_CURVE('',#1672,#1592,#815,.T.);
#2060=EDGE_CURVE('',#1673,#1672,#1469,.T.);
#2061=EDGE_CURVE('',#1673,#1593,#816,.T.);
#2062=EDGE_CURVE('',#1674,#1673,#817,.T.);
#2063=EDGE_CURVE('',#1674,#1594,#818,.T.);
#2064=EDGE_CURVE('',#1675,#1674,#819,.T.);
#2065=EDGE_CURVE('',#1675,#1595,#820,.T.);
#2066=EDGE_CURVE('',#1676,#1662,#92,.F.);
#2067=EDGE_CURVE('',#1677,#1676,#821,.T.);
#2068=EDGE_CURVE('',#1663,#1677,#93,.F.);
#2069=EDGE_CURVE('',#1678,#1678,#1470,.T.);
#2070=EDGE_CURVE('',#1678,#1679,#822,.T.);
#2071=EDGE_CURVE('',#1679,#1679,#1471,.T.);
#2072=EDGE_CURVE('',#1680,#1668,#104,.T.);
#2073=EDGE_CURVE('',#1681,#1680,#823,.T.);
#2074=EDGE_CURVE('',#1669,#1681,#105,.T.);
#2075=EDGE_CURVE('',#1647,#1682,#824,.T.);
#2076=EDGE_CURVE('',#1681,#1682,#1472,.T.);
#2077=EDGE_CURVE('',#1683,#1680,#1473,.T.);
#2078=EDGE_CURVE('',#1606,#1683,#825,.T.);
#2079=EDGE_CURVE('',#1684,#1684,#1474,.T.);
#2080=EDGE_CURVE('',#1684,#1685,#826,.T.);
#2081=EDGE_CURVE('',#1685,#1685,#1475,.T.);
#2082=EDGE_CURVE('',#1686,#1687,#827,.T.);
#2083=EDGE_CURVE('',#1687,#1688,#828,.T.);
#2084=EDGE_CURVE('',#1689,#1688,#829,.T.);
#2085=EDGE_CURVE('',#1686,#1689,#830,.T.);
#2086=EDGE_CURVE('',#1690,#1686,#831,.T.);
#2087=EDGE_CURVE('',#1691,#1689,#832,.T.);
#2088=EDGE_CURVE('',#1690,#1691,#833,.T.);
#2089=EDGE_CURVE('',#1692,#1690,#834,.T.);
#2090=EDGE_CURVE('',#1693,#1691,#835,.T.);
#2091=EDGE_CURVE('',#1692,#1693,#836,.T.);
#2092=EDGE_CURVE('',#1687,#1692,#837,.T.);
#2093=EDGE_CURVE('',#1688,#1693,#838,.T.);
#2094=EDGE_CURVE('',#1675,#1666,#839,.T.);
#2095=EDGE_CURVE('',#1676,#1694,#840,.T.);
#2096=EDGE_CURVE('',#1694,#1695,#841,.T.);
#2097=EDGE_CURVE('',#1677,#1695,#842,.T.);
#2098=EDGE_CURVE('',#1682,#1696,#843,.T.);
#2099=EDGE_CURVE('',#1696,#1694,#1476,.T.);
#2100=EDGE_CURVE('',#1696,#1648,#844,.T.);
#2101=EDGE_CURVE('',#1697,#1698,#845,.T.);
#2102=EDGE_CURVE('',#1699,#1697,#846,.T.);
#2103=EDGE_CURVE('',#1700,#1699,#847,.T.);
#2104=EDGE_CURVE('',#1698,#1700,#848,.T.);
#2105=EDGE_CURVE('',#1701,#1701,#1477,.T.);
#2106=EDGE_CURVE('',#1701,#1702,#849,.T.);
#2107=EDGE_CURVE('',#1702,#1702,#1478,.T.);
#2108=EDGE_CURVE('',#1703,#1703,#1479,.T.);
#2109=EDGE_CURVE('',#1703,#1704,#850,.T.);
#2110=EDGE_CURVE('',#1704,#1704,#1480,.T.);
#2111=EDGE_CURVE('',#1695,#1705,#1481,.T.);
#2112=EDGE_CURVE('',#1683,#1705,#851,.T.);
#2113=EDGE_CURVE('',#1705,#1607,#852,.T.);
#2114=EDGE_CURVE('',#1635,#1706,#1482,.T.);
#2115=EDGE_CURVE('',#1706,#1707,#853,.T.);
#2116=EDGE_CURVE('',#1707,#1708,#854,.T.);
#2117=EDGE_CURVE('',#1667,#1708,#855,.T.);
#2118=EDGE_CURVE('',#1709,#1710,#856,.T.);
#2119=EDGE_CURVE('',#1710,#1711,#857,.T.);
#2120=EDGE_CURVE('',#1711,#1712,#858,.T.);
#2121=EDGE_CURVE('',#1712,#1709,#859,.T.);
#2122=EDGE_CURVE('',#1697,#1709,#860,.T.);
#2123=EDGE_CURVE('',#1699,#1712,#861,.T.);
#2124=EDGE_CURVE('',#1700,#1711,#862,.T.);
#2125=EDGE_CURVE('',#1698,#1710,#863,.T.);
#2126=EDGE_CURVE('',#1708,#1713,#864,.T.);
#2127=EDGE_CURVE('',#1713,#1714,#1483,.T.);
#2128=EDGE_CURVE('',#1714,#1598,#865,.T.);
#2129=EDGE_CURVE('',#1715,#1713,#866,.T.);
#2130=EDGE_CURVE('',#1715,#1716,#1484,.T.);
#2131=EDGE_CURVE('',#1714,#1716,#867,.T.);
#2132=EDGE_CURVE('',#1716,#1715,#868,.T.);
#2133=EDGE_CURVE('',#1707,#1599,#869,.T.);
#2134=EDGE_CURVE('',#1706,#1600,#870,.T.);
#2135=EDGE_CURVE('',#1717,#1718,#1485,.T.);
#2136=EDGE_CURVE('',#1719,#1718,#871,.T.);
#2137=EDGE_CURVE('',#1719,#1720,#1486,.T.);
#2138=EDGE_CURVE('',#1717,#1720,#872,.T.);
#2139=EDGE_CURVE('',#1721,#1722,#1487,.T.);
#2140=EDGE_CURVE('',#1722,#1723,#873,.T.);
#2141=EDGE_CURVE('',#1723,#1724,#1488,.T.);
#2142=EDGE_CURVE('',#1724,#1721,#874,.T.);
#2143=EDGE_CURVE('',#1722,#1717,#875,.T.);
#2144=EDGE_CURVE('',#1720,#1723,#876,.T.);
#2145=EDGE_CURVE('',#1725,#1718,#877,.T.);
#2146=EDGE_CURVE('',#1726,#1725,#878,.T.);
#2147=EDGE_CURVE('',#1727,#1726,#879,.T.);
#2148=EDGE_CURVE('',#1728,#1727,#880,.T.);
#2149=EDGE_CURVE('',#1729,#1728,#881,.T.);
#2150=EDGE_CURVE('',#1729,#1730,#882,.T.);
#2151=EDGE_CURVE('',#1730,#1719,#883,.T.);
#2152=EDGE_CURVE('',#1730,#1731,#884,.T.);
#2153=EDGE_CURVE('',#1731,#1732,#1489,.T.);
#2154=EDGE_CURVE('',#1732,#1733,#885,.T.);
#2155=EDGE_CURVE('',#1733,#1734,#886,.T.);
#2156=EDGE_CURVE('',#1734,#1735,#887,.T.);
#2157=EDGE_CURVE('',#1735,#1736,#888,.T.);
#2158=EDGE_CURVE('',#1736,#1737,#889,.T.);
#2159=EDGE_CURVE('',#1737,#1738,#890,.T.);
#2160=EDGE_CURVE('',#1738,#1739,#891,.T.);
#2161=EDGE_CURVE('',#1739,#1740,#1490,.T.);
#2162=EDGE_CURVE('',#1740,#1741,#892,.T.);
#2163=EDGE_CURVE('',#1741,#1724,#893,.T.);
#2164=EDGE_CURVE('',#1742,#1742,#1491,.T.);
#2165=EDGE_CURVE('',#1743,#1743,#1492,.T.);
#2166=EDGE_CURVE('',#1743,#1744,#894,.T.);
#2167=EDGE_CURVE('',#1744,#1744,#1493,.T.);
#2168=EDGE_CURVE('',#1745,#1745,#1494,.T.);
#2169=EDGE_CURVE('',#1745,#1742,#895,.T.);
#2170=EDGE_CURVE('',#1746,#1747,#896,.T.);
#2171=EDGE_CURVE('',#1748,#1746,#1495,.T.);
#2172=EDGE_CURVE('',#1748,#1749,#897,.T.);
#2173=EDGE_CURVE('',#1750,#1749,#94,.F.);
#2174=EDGE_CURVE('',#1750,#1751,#1496,.T.);
#2175=EDGE_CURVE('',#1752,#1751,#106,.T.);
#2176=EDGE_CURVE('',#1753,#1752,#1497,.T.);
#2177=EDGE_CURVE('',#1754,#1753,#107,.T.);
#2178=EDGE_CURVE('',#1747,#1754,#1498,.T.);
#2179=EDGE_CURVE('',#1728,#1725,#898,.T.);
#2180=EDGE_CURVE('',#1755,#1728,#899,.T.);
#2181=EDGE_CURVE('',#1756,#1755,#900,.T.);
#2182=EDGE_CURVE('',#1725,#1756,#901,.T.);
#2183=EDGE_CURVE('',#1757,#1758,#902,.T.);
#2184=EDGE_CURVE('',#1759,#1757,#903,.T.);
#2185=EDGE_CURVE('',#1760,#1759,#904,.T.);
#2186=EDGE_CURVE('',#1758,#1760,#905,.T.);
#2187=EDGE_CURVE('',#1758,#1755,#906,.T.);
#2188=EDGE_CURVE('',#1757,#1727,#907,.T.);
#2189=EDGE_CURVE('',#1759,#1726,#908,.T.);
#2190=EDGE_CURVE('',#1760,#1756,#909,.T.);
#2191=EDGE_CURVE('',#1761,#1762,#910,.T.);
#2192=EDGE_CURVE('',#1762,#1763,#911,.T.);
#2193=EDGE_CURVE('',#1764,#1763,#912,.T.);
#2194=EDGE_CURVE('',#1761,#1764,#913,.T.);
#2195=EDGE_CURVE('',#1763,#1765,#914,.T.);
#2196=EDGE_CURVE('',#1766,#1765,#915,.T.);
#2197=EDGE_CURVE('',#1764,#1766,#916,.T.);
#2198=EDGE_CURVE('',#1750,#1767,#917,.F.);
#2199=EDGE_CURVE('',#1749,#1768,#918,.T.);
#2200=EDGE_CURVE('',#1768,#1767,#95,.F.);
#2201=EDGE_CURVE('',#1769,#1754,#919,.T.);
#2202=EDGE_CURVE('',#1753,#1770,#920,.T.);
#2203=EDGE_CURVE('',#1770,#1769,#108,.T.);
#2204=EDGE_CURVE('',#1752,#1771,#921,.T.);
#2205=EDGE_CURVE('',#1771,#1770,#1499,.T.);
#2206=EDGE_CURVE('',#1751,#1772,#922,.T.);
#2207=EDGE_CURVE('',#1772,#1771,#109,.T.);
#2208=EDGE_CURVE('',#1772,#1767,#1500,.T.);
#2209=EDGE_CURVE('',#1765,#1773,#923,.T.);
#2210=EDGE_CURVE('',#1774,#1773,#924,.T.);
#2211=EDGE_CURVE('',#1766,#1774,#925,.T.);
#2212=EDGE_CURVE('',#1773,#1762,#926,.T.);
#2213=EDGE_CURVE('',#1774,#1761,#927,.T.);
#2214=EDGE_CURVE('',#1775,#1729,#928,.T.);
#2215=EDGE_CURVE('',#1775,#1731,#929,.T.);
#2216=EDGE_CURVE('',#1776,#1777,#930,.T.);
#2217=EDGE_CURVE('',#1778,#1776,#931,.T.);
#2218=EDGE_CURVE('',#1779,#1778,#932,.T.);
#2219=EDGE_CURVE('',#1777,#1779,#933,.T.);
#2220=EDGE_CURVE('',#1778,#1780,#934,.T.);
#2221=EDGE_CURVE('',#1780,#1781,#935,.T.);
#2222=EDGE_CURVE('',#1779,#1781,#936,.T.);
#2223=EDGE_CURVE('',#1776,#1782,#937,.T.);
#2224=EDGE_CURVE('',#1782,#1783,#938,.T.);
#2225=EDGE_CURVE('',#1783,#1780,#939,.T.);
#2226=EDGE_CURVE('',#1782,#1784,#940,.T.);
#2227=EDGE_CURVE('',#1784,#1785,#941,.T.);
#2228=EDGE_CURVE('',#1785,#1783,#942,.T.);
#2229=EDGE_CURVE('',#1784,#1777,#943,.T.);
#2230=EDGE_CURVE('',#1781,#1785,#944,.T.);
#2231=EDGE_CURVE('',#1741,#1786,#945,.T.);
#2232=EDGE_CURVE('',#1777,#1786,#946,.T.);
#2233=EDGE_CURVE('',#1721,#1776,#947,.T.);
#2234=EDGE_CURVE('',#1787,#1788,#948,.T.);
#2235=EDGE_CURVE('',#1769,#1788,#1501,.T.);
#2236=EDGE_CURVE('',#1789,#1768,#949,.T.);
#2237=EDGE_CURVE('',#1787,#1789,#1502,.T.);
#2238=EDGE_CURVE('',#1790,#1790,#1503,.T.);
#2239=EDGE_CURVE('',#1791,#1792,#950,.T.);
#2240=EDGE_CURVE('',#1791,#1793,#951,.T.);
#2241=EDGE_CURVE('',#1793,#1794,#952,.T.);
#2242=EDGE_CURVE('',#1792,#1794,#953,.T.);
#2243=EDGE_CURVE('',#1795,#1795,#1504,.T.);
#2244=EDGE_CURVE('',#1792,#1796,#954,.T.);
#2245=EDGE_CURVE('',#1794,#1797,#955,.T.);
#2246=EDGE_CURVE('',#1796,#1797,#956,.T.);
#2247=EDGE_CURVE('',#1796,#1798,#957,.T.);
#2248=EDGE_CURVE('',#1797,#1799,#958,.T.);
#2249=EDGE_CURVE('',#1798,#1799,#959,.T.);
#2250=EDGE_CURVE('',#1800,#1800,#1505,.T.);
#2251=EDGE_CURVE('',#1798,#1791,#960,.T.);
#2252=EDGE_CURVE('',#1799,#1793,#961,.T.);
#2253=EDGE_CURVE('',#1801,#1801,#1506,.T.);
#2254=EDGE_CURVE('',#1801,#1800,#962,.T.);
#2255=EDGE_CURVE('',#1795,#1790,#963,.T.);
#2256=EDGE_CURVE('',#1789,#1748,#964,.T.);
#2257=EDGE_CURVE('',#1802,#1803,#965,.T.);
#2258=EDGE_CURVE('',#1804,#1802,#1507,.T.);
#2259=EDGE_CURVE('',#1805,#1804,#966,.T.);
#2260=EDGE_CURVE('',#1803,#1805,#1508,.T.);
#2261=EDGE_CURVE('',#1735,#1806,#967,.T.);
#2262=EDGE_CURVE('',#1806,#1807,#968,.T.);
#2263=EDGE_CURVE('',#1807,#1736,#969,.T.);
#2264=EDGE_CURVE('',#1808,#1809,#970,.T.);
#2265=EDGE_CURVE('',#1808,#1810,#1509,.T.);
#2266=EDGE_CURVE('',#1810,#1811,#971,.T.);
#2267=EDGE_CURVE('',#1811,#1809,#1510,.T.);
#2268=EDGE_CURVE('',#1804,#1811,#110,.T.);
#2269=EDGE_CURVE('',#1810,#1805,#111,.T.);
#2270=EDGE_CURVE('',#1812,#1740,#972,.T.);
#2271=EDGE_CURVE('',#1786,#1812,#973,.T.);
#2272=EDGE_CURVE('',#1813,#1812,#1511,.T.);
#2273=EDGE_CURVE('',#1813,#1739,#974,.T.);
#2274=EDGE_CURVE('',#1814,#1813,#975,.T.);
#2275=EDGE_CURVE('',#1814,#1738,#976,.T.);
#2276=EDGE_CURVE('',#1815,#1814,#977,.T.);
#2277=EDGE_CURVE('',#1815,#1737,#978,.T.);
#2278=EDGE_CURVE('',#1803,#1816,#96,.F.);
#2279=EDGE_CURVE('',#1816,#1817,#979,.T.);
#2280=EDGE_CURVE('',#1817,#1802,#97,.F.);
#2281=EDGE_CURVE('',#1818,#1818,#1512,.T.);
#2282=EDGE_CURVE('',#1818,#1819,#980,.T.);
#2283=EDGE_CURVE('',#1819,#1819,#1513,.T.);
#2284=EDGE_CURVE('',#1809,#1820,#112,.T.);
#2285=EDGE_CURVE('',#1820,#1821,#981,.T.);
#2286=EDGE_CURVE('',#1821,#1808,#113,.T.);
#2287=EDGE_CURVE('',#1787,#1822,#982,.T.);
#2288=EDGE_CURVE('',#1746,#1823,#983,.T.);
#2289=EDGE_CURVE('',#1823,#1821,#1514,.T.);
#2290=EDGE_CURVE('',#1820,#1822,#1515,.T.);
#2291=EDGE_CURVE('',#1824,#1824,#1516,.T.);
#2292=EDGE_CURVE('',#1824,#1825,#984,.T.);
#2293=EDGE_CURVE('',#1825,#1825,#1517,.T.);
#2294=EDGE_CURVE('',#1826,#1827,#985,.T.);
#2295=EDGE_CURVE('',#1826,#1828,#986,.T.);
#2296=EDGE_CURVE('',#1828,#1829,#987,.T.);
#2297=EDGE_CURVE('',#1827,#1829,#988,.T.);
#2298=EDGE_CURVE('',#1830,#1826,#989,.T.);
#2299=EDGE_CURVE('',#1830,#1831,#990,.T.);
#2300=EDGE_CURVE('',#1831,#1828,#991,.T.);
#2301=EDGE_CURVE('',#1832,#1830,#992,.T.);
#2302=EDGE_CURVE('',#1832,#1833,#993,.T.);
#2303=EDGE_CURVE('',#1833,#1831,#994,.T.);
#2304=EDGE_CURVE('',#1827,#1832,#995,.T.);
#2305=EDGE_CURVE('',#1829,#1833,#996,.T.);
#2306=EDGE_CURVE('',#1815,#1807,#997,.T.);
#2307=EDGE_CURVE('',#1817,#1834,#998,.T.);
#2308=EDGE_CURVE('',#1816,#1835,#999,.T.);
#2309=EDGE_CURVE('',#1834,#1835,#1000,.T.);
#2310=EDGE_CURVE('',#1822,#1836,#1001,.T.);
#2311=EDGE_CURVE('',#1836,#1834,#1518,.T.);
#2312=EDGE_CURVE('',#1836,#1788,#1002,.T.);
#2313=EDGE_CURVE('',#1837,#1838,#1003,.T.);
#2314=EDGE_CURVE('',#1838,#1839,#1004,.T.);
#2315=EDGE_CURVE('',#1839,#1840,#1005,.T.);
#2316=EDGE_CURVE('',#1840,#1837,#1006,.T.);
#2317=EDGE_CURVE('',#1841,#1841,#1519,.T.);
#2318=EDGE_CURVE('',#1841,#1842,#1007,.T.);
#2319=EDGE_CURVE('',#1842,#1842,#1520,.T.);
#2320=EDGE_CURVE('',#1843,#1843,#1521,.T.);
#2321=EDGE_CURVE('',#1843,#1844,#1008,.T.);
#2322=EDGE_CURVE('',#1844,#1844,#1522,.T.);
#2323=EDGE_CURVE('',#1823,#1845,#1009,.T.);
#2324=EDGE_CURVE('',#1835,#1845,#1523,.T.);
#2325=EDGE_CURVE('',#1845,#1747,#1010,.T.);
#2326=EDGE_CURVE('',#1806,#1846,#1011,.T.);
#2327=EDGE_CURVE('',#1847,#1846,#1012,.T.);
#2328=EDGE_CURVE('',#1848,#1847,#1013,.T.);
#2329=EDGE_CURVE('',#1775,#1848,#1524,.T.);
#2330=EDGE_CURVE('',#1849,#1850,#1014,.T.);
#2331=EDGE_CURVE('',#1851,#1849,#1015,.T.);
#2332=EDGE_CURVE('',#1852,#1851,#1016,.T.);
#2333=EDGE_CURVE('',#1850,#1852,#1017,.T.);
#2334=EDGE_CURVE('',#1840,#1851,#1018,.T.);
#2335=EDGE_CURVE('',#1837,#1849,#1019,.T.);
#2336=EDGE_CURVE('',#1839,#1852,#1020,.T.);
#2337=EDGE_CURVE('',#1838,#1850,#1021,.T.);
#2338=EDGE_CURVE('',#1846,#1853,#1022,.T.);
#2339=EDGE_CURVE('',#1854,#1734,#1023,.T.);
#2340=EDGE_CURVE('',#1853,#1854,#1525,.T.);
#2341=EDGE_CURVE('',#1854,#1855,#1024,.T.);
#2342=EDGE_CURVE('',#1856,#1855,#1526,.T.);
#2343=EDGE_CURVE('',#1856,#1853,#1025,.T.);
#2344=EDGE_CURVE('',#1855,#1856,#1026,.T.);
#2345=EDGE_CURVE('',#1847,#1733,#1027,.T.);
#2346=EDGE_CURVE('',#1848,#1732,#1028,.T.);
#2347=EDGE_CURVE('',#1857,#1857,#1527,.T.);
#2348=EDGE_CURVE('',#1858,#1858,#1528,.T.);
#2349=EDGE_CURVE('',#1859,#1859,#1529,.T.);
#2350=EDGE_CURVE('',#1860,#1860,#1530,.T.);
#2351=EDGE_CURVE('',#1861,#1861,#1531,.T.);
#2352=EDGE_CURVE('',#1862,#1862,#1532,.T.);
#2353=EDGE_CURVE('',#1863,#1864,#1533,.T.);
#2354=EDGE_CURVE('',#1864,#1863,#1534,.T.);
#2355=EDGE_CURVE('',#1865,#1865,#1535,.T.);
#2356=EDGE_CURVE('',#1866,#1866,#1536,.T.);
#2357=EDGE_CURVE('',#1867,#1867,#1537,.T.);
#2358=EDGE_CURVE('',#1868,#1868,#1538,.T.);
#2359=EDGE_CURVE('',#1869,#1869,#1539,.T.);
#2360=EDGE_CURVE('',#1860,#1870,#1029,.T.);
#2361=EDGE_CURVE('',#1870,#1870,#1540,.T.);
#2362=EDGE_CURVE('',#1867,#1871,#1030,.T.);
#2363=EDGE_CURVE('',#1871,#1871,#1541,.T.);
#2364=EDGE_CURVE('',#1866,#1872,#1031,.T.);
#2365=EDGE_CURVE('',#1872,#1872,#1542,.T.);
#2366=EDGE_CURVE('',#1859,#1873,#1032,.T.);
#2367=EDGE_CURVE('',#1873,#1873,#1543,.T.);
#2368=EDGE_CURVE('',#1857,#1874,#1033,.T.);
#2369=EDGE_CURVE('',#1874,#1874,#1544,.T.);
#2370=EDGE_CURVE('',#1875,#1876,#1545,.T.);
#2371=EDGE_CURVE('',#1875,#1864,#1034,.T.);
#2372=EDGE_CURVE('',#1876,#1863,#1035,.T.);
#2373=EDGE_CURVE('',#1877,#1876,#1546,.T.);
#2374=EDGE_CURVE('',#1878,#1877,#1036,.T.);
#2375=EDGE_CURVE('',#1879,#1878,#1547,.T.);
#2376=EDGE_CURVE('',#1880,#1879,#1548,.T.);
#2377=EDGE_CURVE('',#1880,#1881,#1037,.T.);
#2378=EDGE_CURVE('',#1882,#1881,#1549,.T.);
#2379=EDGE_CURVE('',#1883,#1882,#1550,.T.);
#2380=EDGE_CURVE('',#1884,#1883,#1038,.T.);
#2381=EDGE_CURVE('',#1885,#1884,#1551,.T.);
#2382=EDGE_CURVE('',#1886,#1885,#1039,.T.);
#2383=EDGE_CURVE('',#1887,#1886,#1552,.T.);
#2384=EDGE_CURVE('',#1888,#1887,#1040,.T.);
#2385=EDGE_CURVE('',#1889,#1888,#1553,.T.);
#2386=EDGE_CURVE('',#1890,#1889,#1554,.T.);
#2387=EDGE_CURVE('',#1890,#1891,#1041,.T.);
#2388=EDGE_CURVE('',#1892,#1891,#1555,.T.);
#2389=EDGE_CURVE('',#1893,#1892,#1556,.T.);
#2390=EDGE_CURVE('',#1894,#1893,#1042,.T.);
#2391=EDGE_CURVE('',#1895,#1894,#1557,.T.);
#2392=EDGE_CURVE('',#1896,#1895,#1043,.T.);
#2393=EDGE_CURVE('',#1875,#1896,#1558,.T.);
#2394=EDGE_CURVE('',#1897,#1897,#1559,.T.);
#2395=EDGE_CURVE('',#1898,#1898,#1560,.T.);
#2396=EDGE_CURVE('',#1868,#1898,#1044,.T.);
#2397=EDGE_CURVE('',#1861,#1897,#1045,.T.);
#2398=EDGE_CURVE('',#1878,#1899,#1046,.T.);
#2399=EDGE_CURVE('',#1899,#1900,#1561,.T.);
#2400=EDGE_CURVE('',#1900,#1879,#1047,.T.);
#2401=EDGE_CURVE('',#1900,#1901,#1562,.T.);
#2402=EDGE_CURVE('',#1901,#1880,#1048,.T.);
#2403=EDGE_CURVE('',#1902,#1901,#1049,.T.);
#2404=EDGE_CURVE('',#1881,#1902,#1050,.T.);
#2405=EDGE_CURVE('',#1903,#1904,#1563,.T.);
#2406=EDGE_CURVE('',#1904,#1893,#1051,.T.);
#2407=EDGE_CURVE('',#1892,#1903,#1052,.T.);
#2408=EDGE_CURVE('',#1899,#1905,#1053,.T.);
#2409=EDGE_CURVE('',#1905,#1906,#1564,.T.);
#2410=EDGE_CURVE('',#1906,#1907,#1054,.T.);
#2411=EDGE_CURVE('',#1907,#1908,#1565,.T.);
#2412=EDGE_CURVE('',#1908,#1904,#1055,.T.);
#2413=EDGE_CURVE('',#1909,#1903,#1566,.T.);
#2414=EDGE_CURVE('',#1909,#1910,#1056,.T.);
#2415=EDGE_CURVE('',#1911,#1910,#1567,.T.);
#2416=EDGE_CURVE('',#1912,#1911,#1568,.T.);
#2417=EDGE_CURVE('',#1912,#1913,#1057,.T.);
#2418=EDGE_CURVE('',#1913,#1914,#1569,.T.);
#2419=EDGE_CURVE('',#1914,#1915,#1058,.T.);
#2420=EDGE_CURVE('',#1915,#1916,#1570,.T.);
#2421=EDGE_CURVE('',#1916,#1917,#1059,.T.);
#2422=EDGE_CURVE('',#1918,#1917,#1571,.T.);
#2423=EDGE_CURVE('',#1902,#1918,#1572,.T.);
#2424=EDGE_CURVE('',#1919,#1919,#1573,.T.);
#2425=EDGE_CURVE('',#1920,#1920,#1574,.T.);
#2426=EDGE_CURVE('',#1921,#1921,#1575,.T.);
#2427=EDGE_CURVE('',#1922,#1922,#1576,.T.);
#2428=EDGE_CURVE('',#1891,#1909,#1060,.T.);
#2429=EDGE_CURVE('',#1910,#1890,#1061,.T.);
#2430=EDGE_CURVE('',#1888,#1912,#1062,.T.);
#2431=EDGE_CURVE('',#1911,#1889,#1063,.T.);
#2432=EDGE_CURVE('',#1917,#1883,#1064,.T.);
#2433=EDGE_CURVE('',#1882,#1918,#1065,.T.);
#2434=EDGE_CURVE('',#1884,#1916,#1066,.T.);
#2435=EDGE_CURVE('',#1921,#1858,#1067,.T.);
#2436=EDGE_CURVE('',#1922,#1869,#1068,.T.);
#2437=EDGE_CURVE('',#1885,#1915,#1069,.T.);
#2438=EDGE_CURVE('',#1886,#1914,#1070,.T.);
#2439=EDGE_CURVE('',#1887,#1913,#1071,.T.);
#2440=EDGE_CURVE('',#1894,#1908,#1072,.T.);
#2441=EDGE_CURVE('',#1896,#1906,#1073,.T.);
#2442=EDGE_CURVE('',#1877,#1905,#1074,.T.);
#2443=EDGE_CURVE('',#1895,#1907,#1075,.T.);
#2444=EDGE_CURVE('',#1919,#1862,#1076,.T.);
#2445=EDGE_CURVE('',#1920,#1865,#1077,.T.);
#2446=ORIENTED_EDGE('',*,*,#1923,.F.);
#2447=ORIENTED_EDGE('',*,*,#1924,.T.);
#2448=ORIENTED_EDGE('',*,*,#1925,.F.);
#2449=ORIENTED_EDGE('',*,*,#1926,.T.);
#2450=ORIENTED_EDGE('',*,*,#1927,.F.);
#2451=ORIENTED_EDGE('',*,*,#1928,.F.);
#2452=ORIENTED_EDGE('',*,*,#1929,.F.);
#2453=ORIENTED_EDGE('',*,*,#1930,.F.);
#2454=ORIENTED_EDGE('',*,*,#1931,.F.);
#2455=ORIENTED_EDGE('',*,*,#1930,.T.);
#2456=ORIENTED_EDGE('',*,*,#1932,.F.);
#2457=ORIENTED_EDGE('',*,*,#1924,.F.);
#2458=ORIENTED_EDGE('',*,*,#1926,.F.);
#2459=ORIENTED_EDGE('',*,*,#1933,.F.);
#2460=ORIENTED_EDGE('',*,*,#1934,.F.);
#2461=ORIENTED_EDGE('',*,*,#1935,.T.);
#2462=ORIENTED_EDGE('',*,*,#1936,.T.);
#2463=ORIENTED_EDGE('',*,*,#1937,.T.);
#2464=ORIENTED_EDGE('',*,*,#1938,.T.);
#2465=ORIENTED_EDGE('',*,*,#1939,.T.);
#2466=ORIENTED_EDGE('',*,*,#1925,.T.);
#2467=ORIENTED_EDGE('',*,*,#1932,.T.);
#2468=ORIENTED_EDGE('',*,*,#1929,.T.);
#2469=ORIENTED_EDGE('',*,*,#1940,.F.);
#2470=ORIENTED_EDGE('',*,*,#1941,.F.);
#2471=ORIENTED_EDGE('',*,*,#1942,.F.);
#2472=ORIENTED_EDGE('',*,*,#1943,.F.);
#2473=ORIENTED_EDGE('',*,*,#1944,.F.);
#2474=ORIENTED_EDGE('',*,*,#1945,.F.);
#2475=ORIENTED_EDGE('',*,*,#1946,.F.);
#2476=ORIENTED_EDGE('',*,*,#1947,.F.);
#2477=ORIENTED_EDGE('',*,*,#1948,.F.);
#2478=ORIENTED_EDGE('',*,*,#1949,.F.);
#2479=ORIENTED_EDGE('',*,*,#1950,.F.);
#2480=ORIENTED_EDGE('',*,*,#1951,.F.);
#2481=ORIENTED_EDGE('',*,*,#1933,.T.);
#2482=ORIENTED_EDGE('',*,*,#1952,.F.);
#2483=ORIENTED_EDGE('',*,*,#1953,.F.);
#2484=ORIENTED_EDGE('',*,*,#1954,.T.);
#2485=ORIENTED_EDGE('',*,*,#1955,.F.);
#2486=ORIENTED_EDGE('',*,*,#1954,.F.);
#2487=ORIENTED_EDGE('',*,*,#1956,.F.);
#2488=ORIENTED_EDGE('',*,*,#1957,.T.);
#2489=ORIENTED_EDGE('',*,*,#1952,.T.);
#2490=ORIENTED_EDGE('',*,*,#1957,.F.);
#2491=ORIENTED_EDGE('',*,*,#1958,.T.);
#2492=ORIENTED_EDGE('',*,*,#1959,.T.);
#2493=ORIENTED_EDGE('',*,*,#1960,.T.);
#2494=ORIENTED_EDGE('',*,*,#1961,.T.);
#2495=ORIENTED_EDGE('',*,*,#1962,.T.);
#2496=ORIENTED_EDGE('',*,*,#1963,.F.);
#2497=ORIENTED_EDGE('',*,*,#1964,.T.);
#2498=ORIENTED_EDGE('',*,*,#1965,.F.);
#2499=ORIENTED_EDGE('',*,*,#1966,.T.);
#2500=ORIENTED_EDGE('',*,*,#1967,.T.);
#2501=ORIENTED_EDGE('',*,*,#1968,.T.);
#2502=ORIENTED_EDGE('',*,*,#1969,.T.);
#2503=ORIENTED_EDGE('',*,*,#1970,.T.);
#2504=ORIENTED_EDGE('',*,*,#1971,.T.);
#2505=ORIENTED_EDGE('',*,*,#1972,.T.);
#2506=ORIENTED_EDGE('',*,*,#1973,.T.);
#2507=ORIENTED_EDGE('',*,*,#1974,.T.);
#2508=ORIENTED_EDGE('',*,*,#1971,.F.);
#2509=ORIENTED_EDGE('',*,*,#1975,.T.);
#2510=ORIENTED_EDGE('',*,*,#1936,.F.);
#2511=ORIENTED_EDGE('',*,*,#1970,.F.);
#2512=ORIENTED_EDGE('',*,*,#1976,.F.);
#2513=ORIENTED_EDGE('',*,*,#1974,.F.);
#2514=ORIENTED_EDGE('',*,*,#1977,.T.);
#2515=ORIENTED_EDGE('',*,*,#1937,.F.);
#2516=ORIENTED_EDGE('',*,*,#1975,.F.);
#2517=ORIENTED_EDGE('',*,*,#1973,.F.);
#2518=ORIENTED_EDGE('',*,*,#1978,.T.);
#2519=ORIENTED_EDGE('',*,*,#1968,.F.);
#2520=ORIENTED_EDGE('',*,*,#1938,.F.);
#2521=ORIENTED_EDGE('',*,*,#1977,.F.);
#2522=ORIENTED_EDGE('',*,*,#1972,.F.);
#2523=ORIENTED_EDGE('',*,*,#1976,.T.);
#2524=ORIENTED_EDGE('',*,*,#1969,.F.);
#2525=ORIENTED_EDGE('',*,*,#1978,.F.);
#2526=ORIENTED_EDGE('',*,*,#1979,.F.);
#2527=ORIENTED_EDGE('',*,*,#1980,.T.);
#2528=ORIENTED_EDGE('',*,*,#1981,.T.);
#2529=ORIENTED_EDGE('',*,*,#1982,.F.);
#2530=ORIENTED_EDGE('',*,*,#1981,.F.);
#2531=ORIENTED_EDGE('',*,*,#1983,.T.);
#2532=ORIENTED_EDGE('',*,*,#1984,.T.);
#2533=ORIENTED_EDGE('',*,*,#1985,.F.);
#2534=ORIENTED_EDGE('',*,*,#1956,.T.);
#2535=ORIENTED_EDGE('',*,*,#1986,.T.);
#2536=ORIENTED_EDGE('',*,*,#1987,.F.);
#2537=ORIENTED_EDGE('',*,*,#1988,.F.);
#2538=ORIENTED_EDGE('',*,*,#1964,.F.);
#2539=ORIENTED_EDGE('',*,*,#1989,.F.);
#2540=ORIENTED_EDGE('',*,*,#1990,.F.);
#2541=ORIENTED_EDGE('',*,*,#1991,.F.);
#2542=ORIENTED_EDGE('',*,*,#1960,.F.);
#2543=ORIENTED_EDGE('',*,*,#1991,.T.);
#2544=ORIENTED_EDGE('',*,*,#1992,.F.);
#2545=ORIENTED_EDGE('',*,*,#1993,.F.);
#2546=ORIENTED_EDGE('',*,*,#1961,.F.);
#2547=ORIENTED_EDGE('',*,*,#1993,.T.);
#2548=ORIENTED_EDGE('',*,*,#1994,.F.);
#2549=ORIENTED_EDGE('',*,*,#1995,.F.);
#2550=ORIENTED_EDGE('',*,*,#1962,.F.);
#2551=ORIENTED_EDGE('',*,*,#1995,.T.);
#2552=ORIENTED_EDGE('',*,*,#1996,.T.);
#2553=ORIENTED_EDGE('',*,*,#1986,.F.);
#2554=ORIENTED_EDGE('',*,*,#1963,.T.);
#2555=ORIENTED_EDGE('',*,*,#1984,.F.);
#2556=ORIENTED_EDGE('',*,*,#1997,.T.);
#2557=ORIENTED_EDGE('',*,*,#1998,.T.);
#2558=ORIENTED_EDGE('',*,*,#1999,.F.);
#2559=ORIENTED_EDGE('',*,*,#1998,.F.);
#2560=ORIENTED_EDGE('',*,*,#2000,.T.);
#2561=ORIENTED_EDGE('',*,*,#1979,.T.);
#2562=ORIENTED_EDGE('',*,*,#2001,.F.);
#2563=ORIENTED_EDGE('',*,*,#1955,.T.);
#2564=ORIENTED_EDGE('',*,*,#1934,.T.);
#2565=ORIENTED_EDGE('',*,*,#1951,.T.);
#2566=ORIENTED_EDGE('',*,*,#2002,.F.);
#2567=ORIENTED_EDGE('',*,*,#2003,.T.);
#2568=ORIENTED_EDGE('',*,*,#2004,.T.);
#2569=ORIENTED_EDGE('',*,*,#2005,.T.);
#2570=ORIENTED_EDGE('',*,*,#2006,.T.);
#2571=ORIENTED_EDGE('',*,*,#2007,.T.);
#2572=ORIENTED_EDGE('',*,*,#2006,.F.);
#2573=ORIENTED_EDGE('',*,*,#2008,.T.);
#2574=ORIENTED_EDGE('',*,*,#2009,.F.);
#2575=ORIENTED_EDGE('',*,*,#2010,.F.);
#2576=ORIENTED_EDGE('',*,*,#2007,.F.);
#2577=ORIENTED_EDGE('',*,*,#2010,.T.);
#2578=ORIENTED_EDGE('',*,*,#2011,.F.);
#2579=ORIENTED_EDGE('',*,*,#2012,.F.);
#2580=ORIENTED_EDGE('',*,*,#2013,.F.);
#2581=ORIENTED_EDGE('',*,*,#2014,.F.);
#2582=ORIENTED_EDGE('',*,*,#2012,.T.);
#2583=ORIENTED_EDGE('',*,*,#2015,.F.);
#2584=ORIENTED_EDGE('',*,*,#2016,.F.);
#2585=ORIENTED_EDGE('',*,*,#2017,.F.);
#2586=ORIENTED_EDGE('',*,*,#2016,.T.);
#2587=ORIENTED_EDGE('',*,*,#2018,.F.);
#2588=ORIENTED_EDGE('',*,*,#2008,.F.);
#2589=ORIENTED_EDGE('',*,*,#2005,.F.);
#2590=ORIENTED_EDGE('',*,*,#2018,.T.);
#2591=ORIENTED_EDGE('',*,*,#2015,.T.);
#2592=ORIENTED_EDGE('',*,*,#2011,.T.);
#2593=ORIENTED_EDGE('',*,*,#2009,.T.);
#2594=ORIENTED_EDGE('',*,*,#1928,.T.);
#2595=ORIENTED_EDGE('',*,*,#2019,.T.);
#2596=ORIENTED_EDGE('',*,*,#2013,.T.);
#2597=ORIENTED_EDGE('',*,*,#2014,.T.);
#2598=ORIENTED_EDGE('',*,*,#2017,.T.);
#2599=ORIENTED_EDGE('',*,*,#2020,.T.);
#2600=ORIENTED_EDGE('',*,*,#2021,.F.);
#2601=ORIENTED_EDGE('',*,*,#1940,.T.);
#2602=ORIENTED_EDGE('',*,*,#2022,.F.);
#2603=ORIENTED_EDGE('',*,*,#2023,.T.);
#2604=ORIENTED_EDGE('',*,*,#2024,.T.);
#2605=ORIENTED_EDGE('',*,*,#1987,.T.);
#2606=ORIENTED_EDGE('',*,*,#1996,.F.);
#2607=ORIENTED_EDGE('',*,*,#1994,.T.);
#2608=ORIENTED_EDGE('',*,*,#1992,.T.);
#2609=ORIENTED_EDGE('',*,*,#1990,.T.);
#2610=ORIENTED_EDGE('',*,*,#2025,.T.);
#2611=ORIENTED_EDGE('',*,*,#2026,.F.);
#2612=ORIENTED_EDGE('',*,*,#2027,.T.);
#2613=ORIENTED_EDGE('',*,*,#2028,.T.);
#2614=ORIENTED_EDGE('',*,*,#2029,.F.);
#2615=ORIENTED_EDGE('',*,*,#2030,.F.);
#2616=ORIENTED_EDGE('',*,*,#2031,.T.);
#2617=ORIENTED_EDGE('',*,*,#2032,.T.);
#2618=ORIENTED_EDGE('',*,*,#2033,.T.);
#2619=ORIENTED_EDGE('',*,*,#2034,.F.);
#2620=ORIENTED_EDGE('',*,*,#2028,.F.);
#2621=ORIENTED_EDGE('',*,*,#2035,.T.);
#2622=ORIENTED_EDGE('',*,*,#2036,.T.);
#2623=ORIENTED_EDGE('',*,*,#2037,.F.);
#2624=ORIENTED_EDGE('',*,*,#2033,.F.);
#2625=ORIENTED_EDGE('',*,*,#2038,.T.);
#2626=ORIENTED_EDGE('',*,*,#2039,.T.);
#2627=ORIENTED_EDGE('',*,*,#2030,.T.);
#2628=ORIENTED_EDGE('',*,*,#2040,.F.);
#2629=ORIENTED_EDGE('',*,*,#2036,.F.);
#2630=ORIENTED_EDGE('',*,*,#2041,.F.);
#2631=ORIENTED_EDGE('',*,*,#2042,.T.);
#2632=ORIENTED_EDGE('',*,*,#2038,.F.);
#2633=ORIENTED_EDGE('',*,*,#2042,.F.);
#2634=ORIENTED_EDGE('',*,*,#2031,.F.);
#2635=ORIENTED_EDGE('',*,*,#2043,.T.);
#2636=ORIENTED_EDGE('',*,*,#2026,.T.);
#2637=ORIENTED_EDGE('',*,*,#2043,.F.);
#2638=ORIENTED_EDGE('',*,*,#2024,.F.);
#2639=ORIENTED_EDGE('',*,*,#2044,.T.);
#2640=ORIENTED_EDGE('',*,*,#1965,.T.);
#2641=ORIENTED_EDGE('',*,*,#1988,.T.);
#2642=ORIENTED_EDGE('',*,*,#2045,.T.);
#2643=ORIENTED_EDGE('',*,*,#2046,.T.);
#2644=ORIENTED_EDGE('',*,*,#2047,.T.);
#2645=ORIENTED_EDGE('',*,*,#2048,.T.);
#2646=ORIENTED_EDGE('',*,*,#1946,.T.);
#2647=ORIENTED_EDGE('',*,*,#2049,.F.);
#2648=ORIENTED_EDGE('',*,*,#2050,.F.);
#2649=ORIENTED_EDGE('',*,*,#2051,.F.);
#2650=ORIENTED_EDGE('',*,*,#2052,.T.);
#2651=ORIENTED_EDGE('',*,*,#2053,.F.);
#2652=ORIENTED_EDGE('',*,*,#2054,.F.);
#2653=ORIENTED_EDGE('',*,*,#2055,.F.);
#2654=ORIENTED_EDGE('',*,*,#2047,.F.);
#2655=ORIENTED_EDGE('',*,*,#2056,.F.);
#2656=ORIENTED_EDGE('',*,*,#2054,.T.);
#2657=ORIENTED_EDGE('',*,*,#2057,.F.);
#2658=ORIENTED_EDGE('',*,*,#1941,.T.);
#2659=ORIENTED_EDGE('',*,*,#2021,.T.);
#2660=ORIENTED_EDGE('',*,*,#2058,.T.);
#2661=ORIENTED_EDGE('',*,*,#2059,.T.);
#2662=ORIENTED_EDGE('',*,*,#2060,.F.);
#2663=ORIENTED_EDGE('',*,*,#2061,.T.);
#2664=ORIENTED_EDGE('',*,*,#1942,.T.);
#2665=ORIENTED_EDGE('',*,*,#2059,.F.);
#2666=ORIENTED_EDGE('',*,*,#2062,.F.);
#2667=ORIENTED_EDGE('',*,*,#2063,.T.);
#2668=ORIENTED_EDGE('',*,*,#1943,.T.);
#2669=ORIENTED_EDGE('',*,*,#2061,.F.);
#2670=ORIENTED_EDGE('',*,*,#2064,.F.);
#2671=ORIENTED_EDGE('',*,*,#2065,.T.);
#2672=ORIENTED_EDGE('',*,*,#1944,.T.);
#2673=ORIENTED_EDGE('',*,*,#2063,.F.);
#2674=ORIENTED_EDGE('',*,*,#2045,.F.);
#2675=ORIENTED_EDGE('',*,*,#2066,.F.);
#2676=ORIENTED_EDGE('',*,*,#2067,.F.);
#2677=ORIENTED_EDGE('',*,*,#2068,.F.);
#2678=ORIENTED_EDGE('',*,*,#2069,.F.);
#2679=ORIENTED_EDGE('',*,*,#2070,.T.);
#2680=ORIENTED_EDGE('',*,*,#2071,.T.);
#2681=ORIENTED_EDGE('',*,*,#2070,.F.);
#2682=ORIENTED_EDGE('',*,*,#2052,.F.);
#2683=ORIENTED_EDGE('',*,*,#2072,.F.);
#2684=ORIENTED_EDGE('',*,*,#2073,.F.);
#2685=ORIENTED_EDGE('',*,*,#2074,.F.);
#2686=ORIENTED_EDGE('',*,*,#2075,.T.);
#2687=ORIENTED_EDGE('',*,*,#2076,.F.);
#2688=ORIENTED_EDGE('',*,*,#2073,.T.);
#2689=ORIENTED_EDGE('',*,*,#2077,.F.);
#2690=ORIENTED_EDGE('',*,*,#2078,.F.);
#2691=ORIENTED_EDGE('',*,*,#1966,.F.);
#2692=ORIENTED_EDGE('',*,*,#2044,.F.);
#2693=ORIENTED_EDGE('',*,*,#2023,.F.);
#2694=ORIENTED_EDGE('',*,*,#2041,.T.);
#2695=ORIENTED_EDGE('',*,*,#2079,.T.);
#2696=ORIENTED_EDGE('',*,*,#2079,.F.);
#2697=ORIENTED_EDGE('',*,*,#2080,.T.);
#2698=ORIENTED_EDGE('',*,*,#2081,.F.);
#2699=ORIENTED_EDGE('',*,*,#2080,.F.);
#2700=ORIENTED_EDGE('',*,*,#2082,.T.);
#2701=ORIENTED_EDGE('',*,*,#2083,.T.);
#2702=ORIENTED_EDGE('',*,*,#2084,.F.);
#2703=ORIENTED_EDGE('',*,*,#2085,.F.);
#2704=ORIENTED_EDGE('',*,*,#2069,.T.);
#2705=ORIENTED_EDGE('',*,*,#2086,.T.);
#2706=ORIENTED_EDGE('',*,*,#2085,.T.);
#2707=ORIENTED_EDGE('',*,*,#2087,.F.);
#2708=ORIENTED_EDGE('',*,*,#2088,.F.);
#2709=ORIENTED_EDGE('',*,*,#2089,.T.);
#2710=ORIENTED_EDGE('',*,*,#2088,.T.);
#2711=ORIENTED_EDGE('',*,*,#2090,.F.);
#2712=ORIENTED_EDGE('',*,*,#2091,.F.);
#2713=ORIENTED_EDGE('',*,*,#2081,.T.);
#2714=ORIENTED_EDGE('',*,*,#2092,.T.);
#2715=ORIENTED_EDGE('',*,*,#2091,.T.);
#2716=ORIENTED_EDGE('',*,*,#2093,.F.);
#2717=ORIENTED_EDGE('',*,*,#2083,.F.);
#2718=ORIENTED_EDGE('',*,*,#2071,.F.);
#2719=ORIENTED_EDGE('',*,*,#2065,.F.);
#2720=ORIENTED_EDGE('',*,*,#2094,.T.);
#2721=ORIENTED_EDGE('',*,*,#2049,.T.);
#2722=ORIENTED_EDGE('',*,*,#1945,.T.);
#2723=ORIENTED_EDGE('',*,*,#2095,.T.);
#2724=ORIENTED_EDGE('',*,*,#2096,.T.);
#2725=ORIENTED_EDGE('',*,*,#2097,.F.);
#2726=ORIENTED_EDGE('',*,*,#2067,.T.);
#2727=ORIENTED_EDGE('',*,*,#2098,.T.);
#2728=ORIENTED_EDGE('',*,*,#2099,.T.);
#2729=ORIENTED_EDGE('',*,*,#2095,.F.);
#2730=ORIENTED_EDGE('',*,*,#2066,.T.);
#2731=ORIENTED_EDGE('',*,*,#2048,.F.);
#2732=ORIENTED_EDGE('',*,*,#2057,.T.);
#2733=ORIENTED_EDGE('',*,*,#2053,.T.);
#2734=ORIENTED_EDGE('',*,*,#2074,.T.);
#2735=ORIENTED_EDGE('',*,*,#2076,.T.);
#2736=ORIENTED_EDGE('',*,*,#2100,.F.);
#2737=ORIENTED_EDGE('',*,*,#2098,.F.);
#2738=ORIENTED_EDGE('',*,*,#2075,.F.);
#2739=ORIENTED_EDGE('',*,*,#2022,.T.);
#2740=ORIENTED_EDGE('',*,*,#2000,.F.);
#2741=ORIENTED_EDGE('',*,*,#1997,.F.);
#2742=ORIENTED_EDGE('',*,*,#1983,.F.);
#2743=ORIENTED_EDGE('',*,*,#1980,.F.);
#2744=ORIENTED_EDGE('',*,*,#2027,.F.);
#2745=ORIENTED_EDGE('',*,*,#2039,.F.);
#2746=ORIENTED_EDGE('',*,*,#2035,.F.);
#2747=ORIENTED_EDGE('',*,*,#2032,.F.);
#2748=ORIENTED_EDGE('',*,*,#2092,.F.);
#2749=ORIENTED_EDGE('',*,*,#2082,.F.);
#2750=ORIENTED_EDGE('',*,*,#2086,.F.);
#2751=ORIENTED_EDGE('',*,*,#2089,.F.);
#2752=ORIENTED_EDGE('',*,*,#2101,.F.);
#2753=ORIENTED_EDGE('',*,*,#2102,.F.);
#2754=ORIENTED_EDGE('',*,*,#2103,.F.);
#2755=ORIENTED_EDGE('',*,*,#2104,.F.);
#2756=ORIENTED_EDGE('',*,*,#2105,.F.);
#2757=ORIENTED_EDGE('',*,*,#2106,.T.);
#2758=ORIENTED_EDGE('',*,*,#2107,.T.);
#2759=ORIENTED_EDGE('',*,*,#2106,.F.);
#2760=ORIENTED_EDGE('',*,*,#2108,.F.);
#2761=ORIENTED_EDGE('',*,*,#2109,.T.);
#2762=ORIENTED_EDGE('',*,*,#2110,.F.);
#2763=ORIENTED_EDGE('',*,*,#2109,.F.);
#2764=ORIENTED_EDGE('',*,*,#2097,.T.);
#2765=ORIENTED_EDGE('',*,*,#2111,.T.);
#2766=ORIENTED_EDGE('',*,*,#2112,.F.);
#2767=ORIENTED_EDGE('',*,*,#2077,.T.);
#2768=ORIENTED_EDGE('',*,*,#2072,.T.);
#2769=ORIENTED_EDGE('',*,*,#2055,.T.);
#2770=ORIENTED_EDGE('',*,*,#2056,.T.);
#2771=ORIENTED_EDGE('',*,*,#2046,.F.);
#2772=ORIENTED_EDGE('',*,*,#2068,.T.);
#2773=ORIENTED_EDGE('',*,*,#1958,.F.);
#2774=ORIENTED_EDGE('',*,*,#2078,.T.);
#2775=ORIENTED_EDGE('',*,*,#2112,.T.);
#2776=ORIENTED_EDGE('',*,*,#2113,.T.);
#2777=ORIENTED_EDGE('',*,*,#1939,.F.);
#2778=ORIENTED_EDGE('',*,*,#1967,.F.);
#2779=ORIENTED_EDGE('',*,*,#1935,.F.);
#2780=ORIENTED_EDGE('',*,*,#2003,.F.);
#2781=ORIENTED_EDGE('',*,*,#2114,.T.);
#2782=ORIENTED_EDGE('',*,*,#2115,.T.);
#2783=ORIENTED_EDGE('',*,*,#2116,.T.);
#2784=ORIENTED_EDGE('',*,*,#2117,.F.);
#2785=ORIENTED_EDGE('',*,*,#2050,.T.);
#2786=ORIENTED_EDGE('',*,*,#2094,.F.);
#2787=ORIENTED_EDGE('',*,*,#2064,.T.);
#2788=ORIENTED_EDGE('',*,*,#2062,.T.);
#2789=ORIENTED_EDGE('',*,*,#2060,.T.);
#2790=ORIENTED_EDGE('',*,*,#2058,.F.);
#2791=ORIENTED_EDGE('',*,*,#2020,.F.);
#2792=ORIENTED_EDGE('',*,*,#2004,.F.);
#2793=ORIENTED_EDGE('',*,*,#2019,.F.);
#2794=ORIENTED_EDGE('',*,*,#1927,.T.);
#2795=ORIENTED_EDGE('',*,*,#1931,.T.);
#2796=ORIENTED_EDGE('',*,*,#1923,.T.);
#2797=ORIENTED_EDGE('',*,*,#2001,.T.);
#2798=ORIENTED_EDGE('',*,*,#1982,.T.);
#2799=ORIENTED_EDGE('',*,*,#1985,.T.);
#2800=ORIENTED_EDGE('',*,*,#1999,.T.);
#2801=ORIENTED_EDGE('',*,*,#2029,.T.);
#2802=ORIENTED_EDGE('',*,*,#2034,.T.);
#2803=ORIENTED_EDGE('',*,*,#2037,.T.);
#2804=ORIENTED_EDGE('',*,*,#2040,.T.);
#2805=ORIENTED_EDGE('',*,*,#2093,.T.);
#2806=ORIENTED_EDGE('',*,*,#2090,.T.);
#2807=ORIENTED_EDGE('',*,*,#2087,.T.);
#2808=ORIENTED_EDGE('',*,*,#2084,.T.);
#2809=ORIENTED_EDGE('',*,*,#2118,.T.);
#2810=ORIENTED_EDGE('',*,*,#2119,.T.);
#2811=ORIENTED_EDGE('',*,*,#2120,.T.);
#2812=ORIENTED_EDGE('',*,*,#2121,.T.);
#2813=ORIENTED_EDGE('',*,*,#2102,.T.);
#2814=ORIENTED_EDGE('',*,*,#2122,.T.);
#2815=ORIENTED_EDGE('',*,*,#2121,.F.);
#2816=ORIENTED_EDGE('',*,*,#2123,.F.);
#2817=ORIENTED_EDGE('',*,*,#2110,.T.);
#2818=ORIENTED_EDGE('',*,*,#2103,.T.);
#2819=ORIENTED_EDGE('',*,*,#2123,.T.);
#2820=ORIENTED_EDGE('',*,*,#2120,.F.);
#2821=ORIENTED_EDGE('',*,*,#2124,.F.);
#2822=ORIENTED_EDGE('',*,*,#2104,.T.);
#2823=ORIENTED_EDGE('',*,*,#2124,.T.);
#2824=ORIENTED_EDGE('',*,*,#2119,.F.);
#2825=ORIENTED_EDGE('',*,*,#2125,.F.);
#2826=ORIENTED_EDGE('',*,*,#2105,.T.);
#2827=ORIENTED_EDGE('',*,*,#2101,.T.);
#2828=ORIENTED_EDGE('',*,*,#2125,.T.);
#2829=ORIENTED_EDGE('',*,*,#2118,.F.);
#2830=ORIENTED_EDGE('',*,*,#2122,.F.);
#2831=ORIENTED_EDGE('',*,*,#2113,.F.);
#2832=ORIENTED_EDGE('',*,*,#2111,.F.);
#2833=ORIENTED_EDGE('',*,*,#2096,.F.);
#2834=ORIENTED_EDGE('',*,*,#2099,.F.);
#2835=ORIENTED_EDGE('',*,*,#2100,.T.);
#2836=ORIENTED_EDGE('',*,*,#2025,.F.);
#2837=ORIENTED_EDGE('',*,*,#1989,.T.);
#2838=ORIENTED_EDGE('',*,*,#1959,.F.);
#2839=ORIENTED_EDGE('',*,*,#1953,.T.);
#2840=ORIENTED_EDGE('',*,*,#2108,.T.);
#2841=ORIENTED_EDGE('',*,*,#2107,.F.);
#2842=ORIENTED_EDGE('',*,*,#2126,.T.);
#2843=ORIENTED_EDGE('',*,*,#2127,.T.);
#2844=ORIENTED_EDGE('',*,*,#2128,.T.);
#2845=ORIENTED_EDGE('',*,*,#1947,.T.);
#2846=ORIENTED_EDGE('',*,*,#2051,.T.);
#2847=ORIENTED_EDGE('',*,*,#2117,.T.);
#2848=ORIENTED_EDGE('',*,*,#2127,.F.);
#2849=ORIENTED_EDGE('',*,*,#2129,.F.);
#2850=ORIENTED_EDGE('',*,*,#2130,.T.);
#2851=ORIENTED_EDGE('',*,*,#2131,.F.);
#2852=ORIENTED_EDGE('',*,*,#2132,.F.);
#2853=ORIENTED_EDGE('',*,*,#2130,.F.);
#2854=ORIENTED_EDGE('',*,*,#2131,.T.);
#2855=ORIENTED_EDGE('',*,*,#2132,.T.);
#2856=ORIENTED_EDGE('',*,*,#2129,.T.);
#2857=ORIENTED_EDGE('',*,*,#2126,.F.);
#2858=ORIENTED_EDGE('',*,*,#2116,.F.);
#2859=ORIENTED_EDGE('',*,*,#2133,.T.);
#2860=ORIENTED_EDGE('',*,*,#1948,.T.);
#2861=ORIENTED_EDGE('',*,*,#2128,.F.);
#2862=ORIENTED_EDGE('',*,*,#2115,.F.);
#2863=ORIENTED_EDGE('',*,*,#2134,.T.);
#2864=ORIENTED_EDGE('',*,*,#1949,.T.);
#2865=ORIENTED_EDGE('',*,*,#2133,.F.);
#2866=ORIENTED_EDGE('',*,*,#2114,.F.);
#2867=ORIENTED_EDGE('',*,*,#2002,.T.);
#2868=ORIENTED_EDGE('',*,*,#1950,.T.);
#2869=ORIENTED_EDGE('',*,*,#2134,.F.);
#2870=ORIENTED_EDGE('',*,*,#2135,.T.);
#2871=ORIENTED_EDGE('',*,*,#2136,.F.);
#2872=ORIENTED_EDGE('',*,*,#2137,.T.);
#2873=ORIENTED_EDGE('',*,*,#2138,.F.);
#2874=ORIENTED_EDGE('',*,*,#2139,.T.);
#2875=ORIENTED_EDGE('',*,*,#2140,.T.);
#2876=ORIENTED_EDGE('',*,*,#2141,.T.);
#2877=ORIENTED_EDGE('',*,*,#2142,.T.);
#2878=ORIENTED_EDGE('',*,*,#2143,.T.);
#2879=ORIENTED_EDGE('',*,*,#2138,.T.);
#2880=ORIENTED_EDGE('',*,*,#2144,.T.);
#2881=ORIENTED_EDGE('',*,*,#2140,.F.);
#2882=ORIENTED_EDGE('',*,*,#2136,.T.);
#2883=ORIENTED_EDGE('',*,*,#2145,.F.);
#2884=ORIENTED_EDGE('',*,*,#2146,.F.);
#2885=ORIENTED_EDGE('',*,*,#2147,.F.);
#2886=ORIENTED_EDGE('',*,*,#2148,.F.);
#2887=ORIENTED_EDGE('',*,*,#2149,.F.);
#2888=ORIENTED_EDGE('',*,*,#2150,.T.);
#2889=ORIENTED_EDGE('',*,*,#2151,.T.);
#2890=ORIENTED_EDGE('',*,*,#2137,.F.);
#2891=ORIENTED_EDGE('',*,*,#2151,.F.);
#2892=ORIENTED_EDGE('',*,*,#2152,.T.);
#2893=ORIENTED_EDGE('',*,*,#2153,.T.);
#2894=ORIENTED_EDGE('',*,*,#2154,.T.);
#2895=ORIENTED_EDGE('',*,*,#2155,.T.);
#2896=ORIENTED_EDGE('',*,*,#2156,.T.);
#2897=ORIENTED_EDGE('',*,*,#2157,.T.);
#2898=ORIENTED_EDGE('',*,*,#2158,.T.);
#2899=ORIENTED_EDGE('',*,*,#2159,.T.);
#2900=ORIENTED_EDGE('',*,*,#2160,.T.);
#2901=ORIENTED_EDGE('',*,*,#2161,.T.);
#2902=ORIENTED_EDGE('',*,*,#2162,.T.);
#2903=ORIENTED_EDGE('',*,*,#2163,.T.);
#2904=ORIENTED_EDGE('',*,*,#2141,.F.);
#2905=ORIENTED_EDGE('',*,*,#2144,.F.);
#2906=ORIENTED_EDGE('',*,*,#2164,.T.);
#2907=ORIENTED_EDGE('',*,*,#2165,.T.);
#2908=ORIENTED_EDGE('',*,*,#2166,.T.);
#2909=ORIENTED_EDGE('',*,*,#2167,.T.);
#2910=ORIENTED_EDGE('',*,*,#2166,.F.);
#2911=ORIENTED_EDGE('',*,*,#2168,.T.);
#2912=ORIENTED_EDGE('',*,*,#2169,.T.);
#2913=ORIENTED_EDGE('',*,*,#2164,.F.);
#2914=ORIENTED_EDGE('',*,*,#2169,.F.);
#2915=ORIENTED_EDGE('',*,*,#2170,.F.);
#2916=ORIENTED_EDGE('',*,*,#2171,.F.);
#2917=ORIENTED_EDGE('',*,*,#2172,.T.);
#2918=ORIENTED_EDGE('',*,*,#2173,.F.);
#2919=ORIENTED_EDGE('',*,*,#2174,.T.);
#2920=ORIENTED_EDGE('',*,*,#2175,.F.);
#2921=ORIENTED_EDGE('',*,*,#2176,.F.);
#2922=ORIENTED_EDGE('',*,*,#2177,.F.);
#2923=ORIENTED_EDGE('',*,*,#2178,.F.);
#2924=ORIENTED_EDGE('',*,*,#2179,.F.);
#2925=ORIENTED_EDGE('',*,*,#2180,.F.);
#2926=ORIENTED_EDGE('',*,*,#2181,.F.);
#2927=ORIENTED_EDGE('',*,*,#2182,.F.);
#2928=ORIENTED_EDGE('',*,*,#2183,.F.);
#2929=ORIENTED_EDGE('',*,*,#2184,.F.);
#2930=ORIENTED_EDGE('',*,*,#2185,.F.);
#2931=ORIENTED_EDGE('',*,*,#2186,.F.);
#2932=ORIENTED_EDGE('',*,*,#2183,.T.);
#2933=ORIENTED_EDGE('',*,*,#2187,.T.);
#2934=ORIENTED_EDGE('',*,*,#2180,.T.);
#2935=ORIENTED_EDGE('',*,*,#2148,.T.);
#2936=ORIENTED_EDGE('',*,*,#2188,.F.);
#2937=ORIENTED_EDGE('',*,*,#2184,.T.);
#2938=ORIENTED_EDGE('',*,*,#2188,.T.);
#2939=ORIENTED_EDGE('',*,*,#2147,.T.);
#2940=ORIENTED_EDGE('',*,*,#2189,.F.);
#2941=ORIENTED_EDGE('',*,*,#2185,.T.);
#2942=ORIENTED_EDGE('',*,*,#2189,.T.);
#2943=ORIENTED_EDGE('',*,*,#2146,.T.);
#2944=ORIENTED_EDGE('',*,*,#2182,.T.);
#2945=ORIENTED_EDGE('',*,*,#2190,.F.);
#2946=ORIENTED_EDGE('',*,*,#2186,.T.);
#2947=ORIENTED_EDGE('',*,*,#2190,.T.);
#2948=ORIENTED_EDGE('',*,*,#2181,.T.);
#2949=ORIENTED_EDGE('',*,*,#2187,.F.);
#2950=ORIENTED_EDGE('',*,*,#2191,.T.);
#2951=ORIENTED_EDGE('',*,*,#2192,.T.);
#2952=ORIENTED_EDGE('',*,*,#2193,.F.);
#2953=ORIENTED_EDGE('',*,*,#2194,.F.);
#2954=ORIENTED_EDGE('',*,*,#2193,.T.);
#2955=ORIENTED_EDGE('',*,*,#2195,.T.);
#2956=ORIENTED_EDGE('',*,*,#2196,.F.);
#2957=ORIENTED_EDGE('',*,*,#2197,.F.);
#2958=ORIENTED_EDGE('',*,*,#2168,.F.);
#2959=ORIENTED_EDGE('',*,*,#2198,.F.);
#2960=ORIENTED_EDGE('',*,*,#2173,.T.);
#2961=ORIENTED_EDGE('',*,*,#2199,.T.);
#2962=ORIENTED_EDGE('',*,*,#2200,.T.);
#2963=ORIENTED_EDGE('',*,*,#2201,.T.);
#2964=ORIENTED_EDGE('',*,*,#2177,.T.);
#2965=ORIENTED_EDGE('',*,*,#2202,.T.);
#2966=ORIENTED_EDGE('',*,*,#2203,.T.);
#2967=ORIENTED_EDGE('',*,*,#2202,.F.);
#2968=ORIENTED_EDGE('',*,*,#2176,.T.);
#2969=ORIENTED_EDGE('',*,*,#2204,.T.);
#2970=ORIENTED_EDGE('',*,*,#2205,.T.);
#2971=ORIENTED_EDGE('',*,*,#2204,.F.);
#2972=ORIENTED_EDGE('',*,*,#2175,.T.);
#2973=ORIENTED_EDGE('',*,*,#2206,.T.);
#2974=ORIENTED_EDGE('',*,*,#2207,.T.);
#2975=ORIENTED_EDGE('',*,*,#2206,.F.);
#2976=ORIENTED_EDGE('',*,*,#2174,.F.);
#2977=ORIENTED_EDGE('',*,*,#2198,.T.);
#2978=ORIENTED_EDGE('',*,*,#2208,.F.);
#2979=ORIENTED_EDGE('',*,*,#2196,.T.);
#2980=ORIENTED_EDGE('',*,*,#2209,.T.);
#2981=ORIENTED_EDGE('',*,*,#2210,.F.);
#2982=ORIENTED_EDGE('',*,*,#2211,.F.);
#2983=ORIENTED_EDGE('',*,*,#2210,.T.);
#2984=ORIENTED_EDGE('',*,*,#2212,.T.);
#2985=ORIENTED_EDGE('',*,*,#2191,.F.);
#2986=ORIENTED_EDGE('',*,*,#2213,.F.);
#2987=ORIENTED_EDGE('',*,*,#2167,.F.);
#2988=ORIENTED_EDGE('',*,*,#2150,.F.);
#2989=ORIENTED_EDGE('',*,*,#2214,.F.);
#2990=ORIENTED_EDGE('',*,*,#2215,.T.);
#2991=ORIENTED_EDGE('',*,*,#2152,.F.);
#2992=ORIENTED_EDGE('',*,*,#2216,.F.);
#2993=ORIENTED_EDGE('',*,*,#2217,.F.);
#2994=ORIENTED_EDGE('',*,*,#2218,.F.);
#2995=ORIENTED_EDGE('',*,*,#2219,.F.);
#2996=ORIENTED_EDGE('',*,*,#2218,.T.);
#2997=ORIENTED_EDGE('',*,*,#2220,.T.);
#2998=ORIENTED_EDGE('',*,*,#2221,.T.);
#2999=ORIENTED_EDGE('',*,*,#2222,.F.);
#3000=ORIENTED_EDGE('',*,*,#2217,.T.);
#3001=ORIENTED_EDGE('',*,*,#2223,.T.);
#3002=ORIENTED_EDGE('',*,*,#2224,.T.);
#3003=ORIENTED_EDGE('',*,*,#2225,.T.);
#3004=ORIENTED_EDGE('',*,*,#2220,.F.);
#3005=ORIENTED_EDGE('',*,*,#2226,.T.);
#3006=ORIENTED_EDGE('',*,*,#2227,.T.);
#3007=ORIENTED_EDGE('',*,*,#2228,.T.);
#3008=ORIENTED_EDGE('',*,*,#2224,.F.);
#3009=ORIENTED_EDGE('',*,*,#2229,.T.);
#3010=ORIENTED_EDGE('',*,*,#2219,.T.);
#3011=ORIENTED_EDGE('',*,*,#2222,.T.);
#3012=ORIENTED_EDGE('',*,*,#2230,.T.);
#3013=ORIENTED_EDGE('',*,*,#2227,.F.);
#3014=ORIENTED_EDGE('',*,*,#2230,.F.);
#3015=ORIENTED_EDGE('',*,*,#2221,.F.);
#3016=ORIENTED_EDGE('',*,*,#2225,.F.);
#3017=ORIENTED_EDGE('',*,*,#2228,.F.);
#3018=ORIENTED_EDGE('',*,*,#2142,.F.);
#3019=ORIENTED_EDGE('',*,*,#2163,.F.);
#3020=ORIENTED_EDGE('',*,*,#2231,.T.);
#3021=ORIENTED_EDGE('',*,*,#2232,.F.);
#3022=ORIENTED_EDGE('',*,*,#2229,.F.);
#3023=ORIENTED_EDGE('',*,*,#2226,.F.);
#3024=ORIENTED_EDGE('',*,*,#2223,.F.);
#3025=ORIENTED_EDGE('',*,*,#2233,.F.);
#3026=ORIENTED_EDGE('',*,*,#2234,.T.);
#3027=ORIENTED_EDGE('',*,*,#2235,.F.);
#3028=ORIENTED_EDGE('',*,*,#2203,.F.);
#3029=ORIENTED_EDGE('',*,*,#2205,.F.);
#3030=ORIENTED_EDGE('',*,*,#2207,.F.);
#3031=ORIENTED_EDGE('',*,*,#2208,.T.);
#3032=ORIENTED_EDGE('',*,*,#2200,.F.);
#3033=ORIENTED_EDGE('',*,*,#2236,.F.);
#3034=ORIENTED_EDGE('',*,*,#2237,.F.);
#3035=ORIENTED_EDGE('',*,*,#2238,.T.);
#3036=ORIENTED_EDGE('',*,*,#2239,.F.);
#3037=ORIENTED_EDGE('',*,*,#2240,.T.);
#3038=ORIENTED_EDGE('',*,*,#2241,.T.);
#3039=ORIENTED_EDGE('',*,*,#2242,.F.);
#3040=ORIENTED_EDGE('',*,*,#2243,.F.);
#3041=ORIENTED_EDGE('',*,*,#2244,.F.);
#3042=ORIENTED_EDGE('',*,*,#2242,.T.);
#3043=ORIENTED_EDGE('',*,*,#2245,.T.);
#3044=ORIENTED_EDGE('',*,*,#2246,.F.);
#3045=ORIENTED_EDGE('',*,*,#2247,.F.);
#3046=ORIENTED_EDGE('',*,*,#2246,.T.);
#3047=ORIENTED_EDGE('',*,*,#2248,.T.);
#3048=ORIENTED_EDGE('',*,*,#2249,.F.);
#3049=ORIENTED_EDGE('',*,*,#2250,.F.);
#3050=ORIENTED_EDGE('',*,*,#2251,.F.);
#3051=ORIENTED_EDGE('',*,*,#2249,.T.);
#3052=ORIENTED_EDGE('',*,*,#2252,.T.);
#3053=ORIENTED_EDGE('',*,*,#2240,.F.);
#3054=ORIENTED_EDGE('',*,*,#2253,.T.);
#3055=ORIENTED_EDGE('',*,*,#2254,.T.);
#3056=ORIENTED_EDGE('',*,*,#2250,.T.);
#3057=ORIENTED_EDGE('',*,*,#2254,.F.);
#3058=ORIENTED_EDGE('',*,*,#2243,.T.);
#3059=ORIENTED_EDGE('',*,*,#2255,.T.);
#3060=ORIENTED_EDGE('',*,*,#2238,.F.);
#3061=ORIENTED_EDGE('',*,*,#2255,.F.);
#3062=ORIENTED_EDGE('',*,*,#2236,.T.);
#3063=ORIENTED_EDGE('',*,*,#2199,.F.);
#3064=ORIENTED_EDGE('',*,*,#2172,.F.);
#3065=ORIENTED_EDGE('',*,*,#2256,.F.);
#3066=ORIENTED_EDGE('',*,*,#2257,.F.);
#3067=ORIENTED_EDGE('',*,*,#2258,.F.);
#3068=ORIENTED_EDGE('',*,*,#2259,.F.);
#3069=ORIENTED_EDGE('',*,*,#2260,.F.);
#3070=ORIENTED_EDGE('',*,*,#2157,.F.);
#3071=ORIENTED_EDGE('',*,*,#2261,.T.);
#3072=ORIENTED_EDGE('',*,*,#2262,.T.);
#3073=ORIENTED_EDGE('',*,*,#2263,.T.);
#3074=ORIENTED_EDGE('',*,*,#2264,.F.);
#3075=ORIENTED_EDGE('',*,*,#2265,.T.);
#3076=ORIENTED_EDGE('',*,*,#2266,.T.);
#3077=ORIENTED_EDGE('',*,*,#2267,.T.);
#3078=ORIENTED_EDGE('',*,*,#2259,.T.);
#3079=ORIENTED_EDGE('',*,*,#2268,.T.);
#3080=ORIENTED_EDGE('',*,*,#2266,.F.);
#3081=ORIENTED_EDGE('',*,*,#2269,.T.);
#3082=ORIENTED_EDGE('',*,*,#2162,.F.);
#3083=ORIENTED_EDGE('',*,*,#2270,.F.);
#3084=ORIENTED_EDGE('',*,*,#2271,.F.);
#3085=ORIENTED_EDGE('',*,*,#2231,.F.);
#3086=ORIENTED_EDGE('',*,*,#2272,.T.);
#3087=ORIENTED_EDGE('',*,*,#2270,.T.);
#3088=ORIENTED_EDGE('',*,*,#2161,.F.);
#3089=ORIENTED_EDGE('',*,*,#2273,.F.);
#3090=ORIENTED_EDGE('',*,*,#2274,.T.);
#3091=ORIENTED_EDGE('',*,*,#2273,.T.);
#3092=ORIENTED_EDGE('',*,*,#2160,.F.);
#3093=ORIENTED_EDGE('',*,*,#2275,.F.);
#3094=ORIENTED_EDGE('',*,*,#2276,.T.);
#3095=ORIENTED_EDGE('',*,*,#2275,.T.);
#3096=ORIENTED_EDGE('',*,*,#2159,.F.);
#3097=ORIENTED_EDGE('',*,*,#2277,.F.);
#3098=ORIENTED_EDGE('',*,*,#2257,.T.);
#3099=ORIENTED_EDGE('',*,*,#2278,.T.);
#3100=ORIENTED_EDGE('',*,*,#2279,.T.);
#3101=ORIENTED_EDGE('',*,*,#2280,.T.);
#3102=ORIENTED_EDGE('',*,*,#2281,.T.);
#3103=ORIENTED_EDGE('',*,*,#2282,.T.);
#3104=ORIENTED_EDGE('',*,*,#2283,.F.);
#3105=ORIENTED_EDGE('',*,*,#2282,.F.);
#3106=ORIENTED_EDGE('',*,*,#2264,.T.);
#3107=ORIENTED_EDGE('',*,*,#2284,.T.);
#3108=ORIENTED_EDGE('',*,*,#2285,.T.);
#3109=ORIENTED_EDGE('',*,*,#2286,.T.);
#3110=ORIENTED_EDGE('',*,*,#2287,.F.);
#3111=ORIENTED_EDGE('',*,*,#2237,.T.);
#3112=ORIENTED_EDGE('',*,*,#2256,.T.);
#3113=ORIENTED_EDGE('',*,*,#2171,.T.);
#3114=ORIENTED_EDGE('',*,*,#2288,.T.);
#3115=ORIENTED_EDGE('',*,*,#2289,.T.);
#3116=ORIENTED_EDGE('',*,*,#2285,.F.);
#3117=ORIENTED_EDGE('',*,*,#2290,.T.);
#3118=ORIENTED_EDGE('',*,*,#2253,.F.);
#3119=ORIENTED_EDGE('',*,*,#2291,.F.);
#3120=ORIENTED_EDGE('',*,*,#2291,.T.);
#3121=ORIENTED_EDGE('',*,*,#2292,.T.);
#3122=ORIENTED_EDGE('',*,*,#2293,.T.);
#3123=ORIENTED_EDGE('',*,*,#2292,.F.);
#3124=ORIENTED_EDGE('',*,*,#2294,.F.);
#3125=ORIENTED_EDGE('',*,*,#2295,.T.);
#3126=ORIENTED_EDGE('',*,*,#2296,.T.);
#3127=ORIENTED_EDGE('',*,*,#2297,.F.);
#3128=ORIENTED_EDGE('',*,*,#2281,.F.);
#3129=ORIENTED_EDGE('',*,*,#2298,.F.);
#3130=ORIENTED_EDGE('',*,*,#2299,.T.);
#3131=ORIENTED_EDGE('',*,*,#2300,.T.);
#3132=ORIENTED_EDGE('',*,*,#2295,.F.);
#3133=ORIENTED_EDGE('',*,*,#2301,.F.);
#3134=ORIENTED_EDGE('',*,*,#2302,.T.);
#3135=ORIENTED_EDGE('',*,*,#2303,.T.);
#3136=ORIENTED_EDGE('',*,*,#2299,.F.);
#3137=ORIENTED_EDGE('',*,*,#2293,.F.);
#3138=ORIENTED_EDGE('',*,*,#2304,.F.);
#3139=ORIENTED_EDGE('',*,*,#2297,.T.);
#3140=ORIENTED_EDGE('',*,*,#2305,.T.);
#3141=ORIENTED_EDGE('',*,*,#2302,.F.);
#3142=ORIENTED_EDGE('',*,*,#2283,.T.);
#3143=ORIENTED_EDGE('',*,*,#2277,.T.);
#3144=ORIENTED_EDGE('',*,*,#2158,.F.);
#3145=ORIENTED_EDGE('',*,*,#2263,.F.);
#3146=ORIENTED_EDGE('',*,*,#2306,.F.);
#3147=ORIENTED_EDGE('',*,*,#2307,.F.);
#3148=ORIENTED_EDGE('',*,*,#2279,.F.);
#3149=ORIENTED_EDGE('',*,*,#2308,.T.);
#3150=ORIENTED_EDGE('',*,*,#2309,.F.);
#3151=ORIENTED_EDGE('',*,*,#2310,.F.);
#3152=ORIENTED_EDGE('',*,*,#2290,.F.);
#3153=ORIENTED_EDGE('',*,*,#2284,.F.);
#3154=ORIENTED_EDGE('',*,*,#2267,.F.);
#3155=ORIENTED_EDGE('',*,*,#2268,.F.);
#3156=ORIENTED_EDGE('',*,*,#2258,.T.);
#3157=ORIENTED_EDGE('',*,*,#2280,.F.);
#3158=ORIENTED_EDGE('',*,*,#2307,.T.);
#3159=ORIENTED_EDGE('',*,*,#2311,.F.);
#3160=ORIENTED_EDGE('',*,*,#2312,.T.);
#3161=ORIENTED_EDGE('',*,*,#2234,.F.);
#3162=ORIENTED_EDGE('',*,*,#2287,.T.);
#3163=ORIENTED_EDGE('',*,*,#2310,.T.);
#3164=ORIENTED_EDGE('',*,*,#2213,.T.);
#3165=ORIENTED_EDGE('',*,*,#2194,.T.);
#3166=ORIENTED_EDGE('',*,*,#2197,.T.);
#3167=ORIENTED_EDGE('',*,*,#2211,.T.);
#3168=ORIENTED_EDGE('',*,*,#2239,.T.);
#3169=ORIENTED_EDGE('',*,*,#2244,.T.);
#3170=ORIENTED_EDGE('',*,*,#2247,.T.);
#3171=ORIENTED_EDGE('',*,*,#2251,.T.);
#3172=ORIENTED_EDGE('',*,*,#2304,.T.);
#3173=ORIENTED_EDGE('',*,*,#2301,.T.);
#3174=ORIENTED_EDGE('',*,*,#2298,.T.);
#3175=ORIENTED_EDGE('',*,*,#2294,.T.);
#3176=ORIENTED_EDGE('',*,*,#2313,.T.);
#3177=ORIENTED_EDGE('',*,*,#2314,.T.);
#3178=ORIENTED_EDGE('',*,*,#2315,.T.);
#3179=ORIENTED_EDGE('',*,*,#2316,.T.);
#3180=ORIENTED_EDGE('',*,*,#2317,.T.);
#3181=ORIENTED_EDGE('',*,*,#2318,.T.);
#3182=ORIENTED_EDGE('',*,*,#2319,.F.);
#3183=ORIENTED_EDGE('',*,*,#2318,.F.);
#3184=ORIENTED_EDGE('',*,*,#2320,.T.);
#3185=ORIENTED_EDGE('',*,*,#2321,.T.);
#3186=ORIENTED_EDGE('',*,*,#2322,.T.);
#3187=ORIENTED_EDGE('',*,*,#2321,.F.);
#3188=ORIENTED_EDGE('',*,*,#2308,.F.);
#3189=ORIENTED_EDGE('',*,*,#2278,.F.);
#3190=ORIENTED_EDGE('',*,*,#2260,.T.);
#3191=ORIENTED_EDGE('',*,*,#2269,.F.);
#3192=ORIENTED_EDGE('',*,*,#2265,.F.);
#3193=ORIENTED_EDGE('',*,*,#2286,.F.);
#3194=ORIENTED_EDGE('',*,*,#2289,.F.);
#3195=ORIENTED_EDGE('',*,*,#2323,.T.);
#3196=ORIENTED_EDGE('',*,*,#2324,.F.);
#3197=ORIENTED_EDGE('',*,*,#2170,.T.);
#3198=ORIENTED_EDGE('',*,*,#2325,.F.);
#3199=ORIENTED_EDGE('',*,*,#2323,.F.);
#3200=ORIENTED_EDGE('',*,*,#2288,.F.);
#3201=ORIENTED_EDGE('',*,*,#2145,.T.);
#3202=ORIENTED_EDGE('',*,*,#2135,.F.);
#3203=ORIENTED_EDGE('',*,*,#2143,.F.);
#3204=ORIENTED_EDGE('',*,*,#2139,.F.);
#3205=ORIENTED_EDGE('',*,*,#2233,.T.);
#3206=ORIENTED_EDGE('',*,*,#2216,.T.);
#3207=ORIENTED_EDGE('',*,*,#2232,.T.);
#3208=ORIENTED_EDGE('',*,*,#2271,.T.);
#3209=ORIENTED_EDGE('',*,*,#2272,.F.);
#3210=ORIENTED_EDGE('',*,*,#2274,.F.);
#3211=ORIENTED_EDGE('',*,*,#2276,.F.);
#3212=ORIENTED_EDGE('',*,*,#2306,.T.);
#3213=ORIENTED_EDGE('',*,*,#2262,.F.);
#3214=ORIENTED_EDGE('',*,*,#2326,.T.);
#3215=ORIENTED_EDGE('',*,*,#2327,.F.);
#3216=ORIENTED_EDGE('',*,*,#2328,.F.);
#3217=ORIENTED_EDGE('',*,*,#2329,.F.);
#3218=ORIENTED_EDGE('',*,*,#2214,.T.);
#3219=ORIENTED_EDGE('',*,*,#2149,.T.);
#3220=ORIENTED_EDGE('',*,*,#2179,.T.);
#3221=ORIENTED_EDGE('',*,*,#2212,.F.);
#3222=ORIENTED_EDGE('',*,*,#2209,.F.);
#3223=ORIENTED_EDGE('',*,*,#2195,.F.);
#3224=ORIENTED_EDGE('',*,*,#2192,.F.);
#3225=ORIENTED_EDGE('',*,*,#2241,.F.);
#3226=ORIENTED_EDGE('',*,*,#2252,.F.);
#3227=ORIENTED_EDGE('',*,*,#2248,.F.);
#3228=ORIENTED_EDGE('',*,*,#2245,.F.);
#3229=ORIENTED_EDGE('',*,*,#2305,.F.);
#3230=ORIENTED_EDGE('',*,*,#2296,.F.);
#3231=ORIENTED_EDGE('',*,*,#2300,.F.);
#3232=ORIENTED_EDGE('',*,*,#2303,.F.);
#3233=ORIENTED_EDGE('',*,*,#2330,.F.);
#3234=ORIENTED_EDGE('',*,*,#2331,.F.);
#3235=ORIENTED_EDGE('',*,*,#2332,.F.);
#3236=ORIENTED_EDGE('',*,*,#2333,.F.);
#3237=ORIENTED_EDGE('',*,*,#2316,.F.);
#3238=ORIENTED_EDGE('',*,*,#2334,.T.);
#3239=ORIENTED_EDGE('',*,*,#2331,.T.);
#3240=ORIENTED_EDGE('',*,*,#2335,.F.);
#3241=ORIENTED_EDGE('',*,*,#2322,.F.);
#3242=ORIENTED_EDGE('',*,*,#2315,.F.);
#3243=ORIENTED_EDGE('',*,*,#2336,.T.);
#3244=ORIENTED_EDGE('',*,*,#2332,.T.);
#3245=ORIENTED_EDGE('',*,*,#2334,.F.);
#3246=ORIENTED_EDGE('',*,*,#2314,.F.);
#3247=ORIENTED_EDGE('',*,*,#2337,.T.);
#3248=ORIENTED_EDGE('',*,*,#2333,.T.);
#3249=ORIENTED_EDGE('',*,*,#2336,.F.);
#3250=ORIENTED_EDGE('',*,*,#2317,.F.);
#3251=ORIENTED_EDGE('',*,*,#2313,.F.);
#3252=ORIENTED_EDGE('',*,*,#2335,.T.);
#3253=ORIENTED_EDGE('',*,*,#2330,.T.);
#3254=ORIENTED_EDGE('',*,*,#2337,.F.);
#3255=ORIENTED_EDGE('',*,*,#2325,.T.);
#3256=ORIENTED_EDGE('',*,*,#2178,.T.);
#3257=ORIENTED_EDGE('',*,*,#2201,.F.);
#3258=ORIENTED_EDGE('',*,*,#2235,.T.);
#3259=ORIENTED_EDGE('',*,*,#2312,.F.);
#3260=ORIENTED_EDGE('',*,*,#2311,.T.);
#3261=ORIENTED_EDGE('',*,*,#2309,.T.);
#3262=ORIENTED_EDGE('',*,*,#2324,.T.);
#3263=ORIENTED_EDGE('',*,*,#2165,.F.);
#3264=ORIENTED_EDGE('',*,*,#2320,.F.);
#3265=ORIENTED_EDGE('',*,*,#2319,.T.);
#3266=ORIENTED_EDGE('',*,*,#2338,.F.);
#3267=ORIENTED_EDGE('',*,*,#2326,.F.);
#3268=ORIENTED_EDGE('',*,*,#2261,.F.);
#3269=ORIENTED_EDGE('',*,*,#2156,.F.);
#3270=ORIENTED_EDGE('',*,*,#2339,.F.);
#3271=ORIENTED_EDGE('',*,*,#2340,.F.);
#3272=ORIENTED_EDGE('',*,*,#2340,.T.);
#3273=ORIENTED_EDGE('',*,*,#2341,.T.);
#3274=ORIENTED_EDGE('',*,*,#2342,.F.);
#3275=ORIENTED_EDGE('',*,*,#2343,.T.);
#3276=ORIENTED_EDGE('',*,*,#2344,.T.);
#3277=ORIENTED_EDGE('',*,*,#2342,.T.);
#3278=ORIENTED_EDGE('',*,*,#2341,.F.);
#3279=ORIENTED_EDGE('',*,*,#2339,.T.);
#3280=ORIENTED_EDGE('',*,*,#2155,.F.);
#3281=ORIENTED_EDGE('',*,*,#2345,.F.);
#3282=ORIENTED_EDGE('',*,*,#2327,.T.);
#3283=ORIENTED_EDGE('',*,*,#2338,.T.);
#3284=ORIENTED_EDGE('',*,*,#2343,.F.);
#3285=ORIENTED_EDGE('',*,*,#2344,.F.);
#3286=ORIENTED_EDGE('',*,*,#2328,.T.);
#3287=ORIENTED_EDGE('',*,*,#2345,.T.);
#3288=ORIENTED_EDGE('',*,*,#2154,.F.);
#3289=ORIENTED_EDGE('',*,*,#2346,.F.);
#3290=ORIENTED_EDGE('',*,*,#2329,.T.);
#3291=ORIENTED_EDGE('',*,*,#2346,.T.);
#3292=ORIENTED_EDGE('',*,*,#2153,.F.);
#3293=ORIENTED_EDGE('',*,*,#2215,.F.);
#3294=ORIENTED_EDGE('',*,*,#2347,.T.);
#3295=ORIENTED_EDGE('',*,*,#2348,.T.);
#3296=ORIENTED_EDGE('',*,*,#2349,.T.);
#3297=ORIENTED_EDGE('',*,*,#2350,.T.);
#3298=ORIENTED_EDGE('',*,*,#2351,.T.);
#3299=ORIENTED_EDGE('',*,*,#2352,.T.);
#3300=ORIENTED_EDGE('',*,*,#2353,.T.);
#3301=ORIENTED_EDGE('',*,*,#2354,.T.);
#3302=ORIENTED_EDGE('',*,*,#2355,.T.);
#3303=ORIENTED_EDGE('',*,*,#2356,.T.);
#3304=ORIENTED_EDGE('',*,*,#2357,.T.);
#3305=ORIENTED_EDGE('',*,*,#2358,.T.);
#3306=ORIENTED_EDGE('',*,*,#2359,.T.);
#3307=ORIENTED_EDGE('',*,*,#2350,.F.);
#3308=ORIENTED_EDGE('',*,*,#2360,.T.);
#3309=ORIENTED_EDGE('',*,*,#2361,.F.);
#3310=ORIENTED_EDGE('',*,*,#2360,.F.);
#3311=ORIENTED_EDGE('',*,*,#2357,.F.);
#3312=ORIENTED_EDGE('',*,*,#2362,.T.);
#3313=ORIENTED_EDGE('',*,*,#2363,.F.);
#3314=ORIENTED_EDGE('',*,*,#2362,.F.);
#3315=ORIENTED_EDGE('',*,*,#2356,.F.);
#3316=ORIENTED_EDGE('',*,*,#2364,.T.);
#3317=ORIENTED_EDGE('',*,*,#2365,.F.);
#3318=ORIENTED_EDGE('',*,*,#2364,.F.);
#3319=ORIENTED_EDGE('',*,*,#2349,.F.);
#3320=ORIENTED_EDGE('',*,*,#2366,.T.);
#3321=ORIENTED_EDGE('',*,*,#2367,.F.);
#3322=ORIENTED_EDGE('',*,*,#2366,.F.);
#3323=ORIENTED_EDGE('',*,*,#2347,.F.);
#3324=ORIENTED_EDGE('',*,*,#2368,.T.);
#3325=ORIENTED_EDGE('',*,*,#2369,.F.);
#3326=ORIENTED_EDGE('',*,*,#2368,.F.);
#3327=ORIENTED_EDGE('',*,*,#2370,.F.);
#3328=ORIENTED_EDGE('',*,*,#2371,.T.);
#3329=ORIENTED_EDGE('',*,*,#2353,.F.);
#3330=ORIENTED_EDGE('',*,*,#2372,.F.);
#3331=ORIENTED_EDGE('',*,*,#2370,.T.);
#3332=ORIENTED_EDGE('',*,*,#2373,.F.);
#3333=ORIENTED_EDGE('',*,*,#2374,.F.);
#3334=ORIENTED_EDGE('',*,*,#2375,.F.);
#3335=ORIENTED_EDGE('',*,*,#2376,.F.);
#3336=ORIENTED_EDGE('',*,*,#2377,.T.);
#3337=ORIENTED_EDGE('',*,*,#2378,.F.);
#3338=ORIENTED_EDGE('',*,*,#2379,.F.);
#3339=ORIENTED_EDGE('',*,*,#2380,.F.);
#3340=ORIENTED_EDGE('',*,*,#2381,.F.);
#3341=ORIENTED_EDGE('',*,*,#2382,.F.);
#3342=ORIENTED_EDGE('',*,*,#2383,.F.);
#3343=ORIENTED_EDGE('',*,*,#2384,.F.);
#3344=ORIENTED_EDGE('',*,*,#2385,.F.);
#3345=ORIENTED_EDGE('',*,*,#2386,.F.);
#3346=ORIENTED_EDGE('',*,*,#2387,.T.);
#3347=ORIENTED_EDGE('',*,*,#2388,.F.);
#3348=ORIENTED_EDGE('',*,*,#2389,.F.);
#3349=ORIENTED_EDGE('',*,*,#2390,.F.);
#3350=ORIENTED_EDGE('',*,*,#2391,.F.);
#3351=ORIENTED_EDGE('',*,*,#2392,.F.);
#3352=ORIENTED_EDGE('',*,*,#2393,.F.);
#3353=ORIENTED_EDGE('',*,*,#2361,.T.);
#3354=ORIENTED_EDGE('',*,*,#2363,.T.);
#3355=ORIENTED_EDGE('',*,*,#2365,.T.);
#3356=ORIENTED_EDGE('',*,*,#2367,.T.);
#3357=ORIENTED_EDGE('',*,*,#2369,.T.);
#3358=ORIENTED_EDGE('',*,*,#2394,.T.);
#3359=ORIENTED_EDGE('',*,*,#2395,.T.);
#3360=ORIENTED_EDGE('',*,*,#2358,.F.);
#3361=ORIENTED_EDGE('',*,*,#2396,.T.);
#3362=ORIENTED_EDGE('',*,*,#2395,.F.);
#3363=ORIENTED_EDGE('',*,*,#2396,.F.);
#3364=ORIENTED_EDGE('',*,*,#2351,.F.);
#3365=ORIENTED_EDGE('',*,*,#2397,.T.);
#3366=ORIENTED_EDGE('',*,*,#2394,.F.);
#3367=ORIENTED_EDGE('',*,*,#2397,.F.);
#3368=ORIENTED_EDGE('',*,*,#2375,.T.);
#3369=ORIENTED_EDGE('',*,*,#2398,.T.);
#3370=ORIENTED_EDGE('',*,*,#2399,.T.);
#3371=ORIENTED_EDGE('',*,*,#2400,.T.);
#3372=ORIENTED_EDGE('',*,*,#2400,.F.);
#3373=ORIENTED_EDGE('',*,*,#2401,.T.);
#3374=ORIENTED_EDGE('',*,*,#2402,.T.);
#3375=ORIENTED_EDGE('',*,*,#2376,.T.);
#3376=ORIENTED_EDGE('',*,*,#2402,.F.);
#3377=ORIENTED_EDGE('',*,*,#2403,.F.);
#3378=ORIENTED_EDGE('',*,*,#2404,.F.);
#3379=ORIENTED_EDGE('',*,*,#2377,.F.);
#3380=ORIENTED_EDGE('',*,*,#2405,.T.);
#3381=ORIENTED_EDGE('',*,*,#2406,.T.);
#3382=ORIENTED_EDGE('',*,*,#2389,.T.);
#3383=ORIENTED_EDGE('',*,*,#2407,.T.);
#3384=ORIENTED_EDGE('',*,*,#2399,.F.);
#3385=ORIENTED_EDGE('',*,*,#2408,.T.);
#3386=ORIENTED_EDGE('',*,*,#2409,.T.);
#3387=ORIENTED_EDGE('',*,*,#2410,.T.);
#3388=ORIENTED_EDGE('',*,*,#2411,.T.);
#3389=ORIENTED_EDGE('',*,*,#2412,.T.);
#3390=ORIENTED_EDGE('',*,*,#2405,.F.);
#3391=ORIENTED_EDGE('',*,*,#2413,.F.);
#3392=ORIENTED_EDGE('',*,*,#2414,.T.);
#3393=ORIENTED_EDGE('',*,*,#2415,.F.);
#3394=ORIENTED_EDGE('',*,*,#2416,.F.);
#3395=ORIENTED_EDGE('',*,*,#2417,.T.);
#3396=ORIENTED_EDGE('',*,*,#2418,.T.);
#3397=ORIENTED_EDGE('',*,*,#2419,.T.);
#3398=ORIENTED_EDGE('',*,*,#2420,.T.);
#3399=ORIENTED_EDGE('',*,*,#2421,.T.);
#3400=ORIENTED_EDGE('',*,*,#2422,.F.);
#3401=ORIENTED_EDGE('',*,*,#2423,.F.);
#3402=ORIENTED_EDGE('',*,*,#2403,.T.);
#3403=ORIENTED_EDGE('',*,*,#2401,.F.);
#3404=ORIENTED_EDGE('',*,*,#2424,.T.);
#3405=ORIENTED_EDGE('',*,*,#2425,.T.);
#3406=ORIENTED_EDGE('',*,*,#2426,.T.);
#3407=ORIENTED_EDGE('',*,*,#2427,.T.);
#3408=ORIENTED_EDGE('',*,*,#2407,.F.);
#3409=ORIENTED_EDGE('',*,*,#2388,.T.);
#3410=ORIENTED_EDGE('',*,*,#2428,.T.);
#3411=ORIENTED_EDGE('',*,*,#2413,.T.);
#3412=ORIENTED_EDGE('',*,*,#2428,.F.);
#3413=ORIENTED_EDGE('',*,*,#2387,.F.);
#3414=ORIENTED_EDGE('',*,*,#2429,.F.);
#3415=ORIENTED_EDGE('',*,*,#2414,.F.);
#3416=ORIENTED_EDGE('',*,*,#2385,.T.);
#3417=ORIENTED_EDGE('',*,*,#2430,.T.);
#3418=ORIENTED_EDGE('',*,*,#2416,.T.);
#3419=ORIENTED_EDGE('',*,*,#2431,.T.);
#3420=ORIENTED_EDGE('',*,*,#2431,.F.);
#3421=ORIENTED_EDGE('',*,*,#2415,.T.);
#3422=ORIENTED_EDGE('',*,*,#2429,.T.);
#3423=ORIENTED_EDGE('',*,*,#2386,.T.);
#3424=ORIENTED_EDGE('',*,*,#2422,.T.);
#3425=ORIENTED_EDGE('',*,*,#2432,.T.);
#3426=ORIENTED_EDGE('',*,*,#2379,.T.);
#3427=ORIENTED_EDGE('',*,*,#2433,.T.);
#3428=ORIENTED_EDGE('',*,*,#2432,.F.);
#3429=ORIENTED_EDGE('',*,*,#2421,.F.);
#3430=ORIENTED_EDGE('',*,*,#2434,.F.);
#3431=ORIENTED_EDGE('',*,*,#2380,.T.);
#3432=ORIENTED_EDGE('',*,*,#2433,.F.);
#3433=ORIENTED_EDGE('',*,*,#2378,.T.);
#3434=ORIENTED_EDGE('',*,*,#2404,.T.);
#3435=ORIENTED_EDGE('',*,*,#2423,.T.);
#3436=ORIENTED_EDGE('',*,*,#2426,.F.);
#3437=ORIENTED_EDGE('',*,*,#2435,.T.);
#3438=ORIENTED_EDGE('',*,*,#2348,.F.);
#3439=ORIENTED_EDGE('',*,*,#2435,.F.);
#3440=ORIENTED_EDGE('',*,*,#2427,.F.);
#3441=ORIENTED_EDGE('',*,*,#2436,.T.);
#3442=ORIENTED_EDGE('',*,*,#2359,.F.);
#3443=ORIENTED_EDGE('',*,*,#2436,.F.);
#3444=ORIENTED_EDGE('',*,*,#2381,.T.);
#3445=ORIENTED_EDGE('',*,*,#2434,.T.);
#3446=ORIENTED_EDGE('',*,*,#2420,.F.);
#3447=ORIENTED_EDGE('',*,*,#2437,.F.);
#3448=ORIENTED_EDGE('',*,*,#2382,.T.);
#3449=ORIENTED_EDGE('',*,*,#2437,.T.);
#3450=ORIENTED_EDGE('',*,*,#2419,.F.);
#3451=ORIENTED_EDGE('',*,*,#2438,.F.);
#3452=ORIENTED_EDGE('',*,*,#2383,.T.);
#3453=ORIENTED_EDGE('',*,*,#2438,.T.);
#3454=ORIENTED_EDGE('',*,*,#2418,.F.);
#3455=ORIENTED_EDGE('',*,*,#2439,.F.);
#3456=ORIENTED_EDGE('',*,*,#2430,.F.);
#3457=ORIENTED_EDGE('',*,*,#2384,.T.);
#3458=ORIENTED_EDGE('',*,*,#2439,.T.);
#3459=ORIENTED_EDGE('',*,*,#2417,.F.);
#3460=ORIENTED_EDGE('',*,*,#2406,.F.);
#3461=ORIENTED_EDGE('',*,*,#2412,.F.);
#3462=ORIENTED_EDGE('',*,*,#2440,.F.);
#3463=ORIENTED_EDGE('',*,*,#2390,.T.);
#3464=ORIENTED_EDGE('',*,*,#2373,.T.);
#3465=ORIENTED_EDGE('',*,*,#2372,.T.);
#3466=ORIENTED_EDGE('',*,*,#2354,.F.);
#3467=ORIENTED_EDGE('',*,*,#2371,.F.);
#3468=ORIENTED_EDGE('',*,*,#2393,.T.);
#3469=ORIENTED_EDGE('',*,*,#2441,.T.);
#3470=ORIENTED_EDGE('',*,*,#2409,.F.);
#3471=ORIENTED_EDGE('',*,*,#2442,.F.);
#3472=ORIENTED_EDGE('',*,*,#2392,.T.);
#3473=ORIENTED_EDGE('',*,*,#2443,.T.);
#3474=ORIENTED_EDGE('',*,*,#2410,.F.);
#3475=ORIENTED_EDGE('',*,*,#2441,.F.);
#3476=ORIENTED_EDGE('',*,*,#2391,.T.);
#3477=ORIENTED_EDGE('',*,*,#2440,.T.);
#3478=ORIENTED_EDGE('',*,*,#2411,.F.);
#3479=ORIENTED_EDGE('',*,*,#2443,.F.);
#3480=ORIENTED_EDGE('',*,*,#2398,.F.);
#3481=ORIENTED_EDGE('',*,*,#2374,.T.);
#3482=ORIENTED_EDGE('',*,*,#2442,.T.);
#3483=ORIENTED_EDGE('',*,*,#2408,.F.);
#3484=ORIENTED_EDGE('',*,*,#2424,.F.);
#3485=ORIENTED_EDGE('',*,*,#2444,.T.);
#3486=ORIENTED_EDGE('',*,*,#2352,.F.);
#3487=ORIENTED_EDGE('',*,*,#2444,.F.);
#3488=ORIENTED_EDGE('',*,*,#2425,.F.);
#3489=ORIENTED_EDGE('',*,*,#2445,.T.);
#3490=ORIENTED_EDGE('',*,*,#2355,.F.);
#3491=ORIENTED_EDGE('',*,*,#2445,.F.);
#3492=CYLINDRICAL_SURFACE('',#3769,0.999999999999996);
#3493=CYLINDRICAL_SURFACE('',#3772,0.999999999999996);
#3494=CYLINDRICAL_SURFACE('',#3782,1.59992317138907);
#3495=CYLINDRICAL_SURFACE('',#3785,1.59992317138907);
#3496=CYLINDRICAL_SURFACE('',#3787,0.999999999999999);
#3497=CYLINDRICAL_SURFACE('',#3819,1.);
#3498=CYLINDRICAL_SURFACE('',#3830,1.5999807564933);
#3499=CYLINDRICAL_SURFACE('',#3832,1.5999807564933);
#3500=CYLINDRICAL_SURFACE('',#3843,0.999999999999996);
#3501=CYLINDRICAL_SURFACE('',#3850,1.59998075649327);
#3502=CYLINDRICAL_SURFACE('',#3858,1.59998075649327);
#3503=CYLINDRICAL_SURFACE('',#3867,0.999999999999999);
#3504=CYLINDRICAL_SURFACE('',#3870,1.5999807564933);
#3505=CYLINDRICAL_SURFACE('',#3873,1.5999807564933);
#3506=CYLINDRICAL_SURFACE('',#3876,0.999999999999999);
#3507=CYLINDRICAL_SURFACE('',#3888,1.5999807564933);
#3508=CYLINDRICAL_SURFACE('',#3893,0.999999999999995);
#3509=CYLINDRICAL_SURFACE('',#3894,0.999999999999996);
#3510=CYLINDRICAL_SURFACE('',#3897,0.999999999999996);
#3511=CYLINDRICAL_SURFACE('',#3907,1.59992317138907);
#3512=CYLINDRICAL_SURFACE('',#3910,1.59992317138907);
#3513=CYLINDRICAL_SURFACE('',#3912,0.999999999999999);
#3514=CYLINDRICAL_SURFACE('',#3944,1.);
#3515=CYLINDRICAL_SURFACE('',#3955,1.5999807564933);
#3516=CYLINDRICAL_SURFACE('',#3957,1.5999807564933);
#3517=CYLINDRICAL_SURFACE('',#3968,0.999999999999996);
#3518=CYLINDRICAL_SURFACE('',#3975,1.59998075649327);
#3519=CYLINDRICAL_SURFACE('',#3983,1.59998075649327);
#3520=CYLINDRICAL_SURFACE('',#3992,0.999999999999999);
#3521=CYLINDRICAL_SURFACE('',#3995,1.5999807564933);
#3522=CYLINDRICAL_SURFACE('',#3998,1.5999807564933);
#3523=CYLINDRICAL_SURFACE('',#4001,0.999999999999999);
#3524=CYLINDRICAL_SURFACE('',#4013,1.5999807564933);
#3525=CYLINDRICAL_SURFACE('',#4018,0.999999999999995);
#3526=CYLINDRICAL_SURFACE('',#4041,2.6);
#3527=CYLINDRICAL_SURFACE('',#4043,2.6);
#3528=CYLINDRICAL_SURFACE('',#4045,2.6);
#3529=CYLINDRICAL_SURFACE('',#4047,2.6);
#3530=CYLINDRICAL_SURFACE('',#4049,4.25);
#3531=CYLINDRICAL_SURFACE('',#4051,4.25);
#3532=CYLINDRICAL_SURFACE('',#4069,4.25);
#3533=CYLINDRICAL_SURFACE('',#4070,4.25);
#3534=CYLINDRICAL_SURFACE('',#4071,5.);
#3535=CYLINDRICAL_SURFACE('',#4073,5.);
#3536=CYLINDRICAL_SURFACE('',#4076,5.);
#3537=CYLINDRICAL_SURFACE('',#4092,5.);
#3538=CYLINDRICAL_SURFACE('',#4094,5.);
#3539=CYLINDRICAL_SURFACE('',#4095,5.);
#3540=CYLINDRICAL_SURFACE('',#4096,5.);
#3541=CYLINDRICAL_SURFACE('',#4098,5.);
#3542=CYLINDRICAL_SURFACE('',#4099,2.60031323100246);
#3543=CYLINDRICAL_SURFACE('',#4100,2.59918864784292);
#3544=CYLINDRICAL_SURFACE('',#4101,4.99999999999989);
#3545=CYLINDRICAL_SURFACE('',#4103,5.00000000000035);
#3546=CYLINDRICAL_SURFACE('',#4106,7.98266049763073);
#3547=CYLINDRICAL_SURFACE('',#4108,5.00000000000047);
#3548=CYLINDRICAL_SURFACE('',#4110,2.60031323100246);
#3549=CYLINDRICAL_SURFACE('',#4111,2.60124523337932);
#3550=ADVANCED_FACE('',(#256),#3492,.F.);
#3551=ADVANCED_FACE('',(#257),#3493,.F.);
#3552=ADVANCED_FACE('',(#258),#114,.F.);
#3553=ADVANCED_FACE('',(#259),#115,.T.);
#3554=ADVANCED_FACE('',(#260),#116,.T.);
#3555=ADVANCED_FACE('',(#261),#117,.F.);
#3556=ADVANCED_FACE('',(#262),#3494,.F.);
#3557=ADVANCED_FACE('',(#263),#3495,.F.);
#3558=ADVANCED_FACE('',(#264),#3496,.T.);
#3559=ADVANCED_FACE('',(#265),#118,.F.);
#3560=ADVANCED_FACE('',(#266),#119,.F.);
#3561=ADVANCED_FACE('',(#267),#120,.T.);
#3562=ADVANCED_FACE('',(#268),#121,.T.);
#3563=ADVANCED_FACE('',(#269),#122,.T.);
#3564=ADVANCED_FACE('',(#270),#123,.T.);
#3565=ADVANCED_FACE('',(#271),#124,.T.);
#3566=ADVANCED_FACE('',(#272,#33),#125,.T.);
#3567=ADVANCED_FACE('',(#273),#126,.T.);
#3568=ADVANCED_FACE('',(#274),#127,.T.);
#3569=ADVANCED_FACE('',(#275),#128,.F.);
#3570=ADVANCED_FACE('',(#276),#129,.T.);
#3571=ADVANCED_FACE('',(#277),#130,.T.);
#3572=ADVANCED_FACE('',(#278),#131,.T.);
#3573=ADVANCED_FACE('',(#279,#34),#132,.T.);
#3574=ADVANCED_FACE('',(#280),#133,.F.);
#3575=ADVANCED_FACE('',(#281),#134,.F.);
#3576=ADVANCED_FACE('',(#282),#135,.T.);
#3577=ADVANCED_FACE('',(#283),#136,.T.);
#3578=ADVANCED_FACE('',(#284),#137,.T.);
#3579=ADVANCED_FACE('',(#285),#138,.T.);
#3580=ADVANCED_FACE('',(#286),#139,.T.);
#3581=ADVANCED_FACE('',(#287),#140,.T.);
#3582=ADVANCED_FACE('',(#288),#3497,.T.);
#3583=ADVANCED_FACE('',(#289),#141,.F.);
#3584=ADVANCED_FACE('',(#290,#35),#142,.T.);
#3585=ADVANCED_FACE('',(#291),#143,.T.);
#3586=ADVANCED_FACE('',(#292,#36),#144,.T.);
#3587=ADVANCED_FACE('',(#293),#145,.T.);
#3588=ADVANCED_FACE('',(#294),#3498,.F.);
#3589=ADVANCED_FACE('',(#295),#3499,.F.);
#3590=ADVANCED_FACE('',(#296),#146,.T.);
#3591=ADVANCED_FACE('',(#297),#147,.T.);
#3592=ADVANCED_FACE('',(#298),#148,.F.);
#3593=ADVANCED_FACE('',(#299),#149,.F.);
#3594=ADVANCED_FACE('',(#300),#150,.T.);
#3595=ADVANCED_FACE('',(#301),#151,.F.);
#3596=ADVANCED_FACE('',(#302),#3500,.T.);
#3597=ADVANCED_FACE('',(#303),#152,.F.);
#3598=ADVANCED_FACE('',(#304),#153,.F.);
#3599=ADVANCED_FACE('',(#305),#154,.T.);
#3600=ADVANCED_FACE('',(#306),#3501,.F.);
#3601=ADVANCED_FACE('',(#307),#155,.T.);
#3602=ADVANCED_FACE('',(#308,#37,#38),#156,.T.);
#3603=ADVANCED_FACE('',(#309),#3502,.F.);
#3604=ADVANCED_FACE('',(#310,#39),#157,.T.);
#3605=ADVANCED_FACE('',(#311),#158,.T.);
#3606=ADVANCED_FACE('',(#312,#40),#159,.T.);
#3607=ADVANCED_FACE('',(#313),#160,.T.);
#3608=ADVANCED_FACE('',(#314),#161,.F.);
#3609=ADVANCED_FACE('',(#315),#162,.T.);
#3610=ADVANCED_FACE('',(#316),#163,.T.);
#3611=ADVANCED_FACE('',(#317),#3503,.T.);
#3612=ADVANCED_FACE('',(#318,#41,#42,#43,#44),#164,.F.);
#3613=ADVANCED_FACE('',(#319),#3504,.F.);
#3614=ADVANCED_FACE('',(#320),#3505,.F.);
#3615=ADVANCED_FACE('',(#321),#3506,.T.);
#3616=ADVANCED_FACE('',(#322,#45,#46,#47,#48,#49),#165,.T.);
#3617=ADVANCED_FACE('',(#323,#50),#166,.T.);
#3618=ADVANCED_FACE('',(#324),#167,.T.);
#3619=ADVANCED_FACE('',(#325,#51),#168,.T.);
#3620=ADVANCED_FACE('',(#326),#169,.T.);
#3621=ADVANCED_FACE('',(#327,#52,#53),#170,.T.);
#3622=ADVANCED_FACE('',(#328),#171,.F.);
#3623=ADVANCED_FACE('',(#329),#172,.T.);
#3624=ADVANCED_FACE('',(#330),#3507,.F.);
#3625=ADVANCED_FACE('',(#331),#173,.T.);
#3626=ADVANCED_FACE('',(#332),#174,.F.);
#3627=ADVANCED_FACE('',(#333),#175,.F.);
#3628=ADVANCED_FACE('',(#334),#3508,.T.);
#3629=ADVANCED_FACE('',(#335),#3509,.F.);
#3630=ADVANCED_FACE('',(#336),#3510,.F.);
#3631=ADVANCED_FACE('',(#337),#176,.T.);
#3632=ADVANCED_FACE('',(#338),#177,.F.);
#3633=ADVANCED_FACE('',(#339),#178,.F.);
#3634=ADVANCED_FACE('',(#340),#179,.T.);
#3635=ADVANCED_FACE('',(#341),#3511,.F.);
#3636=ADVANCED_FACE('',(#342),#3512,.F.);
#3637=ADVANCED_FACE('',(#343),#3513,.T.);
#3638=ADVANCED_FACE('',(#344),#180,.T.);
#3639=ADVANCED_FACE('',(#345),#181,.T.);
#3640=ADVANCED_FACE('',(#346),#182,.F.);
#3641=ADVANCED_FACE('',(#347),#183,.F.);
#3642=ADVANCED_FACE('',(#348),#184,.F.);
#3643=ADVANCED_FACE('',(#349),#185,.F.);
#3644=ADVANCED_FACE('',(#350),#186,.F.);
#3645=ADVANCED_FACE('',(#351,#54),#187,.F.);
#3646=ADVANCED_FACE('',(#352),#188,.F.);
#3647=ADVANCED_FACE('',(#353),#189,.F.);
#3648=ADVANCED_FACE('',(#354),#190,.T.);
#3649=ADVANCED_FACE('',(#355),#191,.F.);
#3650=ADVANCED_FACE('',(#356),#192,.F.);
#3651=ADVANCED_FACE('',(#357),#193,.F.);
#3652=ADVANCED_FACE('',(#358,#55),#194,.F.);
#3653=ADVANCED_FACE('',(#359),#195,.T.);
#3654=ADVANCED_FACE('',(#360),#196,.T.);
#3655=ADVANCED_FACE('',(#361),#197,.F.);
#3656=ADVANCED_FACE('',(#362),#198,.F.);
#3657=ADVANCED_FACE('',(#363),#199,.F.);
#3658=ADVANCED_FACE('',(#364),#200,.F.);
#3659=ADVANCED_FACE('',(#365),#201,.F.);
#3660=ADVANCED_FACE('',(#366),#202,.F.);
#3661=ADVANCED_FACE('',(#367),#3514,.T.);
#3662=ADVANCED_FACE('',(#368),#203,.T.);
#3663=ADVANCED_FACE('',(#369,#56),#204,.F.);
#3664=ADVANCED_FACE('',(#370),#205,.F.);
#3665=ADVANCED_FACE('',(#371,#57),#206,.F.);
#3666=ADVANCED_FACE('',(#372),#207,.F.);
#3667=ADVANCED_FACE('',(#373),#3515,.F.);
#3668=ADVANCED_FACE('',(#374),#3516,.F.);
#3669=ADVANCED_FACE('',(#375),#208,.F.);
#3670=ADVANCED_FACE('',(#376),#209,.F.);
#3671=ADVANCED_FACE('',(#377),#210,.T.);
#3672=ADVANCED_FACE('',(#378),#211,.T.);
#3673=ADVANCED_FACE('',(#379),#212,.F.);
#3674=ADVANCED_FACE('',(#380),#213,.T.);
#3675=ADVANCED_FACE('',(#381),#3517,.T.);
#3676=ADVANCED_FACE('',(#382),#214,.T.);
#3677=ADVANCED_FACE('',(#383),#215,.T.);
#3678=ADVANCED_FACE('',(#384),#216,.F.);
#3679=ADVANCED_FACE('',(#385),#3518,.F.);
#3680=ADVANCED_FACE('',(#386),#217,.F.);
#3681=ADVANCED_FACE('',(#387,#58,#59),#218,.F.);
#3682=ADVANCED_FACE('',(#388),#3519,.F.);
#3683=ADVANCED_FACE('',(#389,#60),#219,.F.);
#3684=ADVANCED_FACE('',(#390),#220,.F.);
#3685=ADVANCED_FACE('',(#391,#61),#221,.F.);
#3686=ADVANCED_FACE('',(#392),#222,.F.);
#3687=ADVANCED_FACE('',(#393),#223,.T.);
#3688=ADVANCED_FACE('',(#394),#224,.F.);
#3689=ADVANCED_FACE('',(#395),#225,.F.);
#3690=ADVANCED_FACE('',(#396),#3520,.T.);
#3691=ADVANCED_FACE('',(#397,#62,#63,#64,#65),#226,.T.);
#3692=ADVANCED_FACE('',(#398),#3521,.F.);
#3693=ADVANCED_FACE('',(#399),#3522,.F.);
#3694=ADVANCED_FACE('',(#400),#3523,.T.);
#3695=ADVANCED_FACE('',(#401,#66,#67,#68,#69,#70),#227,.F.);
#3696=ADVANCED_FACE('',(#402,#71),#228,.F.);
#3697=ADVANCED_FACE('',(#403),#229,.F.);
#3698=ADVANCED_FACE('',(#404,#72),#230,.F.);
#3699=ADVANCED_FACE('',(#405),#231,.F.);
#3700=ADVANCED_FACE('',(#406,#73,#74),#232,.F.);
#3701=ADVANCED_FACE('',(#407),#233,.T.);
#3702=ADVANCED_FACE('',(#408),#234,.F.);
#3703=ADVANCED_FACE('',(#409),#3524,.F.);
#3704=ADVANCED_FACE('',(#410),#235,.F.);
#3705=ADVANCED_FACE('',(#411),#236,.T.);
#3706=ADVANCED_FACE('',(#412),#237,.T.);
#3707=ADVANCED_FACE('',(#413),#3525,.T.);
#3708=ADVANCED_FACE('',(#414,#75),#238,.T.);
#3709=ADVANCED_FACE('',(#415),#239,.T.);
#3710=ADVANCED_FACE('',(#416),#240,.T.);
#3711=ADVANCED_FACE('',(#417,#76),#241,.T.);
#3712=ADVANCED_FACE('',(#418,#77),#242,.T.);
#3713=ADVANCED_FACE('',(#419),#243,.T.);
#3714=ADVANCED_FACE('',(#420),#244,.T.);
#3715=ADVANCED_FACE('',(#421,#78),#245,.T.);
#3716=ADVANCED_FACE('',(#422),#3526,.T.);
#3717=ADVANCED_FACE('',(#423),#3527,.T.);
#3718=ADVANCED_FACE('',(#424),#3528,.T.);
#3719=ADVANCED_FACE('',(#425),#3529,.T.);
#3720=ADVANCED_FACE('',(#426),#3530,.T.);
#3721=ADVANCED_FACE('',(#427),#3531,.T.);
#3722=ADVANCED_FACE('',(#428,#79,#80,#81,#82,#83,#84,#85),#246,.F.);
#3723=ADVANCED_FACE('',(#429),#3532,.T.);
#3724=ADVANCED_FACE('',(#430),#3533,.T.);
#3725=ADVANCED_FACE('',(#431),#3534,.T.);
#3726=ADVANCED_FACE('',(#432),#3535,.F.);
#3727=ADVANCED_FACE('',(#433),#247,.F.);
#3728=ADVANCED_FACE('',(#434),#3536,.T.);
#3729=ADVANCED_FACE('',(#435,#86,#87,#88,#89),#248,.T.);
#3730=ADVANCED_FACE('',(#436),#3537,.F.);
#3731=ADVANCED_FACE('',(#437),#249,.F.);
#3732=ADVANCED_FACE('',(#438),#3538,.T.);
#3733=ADVANCED_FACE('',(#439),#3539,.F.);
#3734=ADVANCED_FACE('',(#440),#3540,.T.);
#3735=ADVANCED_FACE('',(#441),#250,.T.);
#3736=ADVANCED_FACE('',(#442),#3541,.F.);
#3737=ADVANCED_FACE('',(#443),#3542,.F.);
#3738=ADVANCED_FACE('',(#444),#3543,.F.);
#3739=ADVANCED_FACE('',(#445),#3544,.T.);
#3740=ADVANCED_FACE('',(#446),#251,.T.);
#3741=ADVANCED_FACE('',(#447),#3545,.T.);
#3742=ADVANCED_FACE('',(#448),#252,.T.);
#3743=ADVANCED_FACE('',(#449),#253,.T.);
#3744=ADVANCED_FACE('',(#450),#3546,.T.);
#3745=ADVANCED_FACE('',(#451),#254,.T.);
#3746=ADVANCED_FACE('',(#452),#3547,.T.);
#3747=ADVANCED_FACE('',(#453),#255,.T.);
#3748=ADVANCED_FACE('',(#454),#3548,.F.);
#3749=ADVANCED_FACE('',(#455),#3549,.F.);
#3750=CLOSED_SHELL('',(#3550,#3551,#3552,#3553,#3554,#3555,#3556,#3557,
#3558,#3559,#3560,#3561,#3562,#3563,#3564,#3565,#3566,#3567,#3568,#3569,
#3570,#3571,#3572,#3573,#3574,#3575,#3576,#3577,#3578,#3579,#3580,#3581,
#3582,#3583,#3584,#3585,#3586,#3587,#3588,#3589,#3590,#3591,#3592,#3593,
#3594,#3595,#3596,#3597,#3598,#3599,#3600,#3601,#3602,#3603,#3604,#3605,
#3606,#3607,#3608,#3609,#3610,#3611,#3612,#3613,#3614,#3615,#3616,#3617,
#3618,#3619,#3620,#3621,#3622,#3623,#3624,#3625,#3626,#3627,#3628));
#3751=CLOSED_SHELL('',(#3629,#3630,#3631,#3632,#3633,#3634,#3635,#3636,
#3637,#3638,#3639,#3640,#3641,#3642,#3643,#3644,#3645,#3646,#3647,#3648,
#3649,#3650,#3651,#3652,#3653,#3654,#3655,#3656,#3657,#3658,#3659,#3660,
#3661,#3662,#3663,#3664,#3665,#3666,#3667,#3668,#3669,#3670,#3671,#3672,
#3673,#3674,#3675,#3676,#3677,#3678,#3679,#3680,#3681,#3682,#3683,#3684,
#3685,#3686,#3687,#3688,#3689,#3690,#3691,#3692,#3693,#3694,#3695,#3696,
#3697,#3698,#3699,#3700,#3701,#3702,#3703,#3704,#3705,#3706,#3707));
#3752=CLOSED_SHELL('',(#3708,#3709,#3710,#3711,#3712,#3713,#3714,#3715,
#3716,#3717,#3718,#3719,#3720,#3721,#3722,#3723,#3724,#3725,#3726,#3727,
#3728,#3729,#3730,#3731,#3732,#3733,#3734,#3735,#3736,#3737,#3738,#3739,
#3740,#3741,#3742,#3743,#3744,#3745,#3746,#3747,#3748,#3749));
#3753=DERIVED_UNIT_ELEMENT(#3755,1.);
#3754=DERIVED_UNIT_ELEMENT(#6296,-3.);
#3755=(
MASS_UNIT()
NAMED_UNIT(*)
SI_UNIT(.KILO.,.GRAM.)
);
#3756=DERIVED_UNIT((#3753,#3754));
#3757=MEASURE_REPRESENTATION_ITEM('density measure',
POSITIVE_RATIO_MEASURE(7850.),#3756);
#3758=PROPERTY_DEFINITION_REPRESENTATION(#3763,#3760);
#3759=PROPERTY_DEFINITION_REPRESENTATION(#3764,#3761);
#3760=REPRESENTATION('material name',(#3762),#6293);
#3761=REPRESENTATION('density',(#3757),#6293);
#3762=DESCRIPTIVE_REPRESENTATION_ITEM('Steel','Steel');
#3763=PROPERTY_DEFINITION('material property','material name',#6318);
#3764=PROPERTY_DEFINITION('material property','density of part',#6318);
#3765=AXIS2_PLACEMENT_3D('',#5177,#4114,#4115);
#3766=AXIS2_PLACEMENT_3D('',#5178,#4116,#4117);
#3767=AXIS2_PLACEMENT_3D('',#5179,#4118,#4119);
#3768=AXIS2_PLACEMENT_3D('',#5180,#4120,#4121);
#3769=AXIS2_PLACEMENT_3D('',#5181,#4122,#4123);
#3770=AXIS2_PLACEMENT_3D('',#5184,#4124,#4125);
#3771=AXIS2_PLACEMENT_3D('',#5188,#4127,#4128);
#3772=AXIS2_PLACEMENT_3D('',#5190,#4130,#4131);
#3773=AXIS2_PLACEMENT_3D('',#5193,#4132,#4133);
#3774=AXIS2_PLACEMENT_3D('',#5197,#4135,#4136);
#3775=AXIS2_PLACEMENT_3D('',#5199,#4138,#4139);
#3776=AXIS2_PLACEMENT_3D('',#5202,#4142,#4143);
#3777=AXIS2_PLACEMENT_3D('',#5216,#4151,#4152);
#3778=AXIS2_PLACEMENT_3D('',#5222,#4155,#4156);
#3779=AXIS2_PLACEMENT_3D('',#5238,#4164,#4165);
#3780=AXIS2_PLACEMENT_3D('',#5240,#4167,#4168);
#3781=AXIS2_PLACEMENT_3D('',#5242,#4169,#4170);
#3782=AXIS2_PLACEMENT_3D('',#5243,#4171,#4172);
#3783=AXIS2_PLACEMENT_3D('',#5245,#4173,#4174);
#3784=AXIS2_PLACEMENT_3D('',#5248,#4176,#4177);
#3785=AXIS2_PLACEMENT_3D('',#5249,#4178,#4179);
#3786=AXIS2_PLACEMENT_3D('',#5251,#4180,#4181);
#3787=AXIS2_PLACEMENT_3D('',#5253,#4183,#4184);
#3788=AXIS2_PLACEMENT_3D('',#5258,#4186,#4187);
#3789=AXIS2_PLACEMENT_3D('',#5264,#4188,#4189);
#3790=AXIS2_PLACEMENT_3D('',#5270,#4190,#4191);
#3791=AXIS2_PLACEMENT_3D('',#5272,#4192,#4193);
#3792=AXIS2_PLACEMENT_3D('',#5275,#4195,#4196);
#3793=AXIS2_PLACEMENT_3D('',#5276,#4197,#4198);
#3794=AXIS2_PLACEMENT_3D('',#5283,#4203,#4204);
#3795=AXIS2_PLACEMENT_3D('',#5292,#4209,#4210);
#3796=AXIS2_PLACEMENT_3D('',#5295,#4213,#4214);
#3797=AXIS2_PLACEMENT_3D('',#5297,#4216,#4217);
#3798=AXIS2_PLACEMENT_3D('',#5299,#4219,#4220);
#3799=AXIS2_PLACEMENT_3D('',#5300,#4221,#4222);
#3800=AXIS2_PLACEMENT_3D('',#5309,#4227,#4228);
#3801=AXIS2_PLACEMENT_3D('',#5315,#4232,#4233);
#3802=AXIS2_PLACEMENT_3D('',#5319,#4235,#4236);
#3803=AXIS2_PLACEMENT_3D('',#5321,#4238,#4239);
#3804=AXIS2_PLACEMENT_3D('',#5329,#4242,#4243);
#3805=AXIS2_PLACEMENT_3D('',#5331,#4244,#4245);
#3806=AXIS2_PLACEMENT_3D('',#5333,#4247,#4248);
#3807=AXIS2_PLACEMENT_3D('',#5339,#4250,#4251);
#3808=AXIS2_PLACEMENT_3D('',#5340,#4252,#4253);
#3809=AXIS2_PLACEMENT_3D('',#5341,#4254,#4255);
#3810=AXIS2_PLACEMENT_3D('',#5347,#4259,#4260);
#3811=AXIS2_PLACEMENT_3D('',#5350,#4263,#4264);
#3812=AXIS2_PLACEMENT_3D('',#5354,#4267,#4268);
#3813=AXIS2_PLACEMENT_3D('',#5363,#4273,#4274);
#3814=AXIS2_PLACEMENT_3D('',#5369,#4278,#4279);
#3815=AXIS2_PLACEMENT_3D('',#5375,#4283,#4284);
#3816=AXIS2_PLACEMENT_3D('',#5381,#4288,#4289);
#3817=AXIS2_PLACEMENT_3D('',#5384,#4292,#4293);
#3818=AXIS2_PLACEMENT_3D('',#5385,#4294,#4295);
#3819=AXIS2_PLACEMENT_3D('',#5390,#4299,#4300);
#3820=AXIS2_PLACEMENT_3D('',#5395,#4302,#4303);
#3821=AXIS2_PLACEMENT_3D('',#5397,#4305,#4306);
#3822=AXIS2_PLACEMENT_3D('',#5398,#4307,#4308);
#3823=AXIS2_PLACEMENT_3D('',#5400,#4309,#4310);
#3824=AXIS2_PLACEMENT_3D('',#5401,#4311,#4312);
#3825=AXIS2_PLACEMENT_3D('',#5411,#4317,#4318);
#3826=AXIS2_PLACEMENT_3D('',#5412,#4319,#4320);
#3827=AXIS2_PLACEMENT_3D('',#5418,#4324,#4325);
#3828=AXIS2_PLACEMENT_3D('',#5425,#4329,#4330);
#3829=AXIS2_PLACEMENT_3D('',#5426,#4331,#4332);
#3830=AXIS2_PLACEMENT_3D('',#5429,#4335,#4336);
#3831=AXIS2_PLACEMENT_3D('',#5431,#4337,#4338);
#3832=AXIS2_PLACEMENT_3D('',#5433,#4340,#4341);
#3833=AXIS2_PLACEMENT_3D('',#5435,#4343,#4344);
#3834=AXIS2_PLACEMENT_3D('',#5437,#4346,#4347);
#3835=AXIS2_PLACEMENT_3D('',#5442,#4349,#4350);
#3836=AXIS2_PLACEMENT_3D('',#5445,#4352,#4353);
#3837=AXIS2_PLACEMENT_3D('',#5446,#4354,#4355);
#3838=AXIS2_PLACEMENT_3D('',#5452,#4359,#4360);
#3839=AXIS2_PLACEMENT_3D('',#5457,#4362,#4363);
#3840=AXIS2_PLACEMENT_3D('',#5460,#4365,#4366);
#3841=AXIS2_PLACEMENT_3D('',#5461,#4367,#4368);
#3842=AXIS2_PLACEMENT_3D('',#5468,#4369,#4370);
#3843=AXIS2_PLACEMENT_3D('',#5472,#4373,#4374);
#3844=AXIS2_PLACEMENT_3D('',#5474,#4375,#4376);
#3845=AXIS2_PLACEMENT_3D('',#5476,#4378,#4379);
#3846=AXIS2_PLACEMENT_3D('',#5480,#4382,#4383);
#3847=AXIS2_PLACEMENT_3D('',#5484,#4386,#4387);
#3848=AXIS2_PLACEMENT_3D('',#5486,#4388,#4389);
#3849=AXIS2_PLACEMENT_3D('',#5489,#4391,#4392);
#3850=AXIS2_PLACEMENT_3D('',#5490,#4393,#4394);
#3851=AXIS2_PLACEMENT_3D('',#5492,#4395,#4396);
#3852=AXIS2_PLACEMENT_3D('',#5495,#4398,#4399);
#3853=AXIS2_PLACEMENT_3D('',#5496,#4400,#4401);
#3854=AXIS2_PLACEMENT_3D('',#5506,#4403,#4404);
#3855=AXIS2_PLACEMENT_3D('',#5509,#4406,#4407);
#3856=AXIS2_PLACEMENT_3D('',#5511,#4408,#4409);
#3857=AXIS2_PLACEMENT_3D('',#5514,#4411,#4412);
#3858=AXIS2_PLACEMENT_3D('',#5515,#4413,#4414);
#3859=AXIS2_PLACEMENT_3D('',#5518,#4416,#4417);
#3860=AXIS2_PLACEMENT_3D('',#5519,#4418,#4419);
#3861=AXIS2_PLACEMENT_3D('',#5528,#4424,#4425);
#3862=AXIS2_PLACEMENT_3D('',#5534,#4429,#4430);
#3863=AXIS2_PLACEMENT_3D('',#5540,#4434,#4435);
#3864=AXIS2_PLACEMENT_3D('',#5543,#4438,#4439);
#3865=AXIS2_PLACEMENT_3D('',#5544,#4440,#4441);
#3866=AXIS2_PLACEMENT_3D('',#5546,#4443,#4444);
#3867=AXIS2_PLACEMENT_3D('',#5552,#4448,#4449);
#3868=AXIS2_PLACEMENT_3D('',#5555,#4451,#4452);
#3869=AXIS2_PLACEMENT_3D('',#5556,#4453,#4454);
#3870=AXIS2_PLACEMENT_3D('',#5566,#4460,#4461);
#3871=AXIS2_PLACEMENT_3D('',#5568,#4462,#4463);
#3872=AXIS2_PLACEMENT_3D('',#5571,#4465,#4466);
#3873=AXIS2_PLACEMENT_3D('',#5572,#4467,#4468);
#3874=AXIS2_PLACEMENT_3D('',#5574,#4469,#4470);
#3875=AXIS2_PLACEMENT_3D('',#5577,#4472,#4473);
#3876=AXIS2_PLACEMENT_3D('',#5578,#4474,#4475);
#3877=AXIS2_PLACEMENT_3D('',#5580,#4476,#4477);
#3878=AXIS2_PLACEMENT_3D('',#5582,#4479,#4480);
#3879=AXIS2_PLACEMENT_3D('',#5585,#4482,#4483);
#3880=AXIS2_PLACEMENT_3D('',#5599,#4491,#4492);
#3881=AXIS2_PLACEMENT_3D('',#5602,#4495,#4496);
#3882=AXIS2_PLACEMENT_3D('',#5604,#4498,#4499);
#3883=AXIS2_PLACEMENT_3D('',#5606,#4501,#4502);
#3884=AXIS2_PLACEMENT_3D('',#5607,#4503,#4504);
#3885=AXIS2_PLACEMENT_3D('',#5608,#4505,#4506);
#3886=AXIS2_PLACEMENT_3D('',#5609,#4507,#4508);
#3887=AXIS2_PLACEMENT_3D('',#5613,#4510,#4511);
#3888=AXIS2_PLACEMENT_3D('',#5615,#4513,#4514);
#3889=AXIS2_PLACEMENT_3D('',#5619,#4516,#4517);
#3890=AXIS2_PLACEMENT_3D('',#5621,#4519,#4520);
#3891=AXIS2_PLACEMENT_3D('',#5623,#4522,#4523);
#3892=AXIS2_PLACEMENT_3D('',#5625,#4525,#4526);
#3893=AXIS2_PLACEMENT_3D('',#5627,#4528,#4529);
#3894=AXIS2_PLACEMENT_3D('',#5628,#4530,#4531);
#3895=AXIS2_PLACEMENT_3D('',#5631,#4532,#4533);
#3896=AXIS2_PLACEMENT_3D('',#5635,#4535,#4536);
#3897=AXIS2_PLACEMENT_3D('',#5637,#4538,#4539);
#3898=AXIS2_PLACEMENT_3D('',#5640,#4540,#4541);
#3899=AXIS2_PLACEMENT_3D('',#5644,#4543,#4544);
#3900=AXIS2_PLACEMENT_3D('',#5646,#4546,#4547);
#3901=AXIS2_PLACEMENT_3D('',#5649,#4550,#4551);
#3902=AXIS2_PLACEMENT_3D('',#5663,#4559,#4560);
#3903=AXIS2_PLACEMENT_3D('',#5667,#4562,#4563);
#3904=AXIS2_PLACEMENT_3D('',#5683,#4571,#4572);
#3905=AXIS2_PLACEMENT_3D('',#5687,#4575,#4576);
#3906=AXIS2_PLACEMENT_3D('',#5689,#4577,#4578);
#3907=AXIS2_PLACEMENT_3D('',#5690,#4579,#4580);
#3908=AXIS2_PLACEMENT_3D('',#5692,#4581,#4582);
#3909=AXIS2_PLACEMENT_3D('',#5695,#4584,#4585);
#3910=AXIS2_PLACEMENT_3D('',#5696,#4586,#4587);
#3911=AXIS2_PLACEMENT_3D('',#5698,#4588,#4589);
#3912=AXIS2_PLACEMENT_3D('',#5700,#4591,#4592);
#3913=AXIS2_PLACEMENT_3D('',#5705,#4594,#4595);
#3914=AXIS2_PLACEMENT_3D('',#5709,#4597,#4598);
#3915=AXIS2_PLACEMENT_3D('',#5711,#4599,#4600);
#3916=AXIS2_PLACEMENT_3D('',#5717,#4601,#4602);
#3917=AXIS2_PLACEMENT_3D('',#5722,#4603,#4604);
#3918=AXIS2_PLACEMENT_3D('',#5723,#4605,#4606);
#3919=AXIS2_PLACEMENT_3D('',#5730,#4611,#4612);
#3920=AXIS2_PLACEMENT_3D('',#5739,#4617,#4618);
#3921=AXIS2_PLACEMENT_3D('',#5742,#4621,#4622);
#3922=AXIS2_PLACEMENT_3D('',#5744,#4624,#4625);
#3923=AXIS2_PLACEMENT_3D('',#5746,#4627,#4628);
#3924=AXIS2_PLACEMENT_3D('',#5747,#4629,#4630);
#3925=AXIS2_PLACEMENT_3D('',#5756,#4635,#4636);
#3926=AXIS2_PLACEMENT_3D('',#5762,#4640,#4641);
#3927=AXIS2_PLACEMENT_3D('',#5767,#4644,#4645);
#3928=AXIS2_PLACEMENT_3D('',#5768,#4646,#4647);
#3929=AXIS2_PLACEMENT_3D('',#5776,#4650,#4651);
#3930=AXIS2_PLACEMENT_3D('',#5779,#4653,#4654);
#3931=AXIS2_PLACEMENT_3D('',#5780,#4655,#4656);
#3932=AXIS2_PLACEMENT_3D('',#5786,#4658,#4659);
#3933=AXIS2_PLACEMENT_3D('',#5787,#4660,#4661);
#3934=AXIS2_PLACEMENT_3D('',#5788,#4662,#4663);
#3935=AXIS2_PLACEMENT_3D('',#5794,#4667,#4668);
#3936=AXIS2_PLACEMENT_3D('',#5797,#4671,#4672);
#3937=AXIS2_PLACEMENT_3D('',#5801,#4675,#4676);
#3938=AXIS2_PLACEMENT_3D('',#5810,#4681,#4682);
#3939=AXIS2_PLACEMENT_3D('',#5816,#4686,#4687);
#3940=AXIS2_PLACEMENT_3D('',#5822,#4691,#4692);
#3941=AXIS2_PLACEMENT_3D('',#5828,#4696,#4697);
#3942=AXIS2_PLACEMENT_3D('',#5831,#4700,#4701);
#3943=AXIS2_PLACEMENT_3D('',#5832,#4702,#4703);
#3944=AXIS2_PLACEMENT_3D('',#5837,#4707,#4708);
#3945=AXIS2_PLACEMENT_3D('',#5841,#4710,#4711);
#3946=AXIS2_PLACEMENT_3D('',#5844,#4713,#4714);
#3947=AXIS2_PLACEMENT_3D('',#5845,#4715,#4716);
#3948=AXIS2_PLACEMENT_3D('',#5847,#4717,#4718);
#3949=AXIS2_PLACEMENT_3D('',#5848,#4719,#4720);
#3950=AXIS2_PLACEMENT_3D('',#5858,#4725,#4726);
#3951=AXIS2_PLACEMENT_3D('',#5859,#4727,#4728);
#3952=AXIS2_PLACEMENT_3D('',#5865,#4732,#4733);
#3953=AXIS2_PLACEMENT_3D('',#5872,#4737,#4738);
#3954=AXIS2_PLACEMENT_3D('',#5873,#4739,#4740);
#3955=AXIS2_PLACEMENT_3D('',#5876,#4743,#4744);
#3956=AXIS2_PLACEMENT_3D('',#5878,#4745,#4746);
#3957=AXIS2_PLACEMENT_3D('',#5880,#4748,#4749);
#3958=AXIS2_PLACEMENT_3D('',#5882,#4751,#4752);
#3959=AXIS2_PLACEMENT_3D('',#5884,#4754,#4755);
#3960=AXIS2_PLACEMENT_3D('',#5889,#4757,#4758);
#3961=AXIS2_PLACEMENT_3D('',#5892,#4760,#4761);
#3962=AXIS2_PLACEMENT_3D('',#5893,#4762,#4763);
#3963=AXIS2_PLACEMENT_3D('',#5899,#4767,#4768);
#3964=AXIS2_PLACEMENT_3D('',#5904,#4770,#4771);
#3965=AXIS2_PLACEMENT_3D('',#5907,#4773,#4774);
#3966=AXIS2_PLACEMENT_3D('',#5908,#4775,#4776);
#3967=AXIS2_PLACEMENT_3D('',#5915,#4777,#4778);
#3968=AXIS2_PLACEMENT_3D('',#5919,#4781,#4782);
#3969=AXIS2_PLACEMENT_3D('',#5921,#4783,#4784);
#3970=AXIS2_PLACEMENT_3D('',#5923,#4786,#4787);
#3971=AXIS2_PLACEMENT_3D('',#5927,#4790,#4791);
#3972=AXIS2_PLACEMENT_3D('',#5931,#4794,#4795);
#3973=AXIS2_PLACEMENT_3D('',#5933,#4796,#4797);
#3974=AXIS2_PLACEMENT_3D('',#5936,#4799,#4800);
#3975=AXIS2_PLACEMENT_3D('',#5937,#4801,#4802);
#3976=AXIS2_PLACEMENT_3D('',#5939,#4803,#4804);
#3977=AXIS2_PLACEMENT_3D('',#5942,#4806,#4807);
#3978=AXIS2_PLACEMENT_3D('',#5943,#4808,#4809);
#3979=AXIS2_PLACEMENT_3D('',#5953,#4811,#4812);
#3980=AXIS2_PLACEMENT_3D('',#5958,#4815,#4816);
#3981=AXIS2_PLACEMENT_3D('',#5959,#4817,#4818);
#3982=AXIS2_PLACEMENT_3D('',#5961,#4819,#4820);
#3983=AXIS2_PLACEMENT_3D('',#5962,#4821,#4822);
#3984=AXIS2_PLACEMENT_3D('',#5965,#4824,#4825);
#3985=AXIS2_PLACEMENT_3D('',#5966,#4826,#4827);
#3986=AXIS2_PLACEMENT_3D('',#5975,#4832,#4833);
#3987=AXIS2_PLACEMENT_3D('',#5981,#4837,#4838);
#3988=AXIS2_PLACEMENT_3D('',#5987,#4842,#4843);
#3989=AXIS2_PLACEMENT_3D('',#5990,#4846,#4847);
#3990=AXIS2_PLACEMENT_3D('',#5991,#4848,#4849);
#3991=AXIS2_PLACEMENT_3D('',#5993,#4851,#4852);
#3992=AXIS2_PLACEMENT_3D('',#5999,#4856,#4857);
#3993=AXIS2_PLACEMENT_3D('',#6002,#4859,#4860);
#3994=AXIS2_PLACEMENT_3D('',#6003,#4861,#4862);
#3995=AXIS2_PLACEMENT_3D('',#6013,#4868,#4869);
#3996=AXIS2_PLACEMENT_3D('',#6015,#4870,#4871);
#3997=AXIS2_PLACEMENT_3D('',#6018,#4873,#4874);
#3998=AXIS2_PLACEMENT_3D('',#6019,#4875,#4876);
#3999=AXIS2_PLACEMENT_3D('',#6021,#4877,#4878);
#4000=AXIS2_PLACEMENT_3D('',#6024,#4880,#4881);
#4001=AXIS2_PLACEMENT_3D('',#6025,#4882,#4883);
#4002=AXIS2_PLACEMENT_3D('',#6028,#4885,#4886);
#4003=AXIS2_PLACEMENT_3D('',#6029,#4887,#4888);
#4004=AXIS2_PLACEMENT_3D('',#6037,#4893,#4894);
#4005=AXIS2_PLACEMENT_3D('',#6046,#4899,#4900);
#4006=AXIS2_PLACEMENT_3D('',#6049,#4903,#4904);
#4007=AXIS2_PLACEMENT_3D('',#6051,#4906,#4907);
#4008=AXIS2_PLACEMENT_3D('',#6053,#4909,#4910);
#4009=AXIS2_PLACEMENT_3D('',#6054,#4911,#4912);
#4010=AXIS2_PLACEMENT_3D('',#6055,#4913,#4914);
#4011=AXIS2_PLACEMENT_3D('',#6056,#4915,#4916);
#4012=AXIS2_PLACEMENT_3D('',#6061,#4919,#4920);
#4013=AXIS2_PLACEMENT_3D('',#6062,#4921,#4922);
#4014=AXIS2_PLACEMENT_3D('',#6066,#4924,#4925);
#4015=AXIS2_PLACEMENT_3D('',#6068,#4927,#4928);
#4016=AXIS2_PLACEMENT_3D('',#6070,#4930,#4931);
#4017=AXIS2_PLACEMENT_3D('',#6072,#4933,#4934);
#4018=AXIS2_PLACEMENT_3D('',#6074,#4936,#4937);
#4019=AXIS2_PLACEMENT_3D('',#6075,#4938,#4939);
#4020=AXIS2_PLACEMENT_3D('',#6076,#4940,#4941);
#4021=AXIS2_PLACEMENT_3D('',#6078,#4942,#4943);
#4022=AXIS2_PLACEMENT_3D('',#6080,#4944,#4945);
#4023=AXIS2_PLACEMENT_3D('',#6081,#4946,#4947);
#4024=AXIS2_PLACEMENT_3D('',#6083,#4948,#4949);
#4025=AXIS2_PLACEMENT_3D('',#6084,#4950,#4951);
#4026=AXIS2_PLACEMENT_3D('',#6086,#4952,#4953);
#4027=AXIS2_PLACEMENT_3D('',#6087,#4954,#4955);
#4028=AXIS2_PLACEMENT_3D('',#6089,#4956,#4957);
#4029=AXIS2_PLACEMENT_3D('',#6091,#4958,#4959);
#4030=AXIS2_PLACEMENT_3D('',#6092,#4960,#4961);
#4031=AXIS2_PLACEMENT_3D('',#6095,#4962,#4963);
#4032=AXIS2_PLACEMENT_3D('',#6096,#4964,#4965);
#4033=AXIS2_PLACEMENT_3D('',#6098,#4966,#4967);
#4034=AXIS2_PLACEMENT_3D('',#6099,#4968,#4969);
#4035=AXIS2_PLACEMENT_3D('',#6101,#4970,#4971);
#4036=AXIS2_PLACEMENT_3D('',#6102,#4972,#4973);
#4037=AXIS2_PLACEMENT_3D('',#6104,#4974,#4975);
#4038=AXIS2_PLACEMENT_3D('',#6105,#4976,#4977);
#4039=AXIS2_PLACEMENT_3D('',#6107,#4978,#4979);
#4040=AXIS2_PLACEMENT_3D('',#6109,#4980,#4981);
#4041=AXIS2_PLACEMENT_3D('',#6110,#4982,#4983);
#4042=AXIS2_PLACEMENT_3D('',#6113,#4985,#4986);
#4043=AXIS2_PLACEMENT_3D('',#6114,#4987,#4988);
#4044=AXIS2_PLACEMENT_3D('',#6117,#4990,#4991);
#4045=AXIS2_PLACEMENT_3D('',#6118,#4992,#4993);
#4046=AXIS2_PLACEMENT_3D('',#6121,#4995,#4996);
#4047=AXIS2_PLACEMENT_3D('',#6122,#4997,#4998);
#4048=AXIS2_PLACEMENT_3D('',#6125,#5000,#5001);
#4049=AXIS2_PLACEMENT_3D('',#6126,#5002,#5003);
#4050=AXIS2_PLACEMENT_3D('',#6129,#5005,#5006);
#4051=AXIS2_PLACEMENT_3D('',#6130,#5007,#5008);
#4052=AXIS2_PLACEMENT_3D('',#6133,#5009,#5010);
#4053=AXIS2_PLACEMENT_3D('',#6136,#5013,#5014);
#4054=AXIS2_PLACEMENT_3D('',#6138,#5015,#5016);
#4055=AXIS2_PLACEMENT_3D('',#6142,#5018,#5019);
#4056=AXIS2_PLACEMENT_3D('',#6144,#5020,#5021);
#4057=AXIS2_PLACEMENT_3D('',#6148,#5023,#5024);
#4058=AXIS2_PLACEMENT_3D('',#6150,#5025,#5026);
#4059=AXIS2_PLACEMENT_3D('',#6154,#5028,#5029);
#4060=AXIS2_PLACEMENT_3D('',#6158,#5031,#5032);
#4061=AXIS2_PLACEMENT_3D('',#6162,#5034,#5035);
#4062=AXIS2_PLACEMENT_3D('',#6164,#5036,#5037);
#4063=AXIS2_PLACEMENT_3D('',#6168,#5039,#5040);
#4064=AXIS2_PLACEMENT_3D('',#6170,#5041,#5042);
#4065=AXIS2_PLACEMENT_3D('',#6174,#5044,#5045);
#4066=AXIS2_PLACEMENT_3D('',#6177,#5047,#5048);
#4067=AXIS2_PLACEMENT_3D('',#6179,#5049,#5050);
#4068=AXIS2_PLACEMENT_3D('',#6181,#5051,#5052);
#4069=AXIS2_PLACEMENT_3D('',#6182,#5053,#5054);
#4070=AXIS2_PLACEMENT_3D('',#6184,#5056,#5057);
#4071=AXIS2_PLACEMENT_3D('',#6186,#5059,#5060);
#4072=AXIS2_PLACEMENT_3D('',#6190,#5062,#5063);
#4073=AXIS2_PLACEMENT_3D('',#6192,#5065,#5066);
#4074=AXIS2_PLACEMENT_3D('',#6194,#5067,#5068);
#4075=AXIS2_PLACEMENT_3D('',#6196,#5070,#5071);
#4076=AXIS2_PLACEMENT_3D('',#6200,#5074,#5075);
#4077=AXIS2_PLACEMENT_3D('',#6203,#5076,#5077);
#4078=AXIS2_PLACEMENT_3D('',#6206,#5080,#5081);
#4079=AXIS2_PLACEMENT_3D('',#6210,#5083,#5084);
#4080=AXIS2_PLACEMENT_3D('',#6214,#5086,#5087);
#4081=AXIS2_PLACEMENT_3D('',#6217,#5089,#5090);
#4082=AXIS2_PLACEMENT_3D('',#6221,#5092,#5093);
#4083=AXIS2_PLACEMENT_3D('',#6223,#5094,#5095);
#4084=AXIS2_PLACEMENT_3D('',#6227,#5097,#5098);
#4085=AXIS2_PLACEMENT_3D('',#6231,#5100,#5101);
#4086=AXIS2_PLACEMENT_3D('',#6235,#5103,#5104);
#4087=AXIS2_PLACEMENT_3D('',#6236,#5105,#5106);
#4088=AXIS2_PLACEMENT_3D('',#6238,#5107,#5108);
#4089=AXIS2_PLACEMENT_3D('',#6240,#5109,#5110);
#4090=AXIS2_PLACEMENT_3D('',#6242,#5111,#5112);
#4091=AXIS2_PLACEMENT_3D('',#6244,#5113,#5114);
#4092=AXIS2_PLACEMENT_3D('',#6245,#5115,#5116);
#4093=AXIS2_PLACEMENT_3D('',#6247,#5118,#5119);
#4094=AXIS2_PLACEMENT_3D('',#6249,#5121,#5122);
#4095=AXIS2_PLACEMENT_3D('',#6252,#5125,#5126);
#4096=AXIS2_PLACEMENT_3D('',#6253,#5127,#5128);
#4097=AXIS2_PLACEMENT_3D('',#6256,#5131,#5132);
#4098=AXIS2_PLACEMENT_3D('',#6258,#5134,#5135);
#4099=AXIS2_PLACEMENT_3D('',#6259,#5136,#5137);
#4100=AXIS2_PLACEMENT_3D('',#6261,#5139,#5140);
#4101=AXIS2_PLACEMENT_3D('',#6263,#5142,#5143);
#4102=AXIS2_PLACEMENT_3D('',#6265,#5145,#5146);
#4103=AXIS2_PLACEMENT_3D('',#6267,#5148,#5149);
#4104=AXIS2_PLACEMENT_3D('',#6269,#5151,#5152);
#4105=AXIS2_PLACEMENT_3D('',#6270,#5153,#5154);
#4106=AXIS2_PLACEMENT_3D('',#6272,#5156,#5157);
#4107=AXIS2_PLACEMENT_3D('',#6275,#5160,#5161);
#4108=AXIS2_PLACEMENT_3D('',#6277,#5163,#5164);
#4109=AXIS2_PLACEMENT_3D('',#6278,#5165,#5166);
#4110=AXIS2_PLACEMENT_3D('',#6279,#5167,#5168);
#4111=AXIS2_PLACEMENT_3D('',#6281,#5170,#5171);
#4112=AXIS2_PLACEMENT_3D('',#6283,#5173,#5174);
#4113=AXIS2_PLACEMENT_3D('',#6284,#5175,#5176);
#4114=DIRECTION('axis',(0.,0.,1.));
#4115=DIRECTION('refdir',(1.,0.,0.));
#4116=DIRECTION('axis',(0.,0.,1.));
#4117=DIRECTION('refdir',(1.,0.,0.));
#4118=DIRECTION('axis',(0.,0.,1.));
#4119=DIRECTION('refdir',(1.,0.,0.));
#4120=DIRECTION('axis',(0.,0.,1.));
#4121=DIRECTION('refdir',(1.,0.,0.));
#4122=DIRECTION('center_axis',(7.57306469012171E-29,2.27161852011059E-30,
-1.));
#4123=DIRECTION('ref_axis',(-6.66133814775096E-15,-1.,-2.2716185201111E-30));
#4124=DIRECTION('center_axis',(7.57306469012171E-29,2.27161852011059E-30,
-1.));
#4125=DIRECTION('ref_axis',(-6.66133814775096E-15,-1.,-2.2716185201111E-30));
#4126=DIRECTION('',(7.57306469012171E-29,2.27161852011059E-30,-1.));
#4127=DIRECTION('center_axis',(-7.57306469012171E-29,-2.27161852011059E-30,
1.));
#4128=DIRECTION('ref_axis',(-6.66133814775096E-15,-1.,-2.2716185201111E-30));
#4129=DIRECTION('',(-7.57306469012171E-29,-2.27161852011059E-30,1.));
#4130=DIRECTION('center_axis',(7.57306469012171E-29,2.27161852011059E-30,
-1.));
#4131=DIRECTION('ref_axis',(1.,4.73316543132607E-30,7.57306469012171E-29));
#4132=DIRECTION('center_axis',(7.57306469012171E-29,2.27161852011059E-30,
-1.));
#4133=DIRECTION('ref_axis',(1.,4.73316543132607E-30,7.57306469012171E-29));
#4134=DIRECTION('',(-7.57306469012171E-29,-2.27161852011059E-30,1.));
#4135=DIRECTION('center_axis',(-7.57306469012171E-29,-2.27161852011059E-30,
1.));
#4136=DIRECTION('ref_axis',(1.,4.73316543132607E-30,7.57306469012171E-29));
#4137=DIRECTION('',(7.57306469012171E-29,2.27161852011059E-30,-1.));
#4138=DIRECTION('center_axis',(1.,4.73316543132607E-30,7.57306469012171E-29));
#4139=DIRECTION('ref_axis',(4.73316543132607E-30,-1.,-2.27161852011059E-30));
#4140=DIRECTION('',(4.73316543132607E-30,-1.,-2.365988922801E-30));
#4141=DIRECTION('',(-4.73316543132607E-30,1.,2.27161852011059E-30));
#4142=DIRECTION('center_axis',(-4.73316543132594E-30,1.,1.99713424381654E-30));
#4143=DIRECTION('ref_axis',(0.,-1.99713424381654E-30,1.));
#4144=DIRECTION('',(1.,4.73316543132594E-30,7.57306469012171E-29));
#4145=DIRECTION('',(7.57306469012171E-29,1.99713424381654E-30,-1.));
#4146=DIRECTION('',(1.,4.73316543132594E-30,3.78653234506086E-29));
#4147=DIRECTION('',(6.08983349859038E-14,1.99713424381683E-30,-1.));
#4148=DIRECTION('',(1.,4.73316543132582E-30,6.08983349859038E-14));
#4149=DIRECTION('',(-6.08983349859038E-14,-1.99713424381683E-30,1.));
#4150=DIRECTION('',(1.,4.73316543132594E-30,3.78653234506086E-29));
#4151=DIRECTION('center_axis',(-7.57306469012171E-29,-2.27161852011059E-30,
1.));
#4152=DIRECTION('ref_axis',(1.,4.73316543132607E-30,7.57306469012171E-29));
#4153=DIRECTION('',(1.,4.73316543132594E-30,7.57306469012171E-29));
#4154=DIRECTION('',(-1.11022302462516E-15,1.,2.27161852011051E-30));
#4155=DIRECTION('center_axis',(-7.57306469012171E-29,-2.27161852011059E-30,
1.));
#4156=DIRECTION('ref_axis',(-5.5511151231258E-15,-1.,-2.27161852011101E-30));
#4157=DIRECTION('',(1.,4.73316543132607E-30,7.57306469012171E-29));
#4158=DIRECTION('',(4.73316543132607E-30,-1.,-2.27161852011059E-30));
#4159=DIRECTION('',(1.,4.73316543132607E-30,7.57306469012171E-29));
#4160=DIRECTION('',(-4.73316543132607E-30,1.,2.27161852011059E-30));
#4161=DIRECTION('',(-1.,-4.73316543132594E-30,-7.57306469012171E-29));
#4162=DIRECTION('',(4.73316543132607E-30,-1.,-2.27161852011059E-30));
#4163=DIRECTION('',(-1.,-4.73316543132607E-30,-7.57306469012171E-29));
#4164=DIRECTION('center_axis',(-7.57306469012171E-29,-2.27161852011059E-30,
1.));
#4165=DIRECTION('ref_axis',(1.,4.73316543132607E-30,7.57306469012171E-29));
#4166=DIRECTION('',(-1.11022302462516E-15,1.,2.27161852011051E-30));
#4167=DIRECTION('center_axis',(3.1199448801491E-28,1.,-6.43389360430136E-15));
#4168=DIRECTION('ref_axis',(-6.1825261603E-14,6.43389360430136E-15,1.));
#4169=DIRECTION('center_axis',(3.1199448801491E-28,1.,-6.43389360430136E-15));
#4170=DIRECTION('ref_axis',(1.,4.73316543132607E-30,3.78653234506086E-29));
#4171=DIRECTION('center_axis',(-4.73316543132607E-30,1.,2.365988922801E-30));
#4172=DIRECTION('ref_axis',(1.,4.73316543132607E-30,3.78653234506086E-29));
#4173=DIRECTION('center_axis',(-4.73316543132607E-30,1.,2.365988922801E-30));
#4174=DIRECTION('ref_axis',(1.,4.73316543132607E-30,3.78653234506086E-29));
#4175=DIRECTION('',(-4.73316543132607E-30,1.,2.365988922801E-30));
#4176=DIRECTION('center_axis',(4.73316543132607E-30,-1.,-2.365988922801E-30));
#4177=DIRECTION('ref_axis',(1.,4.73316543132607E-30,3.78653234506086E-29));
#4178=DIRECTION('center_axis',(-4.73316543132607E-30,1.,2.365988922801E-30));
#4179=DIRECTION('ref_axis',(1.,4.73316543132607E-30,3.78653234506086E-29));
#4180=DIRECTION('center_axis',(-4.73316543132607E-30,1.,2.365988922801E-30));
#4181=DIRECTION('ref_axis',(1.,4.73316543132607E-30,3.78653234506086E-29));
#4182=DIRECTION('',(-4.73316543132607E-30,1.,2.365988922801E-30));
#4183=DIRECTION('center_axis',(4.73316543132607E-30,-1.,-2.365988922801E-30));
#4184=DIRECTION('ref_axis',(-3.78653234506086E-29,-2.365988922801E-30,1.));
#4185=DIRECTION('',(4.73316543132607E-30,-1.,-2.365988922801E-30));
#4186=DIRECTION('center_axis',(-4.73316543132607E-30,1.,2.365988922801E-30));
#4187=DIRECTION('ref_axis',(-3.78653234506086E-29,-2.365988922801E-30,1.));
#4188=DIRECTION('center_axis',(-4.73316543132594E-30,1.,1.99713424381654E-30));
#4189=DIRECTION('ref_axis',(-3.78653234506086E-29,-2.365988922801E-30,1.));
#4190=DIRECTION('center_axis',(-4.73316543132594E-30,1.,1.90276384112613E-30));
#4191=DIRECTION('ref_axis',(-7.57306469012171E-29,-2.27161852011059E-30,
1.));
#4192=DIRECTION('center_axis',(0.99999928312034,-0.00119739667872193,3.78624632784503E-29));
#4193=DIRECTION('ref_axis',(-0.00119739667872193,-0.99999928312034,-2.41132703921015E-30));
#4194=DIRECTION('',(4.73316543132607E-30,-1.,-2.365988922801E-30));
#4195=DIRECTION('center_axis',(4.73316543132607E-30,-1.,-2.365988922801E-30));
#4196=DIRECTION('ref_axis',(-3.78653234506086E-29,-2.365988922801E-30,1.));
#4197=DIRECTION('center_axis',(-4.73316543132594E-30,1.,1.99713424381654E-30));
#4198=DIRECTION('ref_axis',(0.,-1.99713424381654E-30,1.));
#4199=DIRECTION('',(1.,4.73316543132594E-30,3.78653234506086E-29));
#4200=DIRECTION('',(-6.08983349859038E-14,-1.99713424381683E-30,1.));
#4201=DIRECTION('',(-1.,4.59514717537408E-23,-6.08983349859038E-14));
#4202=DIRECTION('',(6.08983349859038E-14,1.99713424381683E-30,-1.));
#4203=DIRECTION('center_axis',(-4.59510871840495E-23,-1.,-6.36990460378714E-15));
#4204=DIRECTION('ref_axis',(6.08983349859038E-14,6.36990460378714E-15,-1.));
#4205=DIRECTION('',(-6.08983349859038E-14,-6.36990460378714E-15,1.));
#4206=DIRECTION('',(1.,-4.59514717537408E-23,6.08983349859038E-14));
#4207=DIRECTION('',(6.08983349859038E-14,6.36990460378714E-15,-1.));
#4208=DIRECTION('',(-1.,4.59514751063996E-23,-6.08983349859038E-14));
#4209=DIRECTION('center_axis',(-1.,-1.61585426029095E-15,-6.08983349859038E-14));
#4210=DIRECTION('ref_axis',(6.08983349859038E-14,6.36990460378714E-15,-1.));
#4211=DIRECTION('',(1.61585426029132E-15,-1.,-6.16000306319377E-15));
#4212=DIRECTION('',(1.61585426029132E-15,-1.,-6.16000306319377E-15));
#4213=DIRECTION('center_axis',(6.08983349859038E-14,6.16000306319386E-15,
-1.));
#4214=DIRECTION('ref_axis',(1.,-4.59514751063996E-23,6.08983349859038E-14));
#4215=DIRECTION('',(1.61585426029132E-15,-1.,-6.16000306319377E-15));
#4216=DIRECTION('center_axis',(1.,1.61585426029095E-15,6.08983349859038E-14));
#4217=DIRECTION('ref_axis',(-6.08983349859038E-14,-6.36990460378714E-15,
1.));
#4218=DIRECTION('',(1.61585426029132E-15,-1.,-6.16000306319377E-15));
#4219=DIRECTION('center_axis',(-6.08983349859038E-14,-6.16000306319386E-15,
1.));
#4220=DIRECTION('ref_axis',(-1.,4.59514717537408E-23,-6.08983349859038E-14));
#4221=DIRECTION('center_axis',(1.,4.73316543132607E-30,3.78653234506086E-29));
#4222=DIRECTION('ref_axis',(-4.73316543132607E-30,1.,2.365988922801E-30));
#4223=DIRECTION('',(-3.78653234506086E-29,-2.365988922801E-30,1.));
#4224=DIRECTION('',(-4.73316543132607E-30,1.,2.365988922801E-30));
#4225=DIRECTION('',(-3.78653234506086E-29,-2.365988922801E-30,1.));
#4226=DIRECTION('',(-4.73316543132607E-30,1.,2.365988922801E-30));
#4227=DIRECTION('center_axis',(4.73316543132607E-30,-1.,-2.365988922801E-30));
#4228=DIRECTION('ref_axis',(1.,4.73316543132607E-30,3.78653234506086E-29));
#4229=DIRECTION('',(1.,4.73316543132607E-30,3.78653234506086E-29));
#4230=DIRECTION('',(-3.78653234506086E-29,-2.365988922801E-30,1.));
#4231=DIRECTION('',(1.,4.73316543132607E-30,3.78653234506086E-29));
#4232=DIRECTION('center_axis',(0.99999928312034,-0.00119739667872193,3.78624632784503E-29));
#4233=DIRECTION('ref_axis',(0.00119739667872193,0.99999928312034,2.41132703921015E-30));
#4234=DIRECTION('',(-3.78648817849244E-29,-1.99713424381654E-30,1.));
#4235=DIRECTION('center_axis',(0.99999928312034,-0.00119739667872193,3.78624632784503E-29));
#4236=DIRECTION('ref_axis',(0.00119739667872193,0.99999928312034,2.41132703921015E-30));
#4237=DIRECTION('',(4.93432455388996E-16,4.1208741466023E-13,-1.));
#4238=DIRECTION('center_axis',(0.99999928312034,-0.00119739667872193,3.78624632784503E-29));
#4239=DIRECTION('ref_axis',(0.00119739667872193,0.99999928312034,2.41132703921015E-30));
#4240=DIRECTION('',(-3.78653234506086E-29,-2.365988922801E-30,1.));
#4241=DIRECTION('',(3.78648817849244E-29,1.99713424381654E-30,-1.));
#4242=DIRECTION('center_axis',(-4.73316543132607E-30,1.,-1.92234107492245E-31));
#4243=DIRECTION('ref_axis',(-3.78653234506086E-29,1.92234107492245E-31,
1.));
#4244=DIRECTION('center_axis',(-4.73316543132607E-30,1.,-1.92234107492245E-31));
#4245=DIRECTION('ref_axis',(1.,4.73316543132607E-30,7.57306469012171E-29));
#4246=DIRECTION('',(7.5727696690149E-29,-1.92234107492245E-31,-1.));
#4247=DIRECTION('center_axis',(0.99999928312034,-0.00119739667872193,7.57278725829854E-29));
#4248=DIRECTION('ref_axis',(0.00119739667872193,0.99999928312034,2.36229651671046E-30));
#4249=DIRECTION('',(7.5730205235533E-29,1.90276384112613E-30,-1.));
#4250=DIRECTION('center_axis',(-4.73316543132594E-30,1.,1.90276384112613E-30));
#4251=DIRECTION('ref_axis',(-3.78653234506086E-29,-1.90276384112613E-30,
1.));
#4252=DIRECTION('center_axis',(-4.73316543132594E-30,1.,1.90276384112613E-30));
#4253=DIRECTION('ref_axis',(1.,4.73316543132607E-30,7.57306469012171E-29));
#4254=DIRECTION('center_axis',(-1.,-4.73316543132607E-30,-3.78653234506086E-29));
#4255=DIRECTION('ref_axis',(4.73316543132607E-30,-1.,-2.365988922801E-30));
#4256=DIRECTION('',(4.73316543132607E-30,-1.,-2.365988922801E-30));
#4257=DIRECTION('',(-3.78653234506086E-29,-2.365988922801E-30,1.));
#4258=DIRECTION('',(4.73316543132607E-30,-1.,-2.365988922801E-30));
#4259=DIRECTION('center_axis',(-4.73316543132607E-30,1.,2.365988922801E-30));
#4260=DIRECTION('ref_axis',(-1.,-4.73316543132607E-30,-3.78653234506086E-29));
#4261=DIRECTION('',(-1.,-4.73316543132607E-30,-3.78653234506086E-29));
#4262=DIRECTION('',(-1.,-4.73316543132607E-30,-3.78653234506086E-29));
#4263=DIRECTION('center_axis',(-1.,-1.11022302462516E-15,-7.57306469012171E-29));
#4264=DIRECTION('ref_axis',(-1.11022302462516E-15,1.,2.27161852011051E-30));
#4265=DIRECTION('',(7.57306469012171E-29,2.27161852011059E-30,-1.));
#4266=DIRECTION('',(1.11022302462516E-15,-1.,-2.36598892280096E-30));
#4267=DIRECTION('center_axis',(4.73316543132594E-30,-1.,-1.99713424381654E-30));
#4268=DIRECTION('ref_axis',(0.,1.99713424381654E-30,-1.));
#4269=DIRECTION('',(-1.,-4.73316543132594E-30,-3.78653234506086E-29));
#4270=DIRECTION('',(-6.08983349859038E-14,-1.99713424381683E-30,1.));
#4271=DIRECTION('',(1.,-4.59514717537408E-23,6.08983349859038E-14));
#4272=DIRECTION('',(6.08983349859038E-14,1.99713424381683E-30,-1.));
#4273=DIRECTION('center_axis',(-6.08983349859038E-14,-6.16000306319386E-15,
1.));
#4274=DIRECTION('ref_axis',(-1.,4.59514717537408E-23,-6.08983349859038E-14));
#4275=DIRECTION('',(1.61585426029132E-15,-1.,-6.16000306319377E-15));
#4276=DIRECTION('',(-1.,4.59514717537408E-23,-6.08983349859038E-14));
#4277=DIRECTION('',(1.61585426029132E-15,-1.,-6.16000306319377E-15));
#4278=DIRECTION('center_axis',(1.,1.61585426029095E-15,6.08983349859038E-14));
#4279=DIRECTION('ref_axis',(-6.08983349859038E-14,-6.36990460378714E-15,
1.));
#4280=DIRECTION('',(-6.08983349859038E-14,-6.36990460378714E-15,1.));
#4281=DIRECTION('',(1.61585426029132E-15,-1.,-6.16000306319377E-15));
#4282=DIRECTION('',(6.08983349859038E-14,1.99713424381683E-30,-1.));
#4283=DIRECTION('center_axis',(6.08983349859038E-14,6.16000306319386E-15,
-1.));
#4284=DIRECTION('ref_axis',(1.,-4.59514751063996E-23,6.08983349859038E-14));
#4285=DIRECTION('',(-1.,-4.73316543132582E-30,-6.08983349859038E-14));
#4286=DIRECTION('',(1.,-4.59514751063996E-23,6.08983349859038E-14));
#4287=DIRECTION('',(1.61585426029132E-15,-1.,-6.16000306319377E-15));
#4288=DIRECTION('center_axis',(-1.,-1.61585426029095E-15,-6.08983349859038E-14));
#4289=DIRECTION('ref_axis',(6.08983349859038E-14,6.36990460378714E-15,-1.));
#4290=DIRECTION('',(-6.08983349859038E-14,-1.99713424381683E-30,1.));
#4291=DIRECTION('',(6.08983349859038E-14,6.36990460378714E-15,-1.));
#4292=DIRECTION('center_axis',(1.61585426029132E-15,-1.,-6.16000306319377E-15));
#4293=DIRECTION('ref_axis',(-1.,-1.61585426029095E-15,-6.08983349859046E-14));
#4294=DIRECTION('center_axis',(4.73316543132594E-30,-1.,-1.99713424381654E-30));
#4295=DIRECTION('ref_axis',(0.,1.99713424381654E-30,-1.));
#4296=DIRECTION('',(-1.,-4.73316543132594E-30,-3.78653234506086E-29));
#4297=DIRECTION('',(-1.,-4.73316543132594E-30,-3.78653234506086E-29));
#4298=DIRECTION('',(-7.57306469012171E-29,-1.99713424381654E-30,1.));
#4299=DIRECTION('center_axis',(4.73316543132607E-30,-1.,-2.365988922801E-30));
#4300=DIRECTION('ref_axis',(1.,4.73316543132607E-30,3.78653234506086E-29));
#4301=DIRECTION('',(4.73316543132607E-30,-1.,-2.365988922801E-30));
#4302=DIRECTION('center_axis',(4.73316543132607E-30,-1.,-2.365988922801E-30));
#4303=DIRECTION('ref_axis',(1.,4.73316543132607E-30,3.78653234506086E-29));
#4304=DIRECTION('',(4.73316543132607E-30,-1.,-2.365988922801E-30));
#4305=DIRECTION('center_axis',(-4.73316543132607E-30,1.,2.365988922801E-30));
#4306=DIRECTION('ref_axis',(1.,4.73316543132607E-30,3.78653234506086E-29));
#4307=DIRECTION('center_axis',(2.40930854247229E-22,-1.,6.43389347367511E-15));
#4308=DIRECTION('ref_axis',(6.18252600807432E-14,-6.43389347367511E-15,
-1.));
#4309=DIRECTION('center_axis',(2.40930854247229E-22,-1.,6.43389347367511E-15));
#4310=DIRECTION('ref_axis',(-1.,-4.73316543132607E-30,-3.78653234506086E-29));
#4311=DIRECTION('center_axis',(-4.73316543132607E-30,1.,2.365988922801E-30));
#4312=DIRECTION('ref_axis',(-1.,-4.73316543132607E-30,-3.78653234506086E-29));
#4313=DIRECTION('',(-1.,-4.73316543132607E-30,-3.78653234506086E-29));
#4314=DIRECTION('',(-3.78653234506086E-29,-2.365988922801E-30,1.));
#4315=DIRECTION('',(-1.,-4.73316543132607E-30,-3.78653234506086E-29));
#4316=DIRECTION('',(-3.78653234506086E-29,-2.365988922801E-30,1.));
#4317=DIRECTION('center_axis',(4.73316543132607E-30,-1.,-2.365988922801E-30));
#4318=DIRECTION('ref_axis',(-1.,-4.73316543132607E-30,-3.78653234506086E-29));
#4319=DIRECTION('center_axis',(1.,4.73316543132607E-30,3.78653234506086E-29));
#4320=DIRECTION('ref_axis',(-4.73316543132607E-30,1.,2.365988922801E-30));
#4321=DIRECTION('',(-4.73316543132607E-30,1.,2.365988922801E-30));
#4322=DIRECTION('',(-3.78653234506086E-29,-2.365988922801E-30,1.));
#4323=DIRECTION('',(-4.73316543132607E-30,1.,2.365988922801E-30));
#4324=DIRECTION('center_axis',(4.73316543132607E-30,-1.,-2.365988922801E-30));
#4325=DIRECTION('ref_axis',(1.,4.73316543132607E-30,3.78653234506086E-29));
#4326=DIRECTION('',(1.,4.73316543132607E-30,3.78653234506086E-29));
#4327=DIRECTION('',(-3.78653234506086E-29,-2.365988922801E-30,1.));
#4328=DIRECTION('',(1.,4.73316543132607E-30,3.78653234506086E-29));
#4329=DIRECTION('center_axis',(-4.73316543132607E-30,1.,2.365988922801E-30));
#4330=DIRECTION('ref_axis',(-1.,-4.73316543132607E-30,-3.78653234506086E-29));
#4331=DIRECTION('center_axis',(-1.,-4.73316543132607E-30,-3.78653234506086E-29));
#4332=DIRECTION('ref_axis',(4.73316543132607E-30,-1.,-2.365988922801E-30));
#4333=DIRECTION('',(4.73316543132607E-30,-1.,-2.365988922801E-30));
#4334=DIRECTION('',(4.73316543132607E-30,-1.,-2.365988922801E-30));
#4335=DIRECTION('center_axis',(4.73316543132607E-30,-1.,-2.365988922801E-30));
#4336=DIRECTION('ref_axis',(-1.,-4.73316543132607E-30,-3.78653234506086E-29));
#4337=DIRECTION('center_axis',(4.73316543132607E-30,-1.,-2.365988922801E-30));
#4338=DIRECTION('ref_axis',(-1.,-4.73316543132607E-30,-3.78653234506086E-29));
#4339=DIRECTION('',(4.73316543132607E-30,-1.,-2.365988922801E-30));
#4340=DIRECTION('center_axis',(4.73316543132607E-30,-1.,-2.365988922801E-30));
#4341=DIRECTION('ref_axis',(-1.,-4.73316543132607E-30,-3.78653234506086E-29));
#4342=DIRECTION('',(4.73316543132607E-30,-1.,-2.365988922801E-30));
#4343=DIRECTION('center_axis',(1.,4.73316543132607E-30,4.93432455389034E-16));
#4344=DIRECTION('ref_axis',(-4.93432455389034E-16,-2.27161852011059E-30,
1.));
#4345=DIRECTION('',(-4.93432455388996E-16,-2.365988922801E-30,1.));
#4346=DIRECTION('center_axis',(4.73316543132594E-30,-1.,-1.90276384112613E-30));
#4347=DIRECTION('ref_axis',(3.78653234506086E-29,1.90276384112613E-30,-1.));
#4348=DIRECTION('',(-3.78649490747857E-29,-1.90276384112613E-30,1.));
#4349=DIRECTION('center_axis',(4.73316543132594E-30,-1.,-1.90276384112613E-30));
#4350=DIRECTION('ref_axis',(-1.,-4.73316543132607E-30,-7.57306469012171E-29));
#4351=DIRECTION('',(7.5730348795006E-29,1.90276384112613E-30,-1.));
#4352=DIRECTION('center_axis',(4.73316543132594E-30,-1.,-1.90276384112613E-30));
#4353=DIRECTION('ref_axis',(-2.22044604925024E-15,2.27161852011058E-30,
-1.));
#4354=DIRECTION('center_axis',(-1.,-4.73316543132607E-30,-7.57306469012171E-29));
#4355=DIRECTION('ref_axis',(-4.73316543132607E-30,1.,2.27161852011059E-30));
#4356=DIRECTION('',(7.57306469012171E-29,2.27161852011059E-30,-1.));
#4357=DIRECTION('',(-4.73316543132607E-30,1.,2.27161852011059E-30));
#4358=DIRECTION('',(-7.57306469012171E-29,-1.99713424381654E-30,1.));
#4359=DIRECTION('center_axis',(4.73316543132607E-30,-1.,1.92234107492245E-31));
#4360=DIRECTION('ref_axis',(3.78653234506086E-29,-1.92234107492245E-31,
-1.));
#4361=DIRECTION('',(3.78632559096009E-29,-1.92234107492245E-31,-1.));
#4362=DIRECTION('center_axis',(4.73316543132607E-30,-1.,1.92234107492245E-31));
#4363=DIRECTION('ref_axis',(-2.22044604925024E-15,2.27161852011058E-30,
-1.));
#4364=DIRECTION('',(7.57286556298213E-29,-1.92234107492245E-31,-1.));
#4365=DIRECTION('center_axis',(4.73316543132607E-30,-1.,1.92234107492245E-31));
#4366=DIRECTION('ref_axis',(-1.,-4.73316543132607E-30,-7.57306469012171E-29));
#4367=DIRECTION('center_axis',(-0.99999967341123,0.000808193933028009,-7.57287862601322E-29));
#4368=DIRECTION('ref_axis',(-0.000808193933028009,-0.99999967341123,-2.33282282759534E-30));
#4369=DIRECTION('center_axis',(-1.,-1.11022302462516E-15,-7.57306469012171E-29));
#4370=DIRECTION('ref_axis',(-1.11022302462516E-15,1.,2.27161852011051E-30));
#4371=DIRECTION('',(1.11022302462516E-15,-1.,-2.36598892280096E-30));
#4372=DIRECTION('',(7.57306469012171E-29,2.27161852011059E-30,-1.));
#4373=DIRECTION('center_axis',(7.57306469012171E-29,2.27161852011059E-30,
-1.));
#4374=DIRECTION('ref_axis',(-5.5511151231258E-15,-1.,-2.27161852011101E-30));
#4375=DIRECTION('center_axis',(-7.57306469012171E-29,-2.27161852011059E-30,
1.));
#4376=DIRECTION('ref_axis',(-5.5511151231258E-15,-1.,-2.27161852011101E-30));
#4377=DIRECTION('',(7.57306469012171E-29,2.27161852011059E-30,-1.));
#4378=DIRECTION('center_axis',(-4.73316543132607E-30,1.,2.27161852011059E-30));
#4379=DIRECTION('ref_axis',(1.,4.73316543132607E-30,7.57306469012171E-29));
#4380=DIRECTION('',(1.,4.73316543132607E-30,7.57306469012171E-29));
#4381=DIRECTION('',(7.57306469012171E-29,2.27161852011059E-30,-1.));
#4382=DIRECTION('center_axis',(1.,4.73316543132607E-30,7.57306469012171E-29));
#4383=DIRECTION('ref_axis',(4.73316543132607E-30,-1.,-2.27161852011059E-30));
#4384=DIRECTION('',(4.73316543132607E-30,-1.,-2.27161852011059E-30));
#4385=DIRECTION('',(7.57306469012171E-29,2.27161852011059E-30,-1.));
#4386=DIRECTION('center_axis',(-0.99999967341123,0.000808193933028009,-3.78633989063261E-29));
#4387=DIRECTION('ref_axis',(-0.000808193933028009,-0.99999967341123,-2.39659067478051E-30));
#4388=DIRECTION('center_axis',(-0.99999967341123,0.000808193933028009,-3.78633989063261E-29));
#4389=DIRECTION('ref_axis',(0.000808193933028009,0.99999967341123,-1.79455102561772E-18));
#4390=DIRECTION('',(3.78653234506086E-29,2.365988922801E-30,-1.));
#4391=DIRECTION('center_axis',(-0.99999967341123,0.000808193933028009,-3.78633989063261E-29));
#4392=DIRECTION('ref_axis',(-0.000808193933028009,-0.99999967341123,-2.39659067478051E-30));
#4393=DIRECTION('center_axis',(4.73316543132607E-30,-1.,-2.365988922801E-30));
#4394=DIRECTION('ref_axis',(-1.,-4.73316543132607E-30,-3.78653234506086E-29));
#4395=DIRECTION('center_axis',(4.73316543132607E-30,-1.,-2.365988922801E-30));
#4396=DIRECTION('ref_axis',(-1.,-4.73316543132607E-30,-3.78653234506086E-29));
#4397=DIRECTION('',(4.73316543132607E-30,-1.,-2.365988922801E-30));
#4398=DIRECTION('center_axis',(2.4093085464166E-22,-1.,6.43389347367511E-15));
#4399=DIRECTION('ref_axis',(-1.,-4.73316543132607E-30,-3.78653234506086E-29));
#4400=DIRECTION('center_axis',(-0.99999967341123,0.000808193933028009,-3.78633989063261E-29));
#4401=DIRECTION('ref_axis',(-0.000808193933028009,-0.99999967341123,-2.39659067478051E-30));
#4402=DIRECTION('',(-3.78653234506086E-29,-2.365988922801E-30,1.));
#4403=DIRECTION('center_axis',(-4.73316543132607E-30,1.,2.365988922801E-30));
#4404=DIRECTION('ref_axis',(-1.,-4.73316543132607E-30,-3.78653234506086E-29));
#4405=DIRECTION('',(-1.,-4.73316543132607E-30,-3.78653234506086E-29));
#4406=DIRECTION('center_axis',(4.73316543132607E-30,-1.,-2.365988922801E-30));
#4407=DIRECTION('ref_axis',(-2.22044604925028E-15,2.36598892280099E-30,
-1.));
#4408=DIRECTION('center_axis',(4.73316543132607E-30,-1.,-2.365988922801E-30));
#4409=DIRECTION('ref_axis',(-1.,-4.73316543132607E-30,-3.78653234506086E-29));
#4410=DIRECTION('',(-1.,-4.73316543132607E-30,-3.78653234506086E-29));
#4411=DIRECTION('center_axis',(4.73316543132607E-30,-1.,-2.365988922801E-30));
#4412=DIRECTION('ref_axis',(-1.,-4.73316543132607E-30,-3.78653234506086E-29));
#4413=DIRECTION('center_axis',(4.73316543132607E-30,-1.,-2.365988922801E-30));
#4414=DIRECTION('ref_axis',(-1.,-4.73316543132607E-30,-3.78653234506086E-29));
#4415=DIRECTION('',(4.73316543132607E-30,-1.,-2.365988922801E-30));
#4416=DIRECTION('center_axis',(-4.73316543132607E-30,1.,2.365988922801E-30));
#4417=DIRECTION('ref_axis',(-1.,-4.73316543132607E-30,-3.78653234506086E-29));
#4418=DIRECTION('center_axis',(-4.73316543132607E-30,1.,2.365988922801E-30));
#4419=DIRECTION('ref_axis',(-1.,-4.73316543132607E-30,-3.78653234506086E-29));
#4420=DIRECTION('',(-1.,-4.73316543132607E-30,-3.78653234506086E-29));
#4421=DIRECTION('',(-3.78653234506086E-29,-2.365988922801E-30,1.));
#4422=DIRECTION('',(-1.,-4.73316543132607E-30,-3.78653234506086E-29));
#4423=DIRECTION('',(-3.78653234506086E-29,-2.365988922801E-30,1.));
#4424=DIRECTION('center_axis',(-1.,-4.73316543132607E-30,-3.78653234506086E-29));
#4425=DIRECTION('ref_axis',(4.73316543132607E-30,-1.,-2.365988922801E-30));
#4426=DIRECTION('',(4.73316543132607E-30,-1.,-2.365988922801E-30));
#4427=DIRECTION('',(4.73316543132607E-30,-1.,-2.365988922801E-30));
#4428=DIRECTION('',(-3.78653234506086E-29,-2.365988922801E-30,1.));
#4429=DIRECTION('center_axis',(4.73316543132607E-30,-1.,-2.365988922801E-30));
#4430=DIRECTION('ref_axis',(1.,4.73316543132607E-30,3.78653234506086E-29));
#4431=DIRECTION('',(1.,4.73316543132607E-30,3.78653234506086E-29));
#4432=DIRECTION('',(1.,4.73316543132607E-30,3.78653234506086E-29));
#4433=DIRECTION('',(-3.78653234506086E-29,-2.365988922801E-30,1.));
#4434=DIRECTION('center_axis',(1.,4.73316543132607E-30,3.78653234506086E-29));
#4435=DIRECTION('ref_axis',(-4.73316543132607E-30,1.,2.365988922801E-30));
#4436=DIRECTION('',(-4.73316543132607E-30,1.,2.365988922801E-30));
#4437=DIRECTION('',(-4.73316543132607E-30,1.,2.365988922801E-30));
#4438=DIRECTION('center_axis',(2.4093085464166E-22,-1.,6.43389347367511E-15));
#4439=DIRECTION('ref_axis',(6.18252600807432E-14,-6.43389347367511E-15,
-1.));
#4440=DIRECTION('center_axis',(4.73316543132594E-30,-1.,-1.99713424381654E-30));
#4441=DIRECTION('ref_axis',(0.,1.99713424381654E-30,-1.));
#4442=DIRECTION('',(-1.,-4.73316543132594E-30,-3.78653234506086E-29));
#4443=DIRECTION('center_axis',(-1.,-4.73316543132607E-30,-3.78653234506086E-29));
#4444=DIRECTION('ref_axis',(3.78653234506086E-29,2.365988922801E-30,-1.));
#4445=DIRECTION('',(4.73316543132607E-30,-1.,-2.365988922801E-30));
#4446=DIRECTION('',(-3.78653234506086E-29,-2.365988922801E-30,1.));
#4447=DIRECTION('',(4.73316543132607E-30,-1.,-2.365988922801E-30));
#4448=DIRECTION('center_axis',(4.73316543132607E-30,-1.,-2.365988922801E-30));
#4449=DIRECTION('ref_axis',(-2.22044604925028E-15,2.36598892280099E-30,
-1.));
#4450=DIRECTION('',(4.73316543132607E-30,-1.,-2.365988922801E-30));
#4451=DIRECTION('center_axis',(-4.73316543132607E-30,1.,2.365988922801E-30));
#4452=DIRECTION('ref_axis',(-2.22044604925028E-15,2.36598892280099E-30,
-1.));
#4453=DIRECTION('center_axis',(-3.78653234506086E-29,-2.365988922801E-30,
1.));
#4454=DIRECTION('ref_axis',(1.,4.73316543132607E-30,3.78653234506086E-29));
#4455=DIRECTION('',(1.,4.73316543132607E-30,3.78653234506086E-29));
#4456=DIRECTION('',(-4.73316543132607E-30,1.,2.365988922801E-30));
#4457=DIRECTION('',(-1.,-4.73316543132607E-30,-3.78653234506086E-29));
#4458=DIRECTION('',(4.73316543132607E-30,-1.,-2.365988922801E-30));
#4459=DIRECTION('',(1.,4.73316543132607E-30,3.78653234506086E-29));
#4460=DIRECTION('center_axis',(-4.73316543132607E-30,1.,2.365988922801E-30));
#4461=DIRECTION('ref_axis',(1.,4.73316543132607E-30,3.78653234506086E-29));
#4462=DIRECTION('center_axis',(-4.73316543132607E-30,1.,2.365988922801E-30));
#4463=DIRECTION('ref_axis',(1.,4.73316543132607E-30,3.78653234506086E-29));
#4464=DIRECTION('',(-4.73316543132607E-30,1.,2.365988922801E-30));
#4465=DIRECTION('center_axis',(3.12388918467521E-28,1.,-6.43389360430136E-15));
#4466=DIRECTION('ref_axis',(1.,4.73316543132607E-30,3.78653234506086E-29));
#4467=DIRECTION('center_axis',(-4.73316543132607E-30,1.,2.365988922801E-30));
#4468=DIRECTION('ref_axis',(1.,4.73316543132607E-30,3.78653234506086E-29));
#4469=DIRECTION('center_axis',(-4.73316543132607E-30,1.,2.365988922801E-30));
#4470=DIRECTION('ref_axis',(1.,4.73316543132607E-30,3.78653234506086E-29));
#4471=DIRECTION('',(-4.73316543132607E-30,1.,2.365988922801E-30));
#4472=DIRECTION('center_axis',(4.73316543132607E-30,-1.,-2.365988922801E-30));
#4473=DIRECTION('ref_axis',(1.,4.73316543132607E-30,3.78653234506086E-29));
#4474=DIRECTION('center_axis',(4.73316543132607E-30,-1.,-2.365988922801E-30));
#4475=DIRECTION('ref_axis',(-1.,-4.73316543132607E-30,-3.78653234506086E-29));
#4476=DIRECTION('center_axis',(-4.73316543132607E-30,1.,2.365988922801E-30));
#4477=DIRECTION('ref_axis',(-1.,-4.73316543132607E-30,-3.78653234506086E-29));
#4478=DIRECTION('',(4.73316543132607E-30,-1.,-2.27161852011059E-30));
#4479=DIRECTION('center_axis',(-3.78653234506086E-29,-2.365988922801E-30,
1.));
#4480=DIRECTION('ref_axis',(1.,4.73316543132607E-30,3.78653234506086E-29));
#4481=DIRECTION('',(1.,4.73316543132607E-30,3.78653234506086E-29));
#4482=DIRECTION('center_axis',(-7.57306469012171E-29,-2.27161852011059E-30,
1.));
#4483=DIRECTION('ref_axis',(1.,4.73316543132607E-30,7.57306469012171E-29));
#4484=DIRECTION('',(-1.,-4.73316543132607E-30,-7.57306469012171E-29));
#4485=DIRECTION('',(4.73316543132607E-30,-1.,-2.27161852011059E-30));
#4486=DIRECTION('',(1.,4.73316543132594E-30,3.78653234506086E-29));
#4487=DIRECTION('',(-4.73316543132607E-30,1.,2.365988922801E-30));
#4488=DIRECTION('',(1.,4.73316543132607E-30,3.78653234506086E-29));
#4489=DIRECTION('',(4.73316543132607E-30,-1.,-2.365988922801E-30));
#4490=DIRECTION('',(-1.,-4.73316543132607E-30,-3.78653234506086E-29));
#4491=DIRECTION('center_axis',(-4.73316543132607E-30,1.,2.365988922801E-30));
#4492=DIRECTION('ref_axis',(-1.,-4.73316543132607E-30,-3.78653234506086E-29));
#4493=DIRECTION('',(-3.78653234506086E-29,-2.365988922801E-30,1.));
#4494=DIRECTION('',(-3.78653234506086E-29,-2.365988922801E-30,1.));
#4495=DIRECTION('center_axis',(-1.,-4.73316543132607E-30,-3.78653234506086E-29));
#4496=DIRECTION('ref_axis',(4.73316543132607E-30,-1.,-2.365988922801E-30));
#4497=DIRECTION('',(-3.78653234506086E-29,-2.365988922801E-30,1.));
#4498=DIRECTION('center_axis',(4.73316543132607E-30,-1.,-2.365988922801E-30));
#4499=DIRECTION('ref_axis',(1.,4.73316543132607E-30,3.78653234506086E-29));
#4500=DIRECTION('',(-3.78653234506086E-29,-2.365988922801E-30,1.));
#4501=DIRECTION('center_axis',(1.,4.73316543132607E-30,3.78653234506086E-29));
#4502=DIRECTION('ref_axis',(-4.73316543132607E-30,1.,2.365988922801E-30));
#4503=DIRECTION('center_axis',(4.73316543132607E-30,-1.,-2.365988922801E-30));
#4504=DIRECTION('ref_axis',(1.,4.73316543132607E-30,3.78653234506086E-29));
#4505=DIRECTION('center_axis',(3.12388918467521E-28,1.,-6.43389360430136E-15));
#4506=DIRECTION('ref_axis',(-6.1825261603E-14,6.43389360430136E-15,1.));
#4507=DIRECTION('center_axis',(-4.73316543132594E-30,1.,1.99713424381654E-30));
#4508=DIRECTION('ref_axis',(0.,-1.99713424381654E-30,1.));
#4509=DIRECTION('',(7.57306469012171E-29,1.99713424381654E-30,-1.));
#4510=DIRECTION('center_axis',(-4.73316543132594E-30,1.,1.99713424381654E-30));
#4511=DIRECTION('ref_axis',(1.,4.73316543132607E-30,7.57306469012171E-29));
#4512=DIRECTION('',(7.57306469012171E-29,1.99713424381654E-30,-1.));
#4513=DIRECTION('center_axis',(-4.73316543132607E-30,1.,2.27161852011059E-30));
#4514=DIRECTION('ref_axis',(1.,4.73316543132607E-30,7.57306469012171E-29));
#4515=DIRECTION('',(4.73316543132607E-30,-1.,-2.27161852011059E-30));
#4516=DIRECTION('center_axis',(-4.73316543132607E-30,1.,2.27161852011059E-30));
#4517=DIRECTION('ref_axis',(1.,4.73316543132607E-30,7.57306469012171E-29));
#4518=DIRECTION('',(-4.73316543132607E-30,1.,2.27161852011059E-30));
#4519=DIRECTION('center_axis',(4.73316543132607E-30,-1.,-2.27161852011059E-30));
#4520=DIRECTION('ref_axis',(1.,4.73316543132607E-30,7.57306469012171E-29));
#4521=DIRECTION('',(-7.57306469012171E-29,-2.27161852011059E-30,1.));
#4522=DIRECTION('center_axis',(1.,4.73316543132607E-30,7.57306469012171E-29));
#4523=DIRECTION('ref_axis',(4.73316543132607E-30,-1.,-2.27161852011059E-30));
#4524=DIRECTION('',(7.57306469012171E-29,2.27161852011059E-30,-1.));
#4525=DIRECTION('center_axis',(4.73316543132607E-30,-1.,-2.27161852011059E-30));
#4526=DIRECTION('ref_axis',(-1.,-4.73316543132607E-30,-7.57306469012171E-29));
#4527=DIRECTION('',(7.57306469012171E-29,2.27161852011059E-30,-1.));
#4528=DIRECTION('center_axis',(7.57306469012171E-29,2.27161852011059E-30,
-1.));
#4529=DIRECTION('ref_axis',(1.,4.73316543132607E-30,7.57306469012171E-29));
#4530=DIRECTION('center_axis',(5.49029527592775E-15,-2.29917484178922E-15,
-1.));
#4531=DIRECTION('ref_axis',(-6.66133814775096E-15,-1.,2.29917484178919E-15));
#4532=DIRECTION('center_axis',(5.49029527592775E-15,-2.29917484178922E-15,
-1.));
#4533=DIRECTION('ref_axis',(-6.66133814775096E-15,-1.,2.29917484178919E-15));
#4534=DIRECTION('',(5.49029527592775E-15,-2.29917484178922E-15,-1.));
#4535=DIRECTION('center_axis',(-5.49029527592775E-15,2.29917484178922E-15,
1.));
#4536=DIRECTION('ref_axis',(-6.66133814775096E-15,-1.,2.29917484178919E-15));
#4537=DIRECTION('',(-5.49029527592775E-15,2.29917484178922E-15,1.));
#4538=DIRECTION('center_axis',(5.49029527592775E-15,-2.29917484178922E-15,
-1.));
#4539=DIRECTION('ref_axis',(1.,1.10447398175296E-29,5.49029527592775E-15));
#4540=DIRECTION('center_axis',(5.49029527592775E-15,-2.29917484178922E-15,
-1.));
#4541=DIRECTION('ref_axis',(1.,1.10447398175296E-29,5.49029527592775E-15));
#4542=DIRECTION('',(-5.49029527592775E-15,2.29917484178922E-15,1.));
#4543=DIRECTION('center_axis',(-5.49029527592775E-15,2.29917484178922E-15,
1.));
#4544=DIRECTION('ref_axis',(1.,1.10447398175296E-29,5.49029527592775E-15));
#4545=DIRECTION('',(5.49029527592775E-15,-2.29917484178922E-15,-1.));
#4546=DIRECTION('center_axis',(-1.,-1.10447398175296E-29,-5.49029527592775E-15));
#4547=DIRECTION('ref_axis',(-1.57840895487767E-30,-1.,2.29917484178922E-15));
#4548=DIRECTION('',(-1.57840895487767E-30,-1.,2.29917484178922E-15));
#4549=DIRECTION('',(1.57840895487767E-30,1.,-2.29917484178922E-15));
#4550=DIRECTION('center_axis',(-1.5784089548778E-30,-1.,2.29917484178922E-15));
#4551=DIRECTION('ref_axis',(5.49029527592782E-15,-2.29917484178922E-15,
-1.));
#4552=DIRECTION('',(1.,1.10447398175296E-29,5.49029527592779E-15));
#4553=DIRECTION('',(-5.5408039709976E-14,-2.29917484178922E-15,-1.));
#4554=DIRECTION('',(1.,-1.28971179888913E-28,-5.5408039709976E-14));
#4555=DIRECTION('',(5.5408039709976E-14,2.29917484178922E-15,1.));
#4556=DIRECTION('',(1.,1.10447398175296E-29,5.49029527592779E-15));
#4557=DIRECTION('',(-5.49029527592775E-15,2.29917484178922E-15,1.));
#4558=DIRECTION('',(1.,1.10447398175295E-29,5.49029527592775E-15));
#4559=DIRECTION('center_axis',(-5.49029527592775E-15,2.29917484178922E-15,
1.));
#4560=DIRECTION('ref_axis',(1.,1.10447398175296E-29,5.49029527592775E-15));
#4561=DIRECTION('',(-1.11022302462515E-15,1.,-2.29917484178923E-15));
#4562=DIRECTION('center_axis',(-5.49029527592775E-15,2.29917484178922E-15,
1.));
#4563=DIRECTION('ref_axis',(1.,1.10447398175296E-29,5.49029527592775E-15));
#4564=DIRECTION('',(-1.,-1.10447398175296E-29,-5.49029527592775E-15));
#4565=DIRECTION('',(-1.57840895487767E-30,-1.,2.29917484178922E-15));
#4566=DIRECTION('',(-1.,-1.10447398175295E-29,-5.49029527592775E-15));
#4567=DIRECTION('',(1.57840895487767E-30,1.,-2.29917484178922E-15));
#4568=DIRECTION('',(1.,1.10447398175296E-29,5.49029527592775E-15));
#4569=DIRECTION('',(-1.57840895487767E-30,-1.,2.29917484178922E-15));
#4570=DIRECTION('',(1.,1.10447398175296E-29,5.49029527592775E-15));
#4571=DIRECTION('center_axis',(-5.49029527592775E-15,2.29917484178922E-15,
1.));
#4572=DIRECTION('ref_axis',(-5.5511151231258E-15,-1.,2.29917484178919E-15));
#4573=DIRECTION('',(-1.11022302462515E-15,1.,-2.29917484178923E-15));
#4574=DIRECTION('',(1.,1.10447398175295E-29,5.49029527592775E-15));
#4575=DIRECTION('center_axis',(-2.82982086739596E-28,-1.,-4.13471876251214E-15));
#4576=DIRECTION('ref_axis',(-5.63349663270722E-14,4.13471876251214E-15,
-1.));
#4577=DIRECTION('center_axis',(-2.82982086739596E-28,-1.,-4.13471876251214E-15));
#4578=DIRECTION('ref_axis',(1.,1.10447398175297E-29,5.49029527592779E-15));
#4579=DIRECTION('center_axis',(-1.57840895487767E-30,-1.,2.29917484178922E-15));
#4580=DIRECTION('ref_axis',(1.,1.10447398175297E-29,5.49029527592779E-15));
#4581=DIRECTION('center_axis',(-1.57840895487767E-30,-1.,2.29917484178922E-15));
#4582=DIRECTION('ref_axis',(1.,1.10447398175297E-29,5.49029527592779E-15));
#4583=DIRECTION('',(1.57840895487767E-30,1.,-2.29917484178922E-15));
#4584=DIRECTION('center_axis',(1.57840895487767E-30,1.,-2.29917484178922E-15));
#4585=DIRECTION('ref_axis',(1.,1.10447398175297E-29,5.49029527592779E-15));
#4586=DIRECTION('center_axis',(-1.57840895487767E-30,-1.,2.29917484178922E-15));
#4587=DIRECTION('ref_axis',(1.,1.10447398175297E-29,5.49029527592779E-15));
#4588=DIRECTION('center_axis',(-1.57840895487767E-30,-1.,2.29917484178922E-15));
#4589=DIRECTION('ref_axis',(1.,1.10447398175297E-29,5.49029527592779E-15));
#4590=DIRECTION('',(1.57840895487767E-30,1.,-2.29917484178922E-15));
#4591=DIRECTION('center_axis',(1.57840895487767E-30,1.,-2.29917484178922E-15));
#4592=DIRECTION('ref_axis',(5.49029527592779E-15,-2.29917484178922E-15,
-1.));
#4593=DIRECTION('',(-1.57840895487767E-30,-1.,2.29917484178922E-15));
#4594=DIRECTION('center_axis',(1.57840895487767E-30,1.,-2.29917484178922E-15));
#4595=DIRECTION('ref_axis',(5.49029527592779E-15,-2.29917484178922E-15,
-1.));
#4596=DIRECTION('',(-1.57840895487767E-30,-1.,2.29917484178922E-15));
#4597=DIRECTION('center_axis',(-0.99999928312034,0.00119739667872193,-5.49304436436614E-15));
#4598=DIRECTION('ref_axis',(-0.00119739667872193,-0.99999928312034,2.29259913222895E-15));
#4599=DIRECTION('center_axis',(-1.5784089548778E-30,-1.,2.29917484178922E-15));
#4600=DIRECTION('ref_axis',(5.49029527592775E-15,-2.29917484178922E-15,
-1.));
#4601=DIRECTION('center_axis',(-1.5784089548778E-30,-1.,2.29917484178922E-15));
#4602=DIRECTION('ref_axis',(5.49029527592779E-15,-2.29917484178922E-15,
-1.));
#4603=DIRECTION('center_axis',(-1.57840895487767E-30,-1.,2.29917484178922E-15));
#4604=DIRECTION('ref_axis',(5.49029527592779E-15,-2.29917484178922E-15,
-1.));
#4605=DIRECTION('center_axis',(-1.5784089548778E-30,-1.,2.29917484178922E-15));
#4606=DIRECTION('ref_axis',(5.49029527592782E-15,-2.29917484178922E-15,
-1.));
#4607=DIRECTION('',(1.,1.10447398175296E-29,5.49029527592779E-15));
#4608=DIRECTION('',(5.5408039709976E-14,2.29917484178922E-15,1.));
#4609=DIRECTION('',(-1.,4.59516054580861E-23,5.5408039709976E-14));
#4610=DIRECTION('',(-5.5408039709976E-14,-2.29917484178922E-15,-1.));
#4611=DIRECTION('center_axis',(4.5951128468281E-23,1.,-8.66907944557636E-15));
#4612=DIRECTION('ref_axis',(5.5408039709976E-14,8.66907944557636E-15,1.));
#4613=DIRECTION('',(-5.5408039709976E-14,-8.66907944557636E-15,-1.));
#4614=DIRECTION('',(-1.,4.59516088107449E-23,5.5408039709976E-14));
#4615=DIRECTION('',(5.5408039709976E-14,8.66907944557636E-15,1.));
#4616=DIRECTION('',(1.,-4.59516054580861E-23,-5.5408039709976E-14));
#4617=DIRECTION('center_axis',(1.,1.61585426029081E-15,-5.5408039709976E-14));
#4618=DIRECTION('ref_axis',(5.5408039709976E-14,8.66907944557636E-15,1.));
#4619=DIRECTION('',(1.61585426029128E-15,-1.,8.459177904983E-15));
#4620=DIRECTION('',(1.61585426029128E-15,-1.,8.459177904983E-15));
#4621=DIRECTION('center_axis',(-5.5408039709976E-14,-8.45917790498309E-15,
-1.));
#4622=DIRECTION('ref_axis',(1.,-4.59516088107449E-23,-5.5408039709976E-14));
#4623=DIRECTION('',(1.61585426029128E-15,-1.,8.459177904983E-15));
#4624=DIRECTION('center_axis',(-1.,-1.61585426029081E-15,5.5408039709976E-14));
#4625=DIRECTION('ref_axis',(-5.5408039709976E-14,-8.66907944557636E-15,
-1.));
#4626=DIRECTION('',(1.61585426029128E-15,-1.,8.459177904983E-15));
#4627=DIRECTION('center_axis',(5.5408039709976E-14,8.45917790498309E-15,
1.));
#4628=DIRECTION('ref_axis',(-1.,4.59516054580861E-23,5.5408039709976E-14));
#4629=DIRECTION('center_axis',(-1.,-1.10447398175297E-29,-5.49029527592779E-15));
#4630=DIRECTION('ref_axis',(1.57840895487767E-30,1.,-2.29917484178922E-15));
#4631=DIRECTION('',(5.49029527592779E-15,-2.29917484178922E-15,-1.));
#4632=DIRECTION('',(1.57840895487767E-30,1.,-2.29917484178922E-15));
#4633=DIRECTION('',(5.49029527592779E-15,-2.29917484178922E-15,-1.));
#4634=DIRECTION('',(1.57840895487767E-30,1.,-2.29917484178922E-15));
#4635=DIRECTION('center_axis',(1.57840895487767E-30,1.,-2.29917484178922E-15));
#4636=DIRECTION('ref_axis',(1.,1.10447398175297E-29,5.49029527592779E-15));
#4637=DIRECTION('',(1.,1.10447398175297E-29,5.49029527592779E-15));
#4638=DIRECTION('',(5.49029527592779E-15,-2.29917484178922E-15,-1.));
#4639=DIRECTION('',(1.,1.10447398175297E-29,5.49029527592779E-15));
#4640=DIRECTION('center_axis',(-0.99999928312034,0.00119739667872193,-5.49304436436614E-15));
#4641=DIRECTION('ref_axis',(0.00119739667872193,0.99999928312034,-2.29259913222895E-15));
#4642=DIRECTION('',(5.49029527592779E-15,-2.29917484178922E-15,-1.));
#4643=DIRECTION('',(-4.99686282053883E-15,4.14386589502019E-13,1.));
#4644=DIRECTION('center_axis',(-0.99999928312034,0.00119739667872193,-5.49304436436614E-15));
#4645=DIRECTION('ref_axis',(0.00119739667872193,0.99999928312034,-2.29259913222895E-15));
#4646=DIRECTION('center_axis',(-0.99999928312034,0.00119739667872193,-5.49304436436614E-15));
#4647=DIRECTION('ref_axis',(0.00119739667872193,0.99999928312034,-2.29259913222895E-15));
#4648=DIRECTION('',(5.49029527592779E-15,-2.29917484178922E-15,-1.));
#4649=DIRECTION('',(-5.49029527592779E-15,2.29917484178922E-15,1.));
#4650=DIRECTION('center_axis',(-1.57840895487766E-30,-1.,2.29917484178922E-15));
#4651=DIRECTION('ref_axis',(5.49029527592779E-15,-2.29917484178922E-15,
-1.));
#4652=DIRECTION('',(-5.49029527592775E-15,2.29917484178922E-15,1.));
#4653=DIRECTION('center_axis',(-1.57840895487766E-30,-1.,2.29917484178922E-15));
#4654=DIRECTION('ref_axis',(1.,1.10447398175296E-29,5.49029527592775E-15));
#4655=DIRECTION('center_axis',(-0.99999928312034,0.00119739667872193,-5.4930443643661E-15));
#4656=DIRECTION('ref_axis',(0.00119739667872193,0.99999928312034,-2.29259913222895E-15));
#4657=DIRECTION('',(-5.49029527592775E-15,2.29917484178922E-15,1.));
#4658=DIRECTION('center_axis',(-1.5784089548778E-30,-1.,2.29917484178922E-15));
#4659=DIRECTION('ref_axis',(5.49029527592779E-15,-2.29917484178922E-15,
-1.));
#4660=DIRECTION('center_axis',(-1.5784089548778E-30,-1.,2.29917484178922E-15));
#4661=DIRECTION('ref_axis',(1.,1.10447398175296E-29,5.49029527592775E-15));
#4662=DIRECTION('center_axis',(1.,1.10447398175297E-29,5.49029527592779E-15));
#4663=DIRECTION('ref_axis',(-1.57840895487767E-30,-1.,2.29917484178922E-15));
#4664=DIRECTION('',(-1.57840895487767E-30,-1.,2.29917484178922E-15));
#4665=DIRECTION('',(5.49029527592779E-15,-2.29917484178922E-15,-1.));
#4666=DIRECTION('',(-1.57840895487767E-30,-1.,2.29917484178922E-15));
#4667=DIRECTION('center_axis',(-1.57840895487767E-30,-1.,2.29917484178922E-15));
#4668=DIRECTION('ref_axis',(-1.,-1.10447398175297E-29,-5.49029527592779E-15));
#4669=DIRECTION('',(-1.,-1.10447398175297E-29,-5.49029527592779E-15));
#4670=DIRECTION('',(-1.,-1.10447398175297E-29,-5.49029527592779E-15));
#4671=DIRECTION('center_axis',(1.,1.11022302462517E-15,5.49029527592775E-15));
#4672=DIRECTION('ref_axis',(-1.11022302462515E-15,1.,-2.29917484178923E-15));
#4673=DIRECTION('',(1.11022302462515E-15,-1.,2.29917484178923E-15));
#4674=DIRECTION('',(-5.49029527592775E-15,2.29917484178922E-15,1.));
#4675=DIRECTION('center_axis',(1.5784089548778E-30,1.,-2.29917484178922E-15));
#4676=DIRECTION('ref_axis',(-5.49029527592782E-15,2.29917484178922E-15,
1.));
#4677=DIRECTION('',(-1.,-1.10447398175296E-29,-5.49029527592779E-15));
#4678=DIRECTION('',(5.5408039709976E-14,2.29917484178922E-15,1.));
#4679=DIRECTION('',(1.,-4.59516054580861E-23,-5.5408039709976E-14));
#4680=DIRECTION('',(-5.5408039709976E-14,-2.29917484178922E-15,-1.));
#4681=DIRECTION('center_axis',(5.5408039709976E-14,8.45917790498309E-15,
1.));
#4682=DIRECTION('ref_axis',(-1.,4.59516054580861E-23,5.5408039709976E-14));
#4683=DIRECTION('',(1.61585426029128E-15,-1.,8.459177904983E-15));
#4684=DIRECTION('',(-1.,4.59516054580861E-23,5.5408039709976E-14));
#4685=DIRECTION('',(1.61585426029128E-15,-1.,8.459177904983E-15));
#4686=DIRECTION('center_axis',(-1.,-1.61585426029081E-15,5.5408039709976E-14));
#4687=DIRECTION('ref_axis',(-5.5408039709976E-14,-8.66907944557636E-15,
-1.));
#4688=DIRECTION('',(5.5408039709976E-14,2.29917484178922E-15,1.));
#4689=DIRECTION('',(1.61585426029128E-15,-1.,8.459177904983E-15));
#4690=DIRECTION('',(-5.5408039709976E-14,-8.66907944557636E-15,-1.));
#4691=DIRECTION('center_axis',(-5.5408039709976E-14,-8.45917790498309E-15,
-1.));
#4692=DIRECTION('ref_axis',(1.,-4.59516088107449E-23,-5.5408039709976E-14));
#4693=DIRECTION('',(-1.,1.28971179888913E-28,5.5408039709976E-14));
#4694=DIRECTION('',(1.61585426029128E-15,-1.,8.459177904983E-15));
#4695=DIRECTION('',(1.,-4.59516088107449E-23,-5.5408039709976E-14));
#4696=DIRECTION('center_axis',(1.,1.61585426029081E-15,-5.5408039709976E-14));
#4697=DIRECTION('ref_axis',(5.5408039709976E-14,8.66907944557636E-15,1.));
#4698=DIRECTION('',(-5.5408039709976E-14,-2.29917484178922E-15,-1.));
#4699=DIRECTION('',(5.5408039709976E-14,8.66907944557636E-15,1.));
#4700=DIRECTION('center_axis',(-1.61585426029128E-15,1.,-8.459177904983E-15));
#4701=DIRECTION('ref_axis',(-1.,-1.61585426029081E-15,5.54080397099768E-14));
#4702=DIRECTION('center_axis',(1.5784089548778E-30,1.,-2.29917484178922E-15));
#4703=DIRECTION('ref_axis',(-5.49029527592782E-15,2.29917484178922E-15,
1.));
#4704=DIRECTION('',(5.49029527592775E-15,-2.29917484178922E-15,-1.));
#4705=DIRECTION('',(-1.,-1.10447398175296E-29,-5.49029527592779E-15));
#4706=DIRECTION('',(-1.,-1.10447398175296E-29,-5.49029527592779E-15));
#4707=DIRECTION('center_axis',(1.57840895487767E-30,1.,-2.29917484178922E-15));
#4708=DIRECTION('ref_axis',(1.,1.10447398175297E-29,5.49029527592779E-15));
#4709=DIRECTION('',(-1.57840895487767E-30,-1.,2.29917484178922E-15));
#4710=DIRECTION('center_axis',(-1.57840895487767E-30,-1.,2.29917484178922E-15));
#4711=DIRECTION('ref_axis',(1.,1.10447398175297E-29,5.49029527592779E-15));
#4712=DIRECTION('',(-1.57840895487767E-30,-1.,2.29917484178922E-15));
#4713=DIRECTION('center_axis',(1.57840895487767E-30,1.,-2.29917484178922E-15));
#4714=DIRECTION('ref_axis',(1.,1.10447398175297E-29,5.49029527592779E-15));
#4715=DIRECTION('center_axis',(-2.4093088325963E-22,1.,4.13471863188589E-15));
#4716=DIRECTION('ref_axis',(5.63349648048154E-14,-4.13471863188589E-15,
1.));
#4717=DIRECTION('center_axis',(-2.4093088325963E-22,1.,4.13471863188589E-15));
#4718=DIRECTION('ref_axis',(-1.,-1.10447398175297E-29,-5.49029527592779E-15));
#4719=DIRECTION('center_axis',(-1.57840895487767E-30,-1.,2.29917484178922E-15));
#4720=DIRECTION('ref_axis',(-1.,-1.10447398175297E-29,-5.49029527592779E-15));
#4721=DIRECTION('',(-1.,-1.10447398175297E-29,-5.49029527592779E-15));
#4722=DIRECTION('',(5.49029527592779E-15,-2.29917484178922E-15,-1.));
#4723=DIRECTION('',(-1.,-1.10447398175297E-29,-5.49029527592779E-15));
#4724=DIRECTION('',(5.49029527592779E-15,-2.29917484178922E-15,-1.));
#4725=DIRECTION('center_axis',(1.57840895487767E-30,1.,-2.29917484178922E-15));
#4726=DIRECTION('ref_axis',(-1.,-1.10447398175297E-29,-5.49029527592779E-15));
#4727=DIRECTION('center_axis',(-1.,-1.10447398175297E-29,-5.49029527592779E-15));
#4728=DIRECTION('ref_axis',(1.57840895487767E-30,1.,-2.29917484178922E-15));
#4729=DIRECTION('',(1.57840895487767E-30,1.,-2.29917484178922E-15));
#4730=DIRECTION('',(1.57840895487767E-30,1.,-2.29917484178922E-15));
#4731=DIRECTION('',(5.49029527592779E-15,-2.29917484178922E-15,-1.));
#4732=DIRECTION('center_axis',(1.57840895487767E-30,1.,-2.29917484178922E-15));
#4733=DIRECTION('ref_axis',(1.,1.10447398175297E-29,5.49029527592779E-15));
#4734=DIRECTION('',(1.,1.10447398175297E-29,5.49029527592779E-15));
#4735=DIRECTION('',(1.,1.10447398175297E-29,5.49029527592779E-15));
#4736=DIRECTION('',(5.49029527592779E-15,-2.29917484178922E-15,-1.));
#4737=DIRECTION('center_axis',(-1.57840895487767E-30,-1.,2.29917484178922E-15));
#4738=DIRECTION('ref_axis',(-1.,-1.10447398175297E-29,-5.49029527592779E-15));
#4739=DIRECTION('center_axis',(1.,1.10447398175297E-29,5.49029527592779E-15));
#4740=DIRECTION('ref_axis',(-1.57840895487767E-30,-1.,2.29917484178922E-15));
#4741=DIRECTION('',(-1.57840895487767E-30,-1.,2.29917484178922E-15));
#4742=DIRECTION('',(-1.57840895487767E-30,-1.,2.29917484178922E-15));
#4743=DIRECTION('center_axis',(1.57840895487767E-30,1.,-2.29917484178922E-15));
#4744=DIRECTION('ref_axis',(-1.,-1.10447398175297E-29,-5.49029527592779E-15));
#4745=DIRECTION('center_axis',(1.57840895487767E-30,1.,-2.29917484178922E-15));
#4746=DIRECTION('ref_axis',(-1.,-1.10447398175297E-29,-5.49029527592779E-15));
#4747=DIRECTION('',(-1.57840895487767E-30,-1.,2.29917484178922E-15));
#4748=DIRECTION('center_axis',(1.57840895487767E-30,1.,-2.29917484178922E-15));
#4749=DIRECTION('ref_axis',(-1.,-1.10447398175297E-29,-5.49029527592779E-15));
#4750=DIRECTION('',(-1.57840895487767E-30,-1.,2.29917484178923E-15));
#4751=DIRECTION('center_axis',(-1.,-9.91025232997705E-30,-4.99686282053879E-15));
#4752=DIRECTION('ref_axis',(4.99686282053879E-15,-2.29917484178922E-15,
-1.));
#4753=DIRECTION('',(4.99686282053883E-15,-2.29917484178922E-15,-1.));
#4754=DIRECTION('center_axis',(1.5784089548778E-30,1.,-2.29917484178922E-15));
#4755=DIRECTION('ref_axis',(-5.49029527592779E-15,2.29917484178922E-15,
1.));
#4756=DIRECTION('',(5.49029527592779E-15,-2.29917484178922E-15,-1.));
#4757=DIRECTION('center_axis',(1.5784089548778E-30,1.,-2.29917484178922E-15));
#4758=DIRECTION('ref_axis',(-7.71074132517807E-15,2.29917484178922E-15,
1.));
#4759=DIRECTION('',(-5.49029527592775E-15,2.29917484178922E-15,1.));
#4760=DIRECTION('center_axis',(1.5784089548778E-30,1.,-2.29917484178922E-15));
#4761=DIRECTION('ref_axis',(-1.,-1.10447398175296E-29,-5.49029527592775E-15));
#4762=DIRECTION('center_axis',(1.,1.10447398175296E-29,5.49029527592775E-15));
#4763=DIRECTION('ref_axis',(1.57840895487767E-30,1.,-2.29917484178922E-15));
#4764=DIRECTION('',(5.49029527592775E-15,-2.29917484178922E-15,-1.));
#4765=DIRECTION('',(1.57840895487767E-30,1.,-2.29917484178922E-15));
#4766=DIRECTION('',(-5.49029527592775E-15,2.29917484178922E-15,1.));
#4767=DIRECTION('center_axis',(1.57840895487766E-30,1.,-2.29917484178922E-15));
#4768=DIRECTION('ref_axis',(-5.49029527592779E-15,2.29917484178922E-15,
1.));
#4769=DIRECTION('',(-5.49029527592779E-15,2.29917484178922E-15,1.));
#4770=DIRECTION('center_axis',(1.57840895487766E-30,1.,-2.29917484178922E-15));
#4771=DIRECTION('ref_axis',(-1.,-1.10447398175296E-29,-5.49029527592775E-15));
#4772=DIRECTION('',(-5.49029527592775E-15,2.29917484178922E-15,1.));
#4773=DIRECTION('center_axis',(1.57840895487766E-30,1.,-2.29917484178922E-15));
#4774=DIRECTION('ref_axis',(-7.71074132517807E-15,2.29917484178922E-15,
1.));
#4775=DIRECTION('center_axis',(0.99999967341123,-0.000808193933028009,5.49215166201707E-15));
#4776=DIRECTION('ref_axis',(-0.000808193933028009,-0.99999967341123,2.294736867572E-15));
#4777=DIRECTION('center_axis',(1.,1.11022302462517E-15,5.49029527592775E-15));
#4778=DIRECTION('ref_axis',(-1.11022302462515E-15,1.,-2.29917484178923E-15));
#4779=DIRECTION('',(-5.49029527592775E-15,2.29917484178922E-15,1.));
#4780=DIRECTION('',(1.11022302462515E-15,-1.,2.29917484178923E-15));
#4781=DIRECTION('center_axis',(5.49029527592775E-15,-2.29917484178922E-15,
-1.));
#4782=DIRECTION('ref_axis',(-5.5511151231258E-15,-1.,2.29917484178919E-15));
#4783=DIRECTION('center_axis',(-5.49029527592775E-15,2.29917484178922E-15,
1.));
#4784=DIRECTION('ref_axis',(-5.5511151231258E-15,-1.,2.29917484178919E-15));
#4785=DIRECTION('',(-5.49029527592775E-15,2.29917484178922E-15,1.));
#4786=DIRECTION('center_axis',(-1.57840895487767E-30,-1.,2.29917484178922E-15));
#4787=DIRECTION('ref_axis',(1.,1.10447398175296E-29,5.49029527592775E-15));
#4788=DIRECTION('',(1.,1.10447398175296E-29,5.49029527592775E-15));
#4789=DIRECTION('',(-5.49029527592775E-15,2.29917484178922E-15,1.));
#4790=DIRECTION('center_axis',(-1.,-1.10447398175296E-29,-5.49029527592775E-15));
#4791=DIRECTION('ref_axis',(-1.57840895487767E-30,-1.,2.29917484178922E-15));
#4792=DIRECTION('',(-1.57840895487767E-30,-1.,2.29917484178922E-15));
#4793=DIRECTION('',(-5.49029527592775E-15,2.29917484178922E-15,1.));
#4794=DIRECTION('center_axis',(0.99999967341123,-0.000808193933028009,5.49215166201711E-15));
#4795=DIRECTION('ref_axis',(-0.000808193933028009,-0.99999967341123,2.294736867572E-15));
#4796=DIRECTION('center_axis',(0.99999967341123,-0.000808193933028009,5.49215166201711E-15));
#4797=DIRECTION('ref_axis',(-0.000808193933028009,-0.99999967341123,2.294736867572E-15));
#4798=DIRECTION('',(-5.49029527592779E-15,2.29917484178922E-15,1.));
#4799=DIRECTION('center_axis',(0.99999967341123,-0.000808193933028009,5.49215166201711E-15));
#4800=DIRECTION('ref_axis',(0.000808193933028009,0.99999967341123,-2.29294231654638E-15));
#4801=DIRECTION('center_axis',(1.57840895487767E-30,1.,-2.29917484178922E-15));
#4802=DIRECTION('ref_axis',(-1.,-1.10447398175297E-29,-5.49029527592779E-15));
#4803=DIRECTION('center_axis',(1.57840895487767E-30,1.,-2.29917484178922E-15));
#4804=DIRECTION('ref_axis',(-1.,-1.10447398175297E-29,-5.49029527592779E-15));
#4805=DIRECTION('',(-1.57840895487767E-30,-1.,2.29917484178923E-15));
#4806=DIRECTION('center_axis',(-2.4093088365406E-22,1.,4.13471863188588E-15));
#4807=DIRECTION('ref_axis',(-1.,-1.10447398175297E-29,-5.49029527592779E-15));
#4808=DIRECTION('center_axis',(0.99999967341123,-0.000808193933028009,5.49215166201711E-15));
#4809=DIRECTION('ref_axis',(-0.000808193933028009,-0.99999967341123,2.294736867572E-15));
#4810=DIRECTION('',(5.49029527592779E-15,-2.29917484178922E-15,-1.));
#4811=DIRECTION('center_axis',(-1.57840895487767E-30,-1.,2.29917484178922E-15));
#4812=DIRECTION('ref_axis',(-1.,-1.10447398175297E-29,-5.49029527592779E-15));
#4813=DIRECTION('',(-1.,-1.10447398175297E-29,-5.49029527592779E-15));
#4814=DIRECTION('',(-1.,-1.10447398175297E-29,-5.49029527592779E-15));
#4815=DIRECTION('center_axis',(1.57840895487767E-30,1.,-2.29917484178922E-15));
#4816=DIRECTION('ref_axis',(-1.,-1.10447398175297E-29,-5.49029527592779E-15));
#4817=DIRECTION('center_axis',(1.57840895487767E-30,1.,-2.29917484178922E-15));
#4818=DIRECTION('ref_axis',(-7.7107413251781E-15,2.29917484178922E-15,1.));
#4819=DIRECTION('center_axis',(1.57840895487767E-30,1.,-2.29917484178922E-15));
#4820=DIRECTION('ref_axis',(-1.,-1.10447398175297E-29,-5.49029527592779E-15));
#4821=DIRECTION('center_axis',(1.57840895487767E-30,1.,-2.29917484178922E-15));
#4822=DIRECTION('ref_axis',(-1.,-1.10447398175297E-29,-5.49029527592779E-15));
#4823=DIRECTION('',(-1.57840895487767E-30,-1.,2.29917484178923E-15));
#4824=DIRECTION('center_axis',(-1.57840895487767E-30,-1.,2.29917484178922E-15));
#4825=DIRECTION('ref_axis',(-1.,-1.10447398175297E-29,-5.49029527592779E-15));
#4826=DIRECTION('center_axis',(-1.57840895487767E-30,-1.,2.29917484178922E-15));
#4827=DIRECTION('ref_axis',(-1.,-1.10447398175297E-29,-5.49029527592779E-15));
#4828=DIRECTION('',(-1.,-1.10447398175297E-29,-5.49029527592779E-15));
#4829=DIRECTION('',(5.49029527592779E-15,-2.29917484178922E-15,-1.));
#4830=DIRECTION('',(-1.,-1.10447398175297E-29,-5.49029527592779E-15));
#4831=DIRECTION('',(5.49029527592779E-15,-2.29917484178922E-15,-1.));
#4832=DIRECTION('center_axis',(1.,1.10447398175297E-29,5.49029527592779E-15));
#4833=DIRECTION('ref_axis',(-1.57840895487767E-30,-1.,2.29917484178922E-15));
#4834=DIRECTION('',(-1.57840895487767E-30,-1.,2.29917484178922E-15));
#4835=DIRECTION('',(5.49029527592779E-15,-2.29917484178922E-15,-1.));
#4836=DIRECTION('',(-1.57840895487767E-30,-1.,2.29917484178922E-15));
#4837=DIRECTION('center_axis',(1.57840895487767E-30,1.,-2.29917484178922E-15));
#4838=DIRECTION('ref_axis',(1.,1.10447398175297E-29,5.49029527592779E-15));
#4839=DIRECTION('',(1.,1.10447398175297E-29,5.49029527592779E-15));
#4840=DIRECTION('',(5.49029527592779E-15,-2.29917484178922E-15,-1.));
#4841=DIRECTION('',(1.,1.10447398175297E-29,5.49029527592779E-15));
#4842=DIRECTION('center_axis',(-1.,-1.10447398175297E-29,-5.49029527592779E-15));
#4843=DIRECTION('ref_axis',(1.57840895487767E-30,1.,-2.29917484178922E-15));
#4844=DIRECTION('',(1.57840895487767E-30,1.,-2.29917484178922E-15));
#4845=DIRECTION('',(1.57840895487767E-30,1.,-2.29917484178922E-15));
#4846=DIRECTION('center_axis',(-2.4093088365406E-22,1.,4.13471863188588E-15));
#4847=DIRECTION('ref_axis',(5.63349648048154E-14,-4.13471863188588E-15,
1.));
#4848=DIRECTION('center_axis',(1.5784089548778E-30,1.,-2.29917484178922E-15));
#4849=DIRECTION('ref_axis',(-5.49029527592782E-15,2.29917484178922E-15,
1.));
#4850=DIRECTION('',(-1.,-1.10447398175296E-29,-5.49029527592779E-15));
#4851=DIRECTION('center_axis',(1.,1.10447398175297E-29,5.49029527592779E-15));
#4852=DIRECTION('ref_axis',(-5.49029527592779E-15,2.29917484178922E-15,
1.));
#4853=DIRECTION('',(-1.57840895487767E-30,-1.,2.29917484178922E-15));
#4854=DIRECTION('',(-1.57840895487767E-30,-1.,2.29917484178922E-15));
#4855=DIRECTION('',(5.49029527592779E-15,-2.29917484178922E-15,-1.));
#4856=DIRECTION('center_axis',(1.57840895487767E-30,1.,-2.29917484178922E-15));
#4857=DIRECTION('ref_axis',(-7.7107413251781E-15,2.29917484178922E-15,1.));
#4858=DIRECTION('',(-1.57840895487767E-30,-1.,2.29917484178922E-15));
#4859=DIRECTION('center_axis',(-1.57840895487767E-30,-1.,2.29917484178922E-15));
#4860=DIRECTION('ref_axis',(-7.7107413251781E-15,2.29917484178922E-15,1.));
#4861=DIRECTION('center_axis',(-5.49029527592779E-15,2.29917484178922E-15,
1.));
#4862=DIRECTION('ref_axis',(1.,1.10447398175297E-29,5.49029527592779E-15));
#4863=DIRECTION('',(1.,1.10447398175297E-29,5.49029527592779E-15));
#4864=DIRECTION('',(1.57840895487767E-30,1.,-2.29917484178922E-15));
#4865=DIRECTION('',(1.,1.10447398175297E-29,5.49029527592779E-15));
#4866=DIRECTION('',(-1.57840895487767E-30,-1.,2.29917484178922E-15));
#4867=DIRECTION('',(-1.,-1.10447398175297E-29,-5.49029527592779E-15));
#4868=DIRECTION('center_axis',(-1.57840895487767E-30,-1.,2.29917484178922E-15));
#4869=DIRECTION('ref_axis',(1.,1.10447398175297E-29,5.49029527592779E-15));
#4870=DIRECTION('center_axis',(-1.57840895487767E-30,-1.,2.29917484178922E-15));
#4871=DIRECTION('ref_axis',(1.,1.10447398175297E-29,5.49029527592779E-15));
#4872=DIRECTION('',(1.57840895487767E-30,1.,-2.29917484178922E-15));
#4873=DIRECTION('center_axis',(-2.83376517192206E-28,-1.,-4.13471876251214E-15));
#4874=DIRECTION('ref_axis',(1.,1.10447398175297E-29,5.49029527592779E-15));
#4875=DIRECTION('center_axis',(-1.57840895487767E-30,-1.,2.29917484178922E-15));
#4876=DIRECTION('ref_axis',(1.,1.10447398175297E-29,5.49029527592779E-15));
#4877=DIRECTION('center_axis',(-1.57840895487767E-30,-1.,2.29917484178922E-15));
#4878=DIRECTION('ref_axis',(1.,1.10447398175297E-29,5.49029527592779E-15));
#4879=DIRECTION('',(1.57840895487767E-30,1.,-2.29917484178922E-15));
#4880=DIRECTION('center_axis',(1.57840895487767E-30,1.,-2.29917484178922E-15));
#4881=DIRECTION('ref_axis',(1.,1.10447398175297E-29,5.49029527592779E-15));
#4882=DIRECTION('center_axis',(1.57840895487767E-30,1.,-2.29917484178922E-15));
#4883=DIRECTION('ref_axis',(-1.,-1.10447398175297E-29,-5.49029527592779E-15));
#4884=DIRECTION('',(-1.57840895487767E-30,-1.,2.29917484178922E-15));
#4885=DIRECTION('center_axis',(-1.57840895487767E-30,-1.,2.29917484178922E-15));
#4886=DIRECTION('ref_axis',(-1.,-1.10447398175297E-29,-5.49029527592779E-15));
#4887=DIRECTION('center_axis',(-5.49029527592779E-15,2.29917484178922E-15,
1.));
#4888=DIRECTION('ref_axis',(1.,1.10447398175297E-29,5.49029527592779E-15));
#4889=DIRECTION('',(1.,1.10447398175297E-29,5.49029527592779E-15));
#4890=DIRECTION('',(1.,1.10447398175296E-29,5.49029527592779E-15));
#4891=DIRECTION('',(-1.57840895487767E-30,-1.,2.29917484178922E-15));
#4892=DIRECTION('',(-1.,-1.10447398175296E-29,-5.49029527592775E-15));
#4893=DIRECTION('center_axis',(-5.49029527592775E-15,2.29917484178922E-15,
1.));
#4894=DIRECTION('ref_axis',(1.,1.10447398175296E-29,5.49029527592775E-15));
#4895=DIRECTION('',(1.57840895487767E-30,1.,-2.29917484178922E-15));
#4896=DIRECTION('',(-1.,-1.10447398175297E-29,-5.49029527592779E-15));
#4897=DIRECTION('',(-1.57840895487767E-30,-1.,2.29917484178922E-15));
#4898=DIRECTION('',(1.,1.10447398175297E-29,5.49029527592779E-15));
#4899=DIRECTION('center_axis',(-1.57840895487767E-30,-1.,2.29917484178922E-15));
#4900=DIRECTION('ref_axis',(-1.,-1.10447398175297E-29,-5.49029527592779E-15));
#4901=DIRECTION('',(5.49029527592779E-15,-2.29917484178922E-15,-1.));
#4902=DIRECTION('',(5.49029527592779E-15,-2.29917484178922E-15,-1.));
#4903=DIRECTION('center_axis',(1.,1.10447398175297E-29,5.49029527592779E-15));
#4904=DIRECTION('ref_axis',(-1.57840895487767E-30,-1.,2.29917484178922E-15));
#4905=DIRECTION('',(5.49029527592779E-15,-2.29917484178922E-15,-1.));
#4906=DIRECTION('center_axis',(1.57840895487767E-30,1.,-2.29917484178922E-15));
#4907=DIRECTION('ref_axis',(1.,1.10447398175297E-29,5.49029527592779E-15));
#4908=DIRECTION('',(5.49029527592779E-15,-2.29917484178922E-15,-1.));
#4909=DIRECTION('center_axis',(-1.,-1.10447398175297E-29,-5.49029527592779E-15));
#4910=DIRECTION('ref_axis',(1.57840895487767E-30,1.,-2.29917484178922E-15));
#4911=DIRECTION('center_axis',(1.57840895487767E-30,1.,-2.29917484178922E-15));
#4912=DIRECTION('ref_axis',(1.,1.10447398175297E-29,5.49029527592779E-15));
#4913=DIRECTION('center_axis',(-2.83376517192206E-28,-1.,-4.13471876251214E-15));
#4914=DIRECTION('ref_axis',(-5.63349663270722E-14,4.13471876251214E-15,
-1.));
#4915=DIRECTION('center_axis',(-1.5784089548778E-30,-1.,2.29917484178922E-15));
#4916=DIRECTION('ref_axis',(5.49029527592782E-15,-2.29917484178922E-15,
-1.));
#4917=DIRECTION('',(-5.49029527592775E-15,2.29917484178922E-15,1.));
#4918=DIRECTION('',(-5.49029527592775E-15,2.29917484178922E-15,1.));
#4919=DIRECTION('center_axis',(-1.5784089548778E-30,-1.,2.29917484178922E-15));
#4920=DIRECTION('ref_axis',(1.,1.10447398175296E-29,5.49029527592775E-15));
#4921=DIRECTION('center_axis',(-1.57840895487767E-30,-1.,2.29917484178922E-15));
#4922=DIRECTION('ref_axis',(1.,1.10447398175296E-29,5.49029527592775E-15));
#4923=DIRECTION('',(1.57840895487767E-30,1.,-2.29917484178922E-15));
#4924=DIRECTION('center_axis',(-1.57840895487767E-30,-1.,2.29917484178922E-15));
#4925=DIRECTION('ref_axis',(1.,1.10447398175296E-29,5.49029527592775E-15));
#4926=DIRECTION('',(-1.57840895487767E-30,-1.,2.29917484178922E-15));
#4927=DIRECTION('center_axis',(1.57840895487767E-30,1.,-2.29917484178922E-15));
#4928=DIRECTION('ref_axis',(1.,1.10447398175296E-29,5.49029527592775E-15));
#4929=DIRECTION('',(5.49029527592775E-15,-2.29917484178922E-15,-1.));
#4930=DIRECTION('center_axis',(-1.,-1.10447398175296E-29,-5.49029527592775E-15));
#4931=DIRECTION('ref_axis',(-1.57840895487767E-30,-1.,2.29917484178922E-15));
#4932=DIRECTION('',(-5.49029527592775E-15,2.29917484178922E-15,1.));
#4933=DIRECTION('center_axis',(1.57840895487767E-30,1.,-2.29917484178922E-15));
#4934=DIRECTION('ref_axis',(-1.,-1.10447398175296E-29,-5.49029527592775E-15));
#4935=DIRECTION('',(-5.49029527592775E-15,2.29917484178922E-15,1.));
#4936=DIRECTION('center_axis',(5.49029527592775E-15,-2.29917484178922E-15,
-1.));
#4937=DIRECTION('ref_axis',(1.,1.10447398175296E-29,5.49029527592775E-15));
#4938=DIRECTION('',(-0.999999999999984,8.30932544992889E-16,6.08983349859038E-14));
#4939=DIRECTION('',(6.07720866219081E-14,-3.5128506601883E-15,1.));
#4940=DIRECTION('center_axis',(0.,0.,-1.));
#4941=DIRECTION('ref_axis',(1.,0.,0.));
#4942=DIRECTION('center_axis',(0.,0.,-1.));
#4943=DIRECTION('ref_axis',(1.,0.,0.));
#4944=DIRECTION('center_axis',(0.,0.,1.));
#4945=DIRECTION('ref_axis',(1.,0.,0.));
#4946=DIRECTION('center_axis',(-3.15544362088405E-30,-5.67582393837648E-61,
-1.));
#4947=DIRECTION('ref_axis',(1.,0.,-3.15544362088405E-30));
#4948=DIRECTION('center_axis',(-3.15544362088405E-30,-5.67582393837648E-61,
-1.));
#4949=DIRECTION('ref_axis',(1.,0.,-3.15544362088405E-30));
#4950=DIRECTION('center_axis',(0.,0.,-1.));
#4951=DIRECTION('ref_axis',(1.,0.,0.));
#4952=DIRECTION('center_axis',(0.,0.,-1.));
#4953=DIRECTION('ref_axis',(1.,0.,0.));
#4954=DIRECTION('center_axis',(0.,0.,-1.));
#4955=DIRECTION('ref_axis',(1.,0.,0.));
#4956=DIRECTION('center_axis',(0.,0.,-1.));
#4957=DIRECTION('ref_axis',(1.,0.,0.));
#4958=DIRECTION('center_axis',(0.,0.,1.));
#4959=DIRECTION('ref_axis',(1.,0.,0.));
#4960=DIRECTION('center_axis',(6.31593947769506E-30,-1.13643525683204E-31,
-1.));
#4961=DIRECTION('ref_axis',(1.,0.,6.31593947769506E-30));
#4962=DIRECTION('center_axis',(0.,0.,-1.));
#4963=DIRECTION('ref_axis',(1.,0.,0.));
#4964=DIRECTION('center_axis',(6.31593947769506E-30,-1.13643525683204E-31,
-1.));
#4965=DIRECTION('ref_axis',(-0.0179902189290497,-0.999838162915822,9.66856751621818E-45));
#4966=DIRECTION('center_axis',(0.,0.,1.));
#4967=DIRECTION('ref_axis',(1.,0.,0.));
#4968=DIRECTION('center_axis',(0.,0.,-1.));
#4969=DIRECTION('ref_axis',(1.,0.,0.));
#4970=DIRECTION('center_axis',(0.,0.,-1.));
#4971=DIRECTION('ref_axis',(1.,0.,0.));
#4972=DIRECTION('center_axis',(0.,0.,-1.));
#4973=DIRECTION('ref_axis',(1.,0.,0.));
#4974=DIRECTION('center_axis',(0.,0.,-1.));
#4975=DIRECTION('ref_axis',(1.,0.,0.));
#4976=DIRECTION('center_axis',(0.,0.,-1.));
#4977=DIRECTION('ref_axis',(1.,0.,0.));
#4978=DIRECTION('center_axis',(0.,0.,-1.));
#4979=DIRECTION('ref_axis',(1.,0.,0.));
#4980=DIRECTION('center_axis',(-8.84343660041671E-75,-3.94430452610506E-31,
1.));
#4981=DIRECTION('ref_axis',(1.,0.,8.84343660041671E-75));
#4982=DIRECTION('center_axis',(0.,0.,-1.));
#4983=DIRECTION('ref_axis',(1.,0.,0.));
#4984=DIRECTION('',(0.,0.,1.));
#4985=DIRECTION('center_axis',(-1.87060041534463E-14,-2.73153391711374E-15,
1.));
#4986=DIRECTION('ref_axis',(1.,0.,0.));
#4987=DIRECTION('center_axis',(0.,0.,-1.));
#4988=DIRECTION('ref_axis',(1.,0.,0.));
#4989=DIRECTION('',(0.,0.,1.));
#4990=DIRECTION('center_axis',(-1.87060041534463E-14,-2.73153391711374E-15,
1.));
#4991=DIRECTION('ref_axis',(1.,0.,0.));
#4992=DIRECTION('center_axis',(0.,0.,-1.));
#4993=DIRECTION('ref_axis',(1.,0.,0.));
#4994=DIRECTION('',(0.,0.,1.));
#4995=DIRECTION('center_axis',(-1.87060041534463E-14,-2.73153391711374E-15,
1.));
#4996=DIRECTION('ref_axis',(1.,0.,0.));
#4997=DIRECTION('center_axis',(0.,0.,-1.));
#4998=DIRECTION('ref_axis',(1.,0.,0.));
#4999=DIRECTION('',(0.,0.,1.));
#5000=DIRECTION('center_axis',(-1.87060041534463E-14,-2.73153391711374E-15,
1.));
#5001=DIRECTION('ref_axis',(1.,0.,0.));
#5002=DIRECTION('center_axis',(0.,0.,-1.));
#5003=DIRECTION('ref_axis',(1.,0.,0.));
#5004=DIRECTION('',(0.,0.,1.));
#5005=DIRECTION('center_axis',(-1.87060041534463E-14,-2.73153391711374E-15,
1.));
#5006=DIRECTION('ref_axis',(1.,0.,0.));
#5007=DIRECTION('center_axis',(0.,0.,-1.));
#5008=DIRECTION('ref_axis',(0.707259943509862,0.706953585680437,0.));
#5009=DIRECTION('center_axis',(-1.87060041534463E-14,-2.73153391711374E-15,
1.));
#5010=DIRECTION('ref_axis',(1.,0.,0.));
#5011=DIRECTION('',(0.,0.,-1.));
#5012=DIRECTION('',(0.,0.,-1.));
#5013=DIRECTION('center_axis',(-1.87060041534463E-14,-2.73153391711374E-15,
1.));
#5014=DIRECTION('ref_axis',(-1.,1.72384025479694E-44,-1.87060041534463E-14));
#5015=DIRECTION('center_axis',(-1.87060041534463E-14,-2.73153391711374E-15,
1.));
#5016=DIRECTION('ref_axis',(-1.,1.33516150906892E-14,-1.87060041534462E-14));
#5017=DIRECTION('',(5.10960847988089E-29,-1.,-2.73153391711374E-15));
#5018=DIRECTION('center_axis',(-1.87060041534463E-14,-2.73153391711374E-15,
1.));
#5019=DIRECTION('ref_axis',(-0.866025403784438,0.500000000000001,-1.64092815904731E-14));
#5020=DIRECTION('center_axis',(1.87060041534463E-14,2.73153391711374E-15,
-1.));
#5021=DIRECTION('ref_axis',(0.707106781186547,-0.707106781186547,1.00485917355762E-14));
#5022=DIRECTION('',(-5.82261474686249E-29,1.,2.73153391711374E-15));
#5023=DIRECTION('center_axis',(1.87060041534463E-14,2.73153391711374E-15,
-1.));
#5024=DIRECTION('ref_axis',(0.707106781186547,0.707106781186547,1.00485917355762E-14));
#5025=DIRECTION('center_axis',(-1.87060041534463E-14,-2.73153391711374E-15,
1.));
#5026=DIRECTION('ref_axis',(-0.866025403784438,-0.500000000000001,-1.64092815904731E-14));
#5027=DIRECTION('',(5.10960847988089E-29,-1.,-2.73153391711374E-15));
#5028=DIRECTION('center_axis',(-1.87060041534463E-14,-2.73153391711369E-15,
1.));
#5029=DIRECTION('ref_axis',(1.29674049276221E-13,1.,2.73153391711611E-15));
#5030=DIRECTION('',(-1.,0.,-1.87060041534463E-14));
#5031=DIRECTION('center_axis',(-1.87060041534463E-14,-2.73153391711374E-15,
1.));
#5032=DIRECTION('ref_axis',(1.,-4.97379915032036E-14,1.87060041534461E-14));
#5033=DIRECTION('',(-5.10960847988089E-29,1.,2.73153391711374E-15));
#5034=DIRECTION('center_axis',(-1.87060041534463E-14,-2.73153391711374E-15,
1.));
#5035=DIRECTION('ref_axis',(0.866025403784438,-0.500000000000001,1.64092815904731E-14));
#5036=DIRECTION('center_axis',(1.87060041534463E-14,2.73153391711374E-15,
-1.));
#5037=DIRECTION('ref_axis',(-0.707106781186547,0.707106781186547,-1.00485917355762E-14));
#5038=DIRECTION('',(5.82261474686249E-29,-1.,-2.73153391711374E-15));
#5039=DIRECTION('center_axis',(1.87060041534463E-14,2.73153391711374E-15,
-1.));
#5040=DIRECTION('ref_axis',(-0.707106781186547,-0.707106781186547,-1.00485917355762E-14));
#5041=DIRECTION('center_axis',(-1.87060041534463E-14,-2.73153391711374E-15,
1.));
#5042=DIRECTION('ref_axis',(0.866025403784438,0.500000000000001,1.64092815904731E-14));
#5043=DIRECTION('',(-5.10960847988089E-29,1.,2.73153391711374E-15));
#5044=DIRECTION('center_axis',(-1.87060041534463E-14,-2.7315339171137E-15,
1.));
#5045=DIRECTION('ref_axis',(0.501848256646855,-0.864955679385084,7.02491979819537E-15));
#5046=DIRECTION('',(1.,0.,1.87060041534463E-14));
#5047=DIRECTION('center_axis',(-1.87060041534463E-14,-2.73153391711374E-15,
1.));
#5048=DIRECTION('ref_axis',(-1.,1.33516150906892E-14,-1.87060041534462E-14));
#5049=DIRECTION('center_axis',(-1.87060041534463E-14,-2.73153391711374E-15,
1.));
#5050=DIRECTION('ref_axis',(1.,0.,0.));
#5051=DIRECTION('center_axis',(-1.87060041534463E-14,-2.73153391711374E-15,
1.));
#5052=DIRECTION('ref_axis',(1.,0.,0.));
#5053=DIRECTION('center_axis',(0.,0.,-1.));
#5054=DIRECTION('ref_axis',(1.,0.,0.));
#5055=DIRECTION('',(0.,0.,1.));
#5056=DIRECTION('center_axis',(0.,0.,-1.));
#5057=DIRECTION('ref_axis',(1.,0.,0.));
#5058=DIRECTION('',(0.,0.,1.));
#5059=DIRECTION('center_axis',(2.1316282072803E-14,0.,-1.));
#5060=DIRECTION('ref_axis',(-0.866025403784438,0.500000000000001,-1.64092815904731E-14));
#5061=DIRECTION('',(-1.77635683940026E-14,9.14573391817888E-45,1.));
#5062=DIRECTION('center_axis',(1.87060041534463E-14,2.73153391711374E-15,
-1.));
#5063=DIRECTION('ref_axis',(-0.866025403784438,0.500000000000001,-1.64092815904731E-14));
#5064=DIRECTION('',(2.1316282072803E-14,0.,-1.));
#5065=DIRECTION('center_axis',(2.1316282072803E-14,0.,-1.));
#5066=DIRECTION('ref_axis',(0.707106781186547,-0.707106781186547,1.00485917355762E-14));
#5067=DIRECTION('center_axis',(-1.87060041534463E-14,-2.73153391711374E-15,
1.));
#5068=DIRECTION('ref_axis',(0.707106781186547,-0.707106781186547,1.00485917355762E-14));
#5069=DIRECTION('',(2.1316282072803E-14,0.,-1.));
#5070=DIRECTION('center_axis',(1.,0.,2.1316282072803E-14));
#5071=DIRECTION('ref_axis',(2.1316282072803E-14,0.,-1.));
#5072=DIRECTION('',(5.82261474686249E-29,-1.,-2.73153391711374E-15));
#5073=DIRECTION('',(-2.1316282072803E-14,0.,1.));
#5074=DIRECTION('center_axis',(-2.1316282072803E-14,0.,1.));
#5075=DIRECTION('ref_axis',(0.866025403784438,0.500000000000001,1.64092815904731E-14));
#5076=DIRECTION('center_axis',(1.87060041534463E-14,2.73153391711374E-15,
-1.));
#5077=DIRECTION('ref_axis',(0.866025403784438,0.500000000000001,1.64092815904731E-14));
#5078=DIRECTION('',(1.77635683940026E-14,-9.14573391817888E-45,-1.));
#5079=DIRECTION('',(-2.1316282072803E-14,0.,1.));
#5080=DIRECTION('center_axis',(-1.87060041534463E-14,-2.73153391711374E-15,
1.));
#5081=DIRECTION('ref_axis',(-1.,1.72384025479694E-44,-1.87060041534463E-14));
#5082=DIRECTION('',(5.10960847988089E-29,-1.,-2.73153391711374E-15));
#5083=DIRECTION('center_axis',(-1.87060041534463E-14,-2.73153391711374E-15,
1.));
#5084=DIRECTION('ref_axis',(-1.,1.33516150906892E-14,-1.87060041534462E-14));
#5085=DIRECTION('',(1.,0.,1.87060041534463E-14));
#5086=DIRECTION('center_axis',(-1.87060041534463E-14,-2.7315339171137E-15,
1.));
#5087=DIRECTION('ref_axis',(0.501848256646855,-0.864955679385084,7.02491979819537E-15));
#5088=DIRECTION('',(-5.10960847988089E-29,1.,2.73153391711374E-15));
#5089=DIRECTION('center_axis',(-1.87060041534463E-14,-2.73153391711374E-15,
1.));
#5090=DIRECTION('ref_axis',(-0.707106781186547,-0.707106781186547,-1.00485917355762E-14));
#5091=DIRECTION('',(-5.82261474686249E-29,1.,2.73153391711374E-15));
#5092=DIRECTION('center_axis',(-1.87060041534463E-14,-2.73153391711374E-15,
1.));
#5093=DIRECTION('ref_axis',(-0.707106781186547,0.707106781186547,-1.00485917355762E-14));
#5094=DIRECTION('center_axis',(1.87060041534463E-14,2.73153391711374E-15,
-1.));
#5095=DIRECTION('ref_axis',(0.866025403784438,-0.500000000000001,1.64092815904731E-14));
#5096=DIRECTION('',(-5.10960847988089E-29,1.,2.73153391711374E-15));
#5097=DIRECTION('center_axis',(-1.87060041534463E-14,-2.73153391711374E-15,
1.));
#5098=DIRECTION('ref_axis',(1.,-4.97379915032036E-14,1.87060041534461E-14));
#5099=DIRECTION('',(-1.,0.,-1.87060041534463E-14));
#5100=DIRECTION('center_axis',(-1.87060041534463E-14,-2.73153391711369E-15,
1.));
#5101=DIRECTION('ref_axis',(1.29674049276221E-13,1.,2.73153391711611E-15));
#5102=DIRECTION('',(5.10960847988089E-29,-1.,-2.73153391711374E-15));
#5103=DIRECTION('center_axis',(1.87060041534463E-14,2.73153391711374E-15,
-1.));
#5104=DIRECTION('ref_axis',(-0.866025403784438,-0.500000000000001,-1.64092815904731E-14));
#5105=DIRECTION('center_axis',(-1.87060041534463E-14,-2.73153391711374E-15,
1.));
#5106=DIRECTION('ref_axis',(0.707106781186547,0.707106781186547,1.00485917355762E-14));
#5107=DIRECTION('center_axis',(1.87060041534463E-14,2.73153391711374E-15,
-1.));
#5108=DIRECTION('ref_axis',(-1.,1.72384025479699E-44,-1.87060041534463E-14));
#5109=DIRECTION('center_axis',(1.87060041534463E-14,2.73153391711374E-15,
-1.));
#5110=DIRECTION('ref_axis',(-1.,1.72384025479699E-44,-1.87060041534463E-14));
#5111=DIRECTION('center_axis',(1.87060041534463E-14,2.73153391711374E-15,
-1.));
#5112=DIRECTION('ref_axis',(-1.,1.72384025479699E-44,-1.87060041534463E-14));
#5113=DIRECTION('center_axis',(1.87060041534463E-14,2.73153391711374E-15,
-1.));
#5114=DIRECTION('ref_axis',(-1.,2.58576038219549E-44,-1.87060041534463E-14));
#5115=DIRECTION('center_axis',(-2.1316282072803E-14,0.,1.));
#5116=DIRECTION('ref_axis',(-0.707106781186547,-0.707106781186547,-1.00485917355762E-14));
#5117=DIRECTION('',(-2.1316282072803E-14,0.,1.));
#5118=DIRECTION('center_axis',(-1.,0.,-2.1316282072803E-14));
#5119=DIRECTION('ref_axis',(-2.1316282072803E-14,0.,1.));
#5120=DIRECTION('',(2.1316282072803E-14,0.,-1.));
#5121=DIRECTION('center_axis',(2.1316282072803E-14,0.,-1.));
#5122=DIRECTION('ref_axis',(0.866025403784438,-0.500000000000001,1.64092815904731E-14));
#5123=DIRECTION('',(-1.77635683940026E-14,9.14573391817888E-45,1.));
#5124=DIRECTION('',(2.1316282072803E-14,0.,-1.));
#5125=DIRECTION('center_axis',(2.1316282072803E-14,0.,-1.));
#5126=DIRECTION('ref_axis',(-0.707106781186547,0.707106781186547,-1.00485917355762E-14));
#5127=DIRECTION('center_axis',(-2.1316282072803E-14,0.,1.));
#5128=DIRECTION('ref_axis',(-0.866025403784438,-0.500000000000001,-1.64092815904731E-14));
#5129=DIRECTION('',(1.77635683940026E-14,-9.14573391817888E-45,-1.));
#5130=DIRECTION('',(-2.1316282072803E-14,0.,1.));
#5131=DIRECTION('center_axis',(-1.,-2.5742952416213E-30,-1.77635683940026E-14));
#5132=DIRECTION('ref_axis',(5.10960847988089E-29,-1.,-2.73153391711374E-15));
#5133=DIRECTION('',(-1.77635683940026E-14,0.,1.));
#5134=DIRECTION('center_axis',(-2.1316282072803E-14,0.,1.));
#5135=DIRECTION('ref_axis',(0.707106781186547,0.707106781186547,1.00485917355762E-14));
#5136=DIRECTION('center_axis',(-1.77635683940026E-14,0.,1.));
#5137=DIRECTION('ref_axis',(-1.,1.72384025479699E-44,-1.77635683940026E-14));
#5138=DIRECTION('',(1.77635683940026E-14,0.,-1.));
#5139=DIRECTION('center_axis',(-1.77635683940026E-14,0.,1.));
#5140=DIRECTION('ref_axis',(-1.,2.58576038219549E-44,-1.77635683940026E-14));
#5141=DIRECTION('',(1.77635683940026E-14,0.,-1.));
#5142=DIRECTION('center_axis',(-1.77635683940026E-14,0.,1.));
#5143=DIRECTION('ref_axis',(1.29674049276221E-13,1.,2.3034738432454E-27));
#5144=DIRECTION('',(-1.77635683940026E-14,0.,1.));
#5145=DIRECTION('center_axis',(0.,1.,0.));
#5146=DIRECTION('ref_axis',(-1.,0.,-1.87060041534463E-14));
#5147=DIRECTION('',(-1.77635683940026E-14,0.,1.));
#5148=DIRECTION('center_axis',(-1.77635683940026E-14,0.,1.));
#5149=DIRECTION('ref_axis',(1.,-4.97379915032036E-14,1.77635683940026E-14));
#5150=DIRECTION('',(-1.77635683940026E-14,0.,1.));
#5151=DIRECTION('center_axis',(1.,2.5742952416213E-30,1.77635683940026E-14));
#5152=DIRECTION('ref_axis',(-5.10960847988089E-29,1.,2.73153391711374E-15));
#5153=DIRECTION('center_axis',(1.,2.5742952416213E-30,1.77635683940026E-14));
#5154=DIRECTION('ref_axis',(-5.10960847988089E-29,1.,2.73153391711374E-15));
#5155=DIRECTION('',(-1.77635683940026E-14,0.,1.));
#5156=DIRECTION('center_axis',(-1.77635683940026E-14,0.,1.));
#5157=DIRECTION('ref_axis',(-1.,1.33516150906892E-14,-1.77635683940026E-14));
#5158=DIRECTION('',(-1.77635683940026E-14,0.,1.));
#5159=DIRECTION('',(-1.77635683940026E-14,0.,1.));
#5160=DIRECTION('center_axis',(0.,-1.,0.));
#5161=DIRECTION('ref_axis',(1.,0.,1.87060041534463E-14));
#5162=DIRECTION('',(-1.77635683940026E-14,0.,1.));
#5163=DIRECTION('center_axis',(-1.77635683940026E-14,0.,1.));
#5164=DIRECTION('ref_axis',(0.501848256646855,-0.864955679385084,8.91461583035736E-15));
#5165=DIRECTION('center_axis',(-1.,-2.5742952416213E-30,-1.77635683940026E-14));
#5166=DIRECTION('ref_axis',(5.10960847988089E-29,-1.,-2.73153391711374E-15));
#5167=DIRECTION('center_axis',(-1.77635683940026E-14,0.,1.));
#5168=DIRECTION('ref_axis',(-1.,1.72384025479699E-44,-1.77635683940026E-14));
#5169=DIRECTION('',(1.77635683940026E-14,0.,-1.));
#5170=DIRECTION('center_axis',(-1.77635683940026E-14,0.,1.));
#5171=DIRECTION('ref_axis',(-1.,1.72384025479699E-44,-1.77635683940026E-14));
#5172=DIRECTION('',(1.77635683940026E-14,0.,-1.));
#5173=DIRECTION('',(0.,0.,1.));
#5174=DIRECTION('',(1.,0.,0.));
#5175=DIRECTION('',(0.,0.,1.));
#5176=DIRECTION('',(1.,0.,0.));
#5177=CARTESIAN_POINT('',(0.,0.,0.));
#5178=CARTESIAN_POINT('',(0.,0.,0.));
#5179=CARTESIAN_POINT('',(0.,0.,0.));
#5180=CARTESIAN_POINT('',(0.,0.,0.));
#5181=CARTESIAN_POINT('Origin',(-234.87224685018,-155.796094392727,174.938096441655));
#5182=CARTESIAN_POINT('',(-233.87224685018,-155.796094392727,174.938096441655));
#5183=CARTESIAN_POINT('',(-234.87224685018,-156.796094392727,174.938096441655));
#5184=CARTESIAN_POINT('Origin',(-234.87224685018,-155.796094392727,174.938096441655));
#5185=CARTESIAN_POINT('',(-233.87224685018,-155.796094392727,169.438096441655));
#5186=CARTESIAN_POINT('',(-233.87224685018,-155.796094392727,174.938096441655));
#5187=CARTESIAN_POINT('',(-234.87224685018,-156.796094392727,169.438096441655));
#5188=CARTESIAN_POINT('Origin',(-234.87224685018,-155.796094392727,169.438096441655));
#5189=CARTESIAN_POINT('',(-234.87224685018,-156.796094392727,174.938096441655));
#5190=CARTESIAN_POINT('Origin',(-234.87224685018,-49.7960943927269,174.938096441655));
#5191=CARTESIAN_POINT('',(-234.87224685018,-48.7960943927269,174.938096441655));
#5192=CARTESIAN_POINT('',(-233.87224685018,-49.7960943927269,174.938096441655));
#5193=CARTESIAN_POINT('Origin',(-234.87224685018,-49.7960943927269,174.938096441655));
#5194=CARTESIAN_POINT('',(-234.87224685018,-48.7960943927269,169.438096441655));
#5195=CARTESIAN_POINT('',(-234.87224685018,-48.7960943927269,174.938096441655));
#5196=CARTESIAN_POINT('',(-233.87224685018,-49.7960943927269,169.438096441655));
#5197=CARTESIAN_POINT('Origin',(-234.87224685018,-49.7960943927269,169.438096441655));
#5198=CARTESIAN_POINT('',(-233.87224685018,-49.7960943927269,174.938096441655));
#5199=CARTESIAN_POINT('Origin',(-233.87224685018,-49.7960943927269,174.938096441655));
#5200=CARTESIAN_POINT('',(-233.87224685018,-79.2960943927269,174.938096441655));
#5201=CARTESIAN_POINT('',(-233.87224685018,-73.2960943927269,169.438096441655));
#5202=CARTESIAN_POINT('Origin',(-246.372246850179,-156.796094392727,171.688096441655));
#5203=CARTESIAN_POINT('',(-252.87224685018,-156.796094392727,169.438096441655));
#5204=CARTESIAN_POINT('',(-246.37224685018,-156.796094392727,169.438096441655));
#5205=CARTESIAN_POINT('',(-252.87224685018,-156.796094392727,174.938096441655));
#5206=CARTESIAN_POINT('',(-252.87224685018,-156.796094392727,173.313096441655));
#5207=CARTESIAN_POINT('',(-250.271626017663,-156.796094392727,174.938096441655));
#5208=CARTESIAN_POINT('',(-244.37224685018,-156.796094392727,174.938096441655));
#5209=CARTESIAN_POINT('',(-250.271626017663,-156.796094392728,169.4381180906));
#5210=CARTESIAN_POINT('',(-250.271626017663,-156.796094392727,173.313107266127));
#5211=CARTESIAN_POINT('',(-247.737339973424,-156.796094392728,169.4381180906));
#5212=CARTESIAN_POINT('',(-248.321936433921,-156.796094392727,169.4381180906));
#5213=CARTESIAN_POINT('',(-247.737339973424,-156.796094392727,174.938096441655));
#5214=CARTESIAN_POINT('',(-247.737339973424,-156.796094392727,170.563107266127));
#5215=CARTESIAN_POINT('',(-244.37224685018,-156.796094392727,174.938096441655));
#5216=CARTESIAN_POINT('Origin',(-246.37224685018,-96.7960943927269,169.438096441655));
#5217=CARTESIAN_POINT('',(-252.87224685018,-48.7960943927269,169.438096441655));
#5218=CARTESIAN_POINT('',(-246.37224685018,-48.7960943927269,169.438096441655));
#5219=CARTESIAN_POINT('',(-252.87224685018,-52.7960943927269,169.438096441655));
#5220=CARTESIAN_POINT('',(-252.87224685018,-74.7960943927269,169.438096441655));
#5221=CARTESIAN_POINT('',(-253.87224685018,-53.7960943927269,169.438096441655));
#5222=CARTESIAN_POINT('Origin',(-253.87224685018,-52.7960943927269,169.438096441655));
#5223=CARTESIAN_POINT('',(-255.87224685018,-53.7960943927269,169.438096441655));
#5224=CARTESIAN_POINT('',(-250.12224685018,-53.7960943927269,169.438096441655));
#5225=CARTESIAN_POINT('',(-255.87224685018,-48.7960943927269,169.438096441655));
#5226=CARTESIAN_POINT('',(-255.87224685018,-75.2960943927269,169.438096441655));
#5227=CARTESIAN_POINT('',(-258.87224685018,-48.7960943927269,169.438096441655));
#5228=CARTESIAN_POINT('',(-251.12224685018,-48.7960943927269,169.438096441655));
#5229=CARTESIAN_POINT('',(-258.87224685018,-156.796094392727,169.438096441655));
#5230=CARTESIAN_POINT('',(-258.87224685018,-72.7960943927269,169.438096441655));
#5231=CARTESIAN_POINT('',(-255.87224685018,-156.796094392727,169.438096441655));
#5232=CARTESIAN_POINT('',(-246.37224685018,-156.796094392727,169.438096441655));
#5233=CARTESIAN_POINT('',(-255.87224685018,-151.796094392727,169.438096441655));
#5234=CARTESIAN_POINT('',(-255.87224685018,-132.796094392727,169.438096441655));
#5235=CARTESIAN_POINT('',(-253.87224685018,-151.796094392727,169.438096441655));
#5236=CARTESIAN_POINT('',(-251.12224685018,-151.796094392727,169.438096441655));
#5237=CARTESIAN_POINT('',(-252.87224685018,-152.796094392727,169.438096441655));
#5238=CARTESIAN_POINT('Origin',(-253.87224685018,-152.796094392727,169.438096441655));
#5239=CARTESIAN_POINT('',(-252.87224685018,-74.7960943927269,169.438096441655));
#5240=CARTESIAN_POINT('Origin',(-236.87232215305,-158.796094392728,171.688117161876));
#5241=CARTESIAN_POINT('',(-238.472245324435,-158.796094392728,171.688117161874));
#5242=CARTESIAN_POINT('Origin',(-236.872322153046,-158.796094392728,171.688117161874));
#5243=CARTESIAN_POINT('Origin',(-236.872322153046,-166.296048870869,171.688117161874));
#5244=CARTESIAN_POINT('',(-238.472245324435,-166.296048870869,171.688117161874));
#5245=CARTESIAN_POINT('Origin',(-236.872322153046,-166.296048870869,171.688117161874));
#5246=CARTESIAN_POINT('',(-238.472245324435,-162.796094392727,171.688117161874));
#5247=CARTESIAN_POINT('',(-238.472245324435,-166.296048870869,171.688117161874));
#5248=CARTESIAN_POINT('Origin',(-236.872322153046,-162.796094392727,171.688117161874));
#5249=CARTESIAN_POINT('Origin',(-236.872322153046,-166.296048870869,171.688117161874));
#5250=CARTESIAN_POINT('',(-238.472245324435,-159.796094392727,171.688117161874));
#5251=CARTESIAN_POINT('Origin',(-236.872322153046,-159.796094392727,171.688117161874));
#5252=CARTESIAN_POINT('',(-238.472245324435,-166.296048870869,171.688117161874));
#5253=CARTESIAN_POINT('Origin',(-232.87224685018,-39.2961399145853,173.938096441655));
#5254=CARTESIAN_POINT('',(-232.87224685018,-39.2961399145853,174.938096441655));
#5255=CARTESIAN_POINT('',(-232.87224685018,-166.296048870869,174.938096441655));
#5256=CARTESIAN_POINT('',(-232.87224685018,-39.2961399145853,174.938096441655));
#5257=CARTESIAN_POINT('',(-231.948281539279,-166.296048870869,174.320572720986));
#5258=CARTESIAN_POINT('Origin',(-232.87224685018,-166.296048870869,173.938096441655));
#5259=CARTESIAN_POINT('',(-231.936906317184,-156.796094392727,174.291845063327));
#5260=CARTESIAN_POINT('Ctrl Pts',(-231.948281539278,-166.296048870869,174.320572720986));
#5261=CARTESIAN_POINT('Ctrl Pts',(-231.942371996396,-161.360726474592,174.306296769976));
#5262=CARTESIAN_POINT('Ctrl Pts',(-231.936906317184,-156.796094392727,174.291845063327));
#5263=CARTESIAN_POINT('',(-231.929721931961,-156.796094392727,174.272232310033));
#5264=CARTESIAN_POINT('Origin',(-232.87224685018,-156.796094392727,173.938096441655));
#5265=CARTESIAN_POINT('',(-231.922537546738,-150.796094392727,174.251229383002));
#5266=CARTESIAN_POINT('Ctrl Pts',(-231.929721931961,-156.796094392727,174.272232310033));
#5267=CARTESIAN_POINT('Ctrl Pts',(-231.926013177949,-153.698748776585,174.261770718199));
#5268=CARTESIAN_POINT('Ctrl Pts',(-231.922537546738,-150.796094392727,174.251229383002));
#5269=CARTESIAN_POINT('',(-231.929721931961,-150.796094392727,174.272232310034));
#5270=CARTESIAN_POINT('Origin',(-232.87224685018,-150.796094392727,173.938096441655));
#5271=CARTESIAN_POINT('',(-231.87224685018,-102.796094392762,173.938096441655));
#5272=CARTESIAN_POINT('Origin',(-232.87224685018,-937.940621591312,173.938096441655));
#5273=CARTESIAN_POINT('',(-231.87224685018,-39.2961399145853,173.938096441655));
#5274=CARTESIAN_POINT('',(-231.87224685018,-39.2961399145853,173.938096441655));
#5275=CARTESIAN_POINT('Origin',(-232.87224685018,-39.2961399145853,173.938096441655));
#5276=CARTESIAN_POINT('Origin',(-242.37224685018,-156.796094392727,172.188107266127));
#5277=CARTESIAN_POINT('',(-244.37224685018,-156.796094392727,174.938096441655));
#5278=CARTESIAN_POINT('',(-247.737339973424,-156.796094392728,174.9381180906));
#5279=CARTESIAN_POINT('',(-247.737339973424,-156.796094392727,170.563107266127));
#5280=CARTESIAN_POINT('',(-250.271626017663,-156.796094392728,174.9381180906));
#5281=CARTESIAN_POINT('',(-250.271626017663,-156.796094392728,174.9381180906));
#5282=CARTESIAN_POINT('',(-250.271626017663,-156.796094392727,173.313107266127));
#5283=CARTESIAN_POINT('Origin',(-249.004482995544,-151.796094392728,172.1881180906));
#5284=CARTESIAN_POINT('',(-250.271626017663,-151.796094392728,169.4381180906));
#5285=CARTESIAN_POINT('',(-250.271626017663,-151.796094392728,174.9381180906));
#5286=CARTESIAN_POINT('',(-250.271626017663,-151.796094392728,169.4381180906));
#5287=CARTESIAN_POINT('',(-247.737339973424,-151.796094392728,174.9381180906));
#5288=CARTESIAN_POINT('',(-250.271626017663,-151.796094392728,174.9381180906));
#5289=CARTESIAN_POINT('',(-247.737339973424,-151.796094392728,169.4381180906));
#5290=CARTESIAN_POINT('',(-247.737339973424,-151.796094392728,174.9381180906));
#5291=CARTESIAN_POINT('',(-247.737339973424,-151.796094392728,169.4381180906));
#5292=CARTESIAN_POINT('Origin',(-250.271626017663,-151.796094392728,174.9381180906));
#5293=CARTESIAN_POINT('',(-250.271626017663,-151.796094392728,169.4381180906));
#5294=CARTESIAN_POINT('',(-250.271626017663,-151.796094392728,174.9381180906));
#5295=CARTESIAN_POINT('Origin',(-250.271626017663,-151.796094392728,169.4381180906));
#5296=CARTESIAN_POINT('',(-247.737339973424,-151.796094392728,169.4381180906));
#5297=CARTESIAN_POINT('Origin',(-247.737339973424,-151.796094392728,169.4381180906));
#5298=CARTESIAN_POINT('',(-247.737339973424,-151.796094392728,174.9381180906));
#5299=CARTESIAN_POINT('Origin',(-247.737339973424,-151.796094392728,174.9381180906));
#5300=CARTESIAN_POINT('Origin',(-239.772248376059,-162.796094392727,168.438096441655));
#5301=CARTESIAN_POINT('',(-239.772248376059,-162.796094392727,168.438096441655));
#5302=CARTESIAN_POINT('',(-239.772248376059,-162.796094392727,174.938096441655));
#5303=CARTESIAN_POINT('',(-239.772248376059,-162.796094392727,168.438096441655));
#5304=CARTESIAN_POINT('',(-239.772248376059,-159.796094392727,168.438096441655));
#5305=CARTESIAN_POINT('',(-239.772248376059,-162.796094392727,168.438096441655));
#5306=CARTESIAN_POINT('',(-239.772248376059,-159.796094392727,174.938096441655));
#5307=CARTESIAN_POINT('',(-239.772248376059,-159.796094392727,168.438096441655));
#5308=CARTESIAN_POINT('',(-239.772248376059,-162.796094392727,174.938096441655));
#5309=CARTESIAN_POINT('Origin',(-239.772248376059,-159.796094392727,168.438096441655));
#5310=CARTESIAN_POINT('',(-233.972245324301,-159.796094392727,168.438096441655));
#5311=CARTESIAN_POINT('',(-239.772248376059,-159.796094392727,168.438096441655));
#5312=CARTESIAN_POINT('',(-233.972245324301,-159.796094392727,174.938096441655));
#5313=CARTESIAN_POINT('',(-233.972245324301,-159.796094392727,168.438096441655));
#5314=CARTESIAN_POINT('',(-239.772248376059,-159.796094392727,174.938096441655));
#5315=CARTESIAN_POINT('Origin',(-231.948281539279,-166.296048870869,168.438096441655));
#5316=CARTESIAN_POINT('',(-231.929721931961,-150.796094392727,169.103960573276));
#5317=CARTESIAN_POINT('',(-231.929721931961,-150.796094392727,170.063096441655));
#5318=CARTESIAN_POINT('',(-231.87224685018,-102.79609439276,169.438096441655));
#5319=CARTESIAN_POINT('Origin',(-232.87224685018,-937.940621591312,169.438096441655));
#5320=CARTESIAN_POINT('',(-231.87224685018,-102.79609439276,168.938096441655));
#5321=CARTESIAN_POINT('Origin',(-231.948281539279,-166.296048870869,168.438096441655));
#5322=CARTESIAN_POINT('',(-231.948281539279,-166.296048870869,169.055620162323));
#5323=CARTESIAN_POINT('',(-231.948281539279,-166.296048870869,168.438096441655));
#5324=CARTESIAN_POINT('',(-231.936906317184,-156.796094392727,169.084347819982));
#5325=CARTESIAN_POINT('Ctrl Pts',(-231.936906317184,-156.796094392727,169.084347819982));
#5326=CARTESIAN_POINT('Ctrl Pts',(-231.942371996396,-161.360726474592,169.069896113333));
#5327=CARTESIAN_POINT('Ctrl Pts',(-231.948281539278,-166.296048870869,169.055620162323));
#5328=CARTESIAN_POINT('',(-231.936906317184,-156.796094392727,170.063096441655));
#5329=CARTESIAN_POINT('Origin',(-246.372246850179,-156.796094392727,171.688096441655));
#5330=CARTESIAN_POINT('',(-231.929721931961,-156.796094392727,169.103960573275));
#5331=CARTESIAN_POINT('Origin',(-232.87224685018,-156.796094392727,169.438096441655));
#5332=CARTESIAN_POINT('',(-231.929721931961,-156.796094392727,170.063096441655));
#5333=CARTESIAN_POINT('Origin',(-231.948281539279,-172.296048870869,168.438096441655));
#5334=CARTESIAN_POINT('',(-231.922537546738,-150.796094392727,169.124963500305));
#5335=CARTESIAN_POINT('Ctrl Pts',(-231.922537546738,-150.796094392727,169.124963500305));
#5336=CARTESIAN_POINT('Ctrl Pts',(-231.926013177949,-153.698748776585,169.114422165109));
#5337=CARTESIAN_POINT('Ctrl Pts',(-231.929721931961,-156.796094392727,169.103960573275));
#5338=CARTESIAN_POINT('',(-231.922537546739,-150.796094392727,170.063096441655));
#5339=CARTESIAN_POINT('Origin',(-246.372246850179,-150.796094392727,171.688096441655));
#5340=CARTESIAN_POINT('Origin',(-232.87224685018,-150.796094392727,169.438096441655));
#5341=CARTESIAN_POINT('Origin',(-233.972245324301,-159.796094392727,168.438096441655));
#5342=CARTESIAN_POINT('',(-233.972245324301,-162.796094392727,168.438096441655));
#5343=CARTESIAN_POINT('',(-233.972245324301,-159.796094392727,168.438096441655));
#5344=CARTESIAN_POINT('',(-233.972245324301,-162.796094392727,174.938096441655));
#5345=CARTESIAN_POINT('',(-233.972245324301,-162.796094392727,168.438096441655));
#5346=CARTESIAN_POINT('',(-233.972245324301,-159.796094392727,174.938096441655));
#5347=CARTESIAN_POINT('Origin',(-233.972245324301,-162.796094392727,168.438096441655));
#5348=CARTESIAN_POINT('',(-233.972245324301,-162.796094392727,168.438096441655));
#5349=CARTESIAN_POINT('',(-233.972245324301,-162.796094392727,174.938096441655));
#5350=CARTESIAN_POINT('Origin',(-252.87224685018,-52.7960943927269,174.938096441655));
#5351=CARTESIAN_POINT('',(-252.87224685018,-152.796094392727,174.938096441655));
#5352=CARTESIAN_POINT('',(-252.87224685018,-152.796094392727,174.938096441655));
#5353=CARTESIAN_POINT('',(-252.87224685018,-102.796094392727,174.938096441655));
#5354=CARTESIAN_POINT('Origin',(-242.37224685018,-48.7960943927269,171.688107266127));
#5355=CARTESIAN_POINT('',(-247.737339973424,-48.7960943927269,174.938096441655));
#5356=CARTESIAN_POINT('',(-250.271626017664,-48.7960943927269,174.938096441655));
#5357=CARTESIAN_POINT('',(-244.37224685018,-48.7960943927269,174.938096441655));
#5358=CARTESIAN_POINT('',(-250.271626017664,-48.7960943927279,174.9381180906));
#5359=CARTESIAN_POINT('',(-250.271626017664,-48.7960943927269,173.313107266127));
#5360=CARTESIAN_POINT('',(-247.737339973424,-48.7960943927279,174.9381180906));
#5361=CARTESIAN_POINT('',(-250.271626017664,-48.7960943927279,174.9381180906));
#5362=CARTESIAN_POINT('',(-247.737339973424,-48.7960943927269,170.563107266127));
#5363=CARTESIAN_POINT('Origin',(-247.737339973424,-48.7960943927279,174.9381180906));
#5364=CARTESIAN_POINT('',(-250.271626017664,-53.7960943927279,174.9381180906));
#5365=CARTESIAN_POINT('',(-250.271626017664,-48.7960943927279,174.9381180906));
#5366=CARTESIAN_POINT('',(-247.737339973424,-53.7960943927279,174.9381180906));
#5367=CARTESIAN_POINT('',(-250.271626017664,-53.7960943927279,174.9381180906));
#5368=CARTESIAN_POINT('',(-247.737339973424,-48.7960943927279,174.9381180906));
#5369=CARTESIAN_POINT('Origin',(-247.737339973424,-48.7960943927279,169.4381180906));
#5370=CARTESIAN_POINT('',(-247.737339973424,-53.7960943927279,169.4381180906));
#5371=CARTESIAN_POINT('',(-247.737339973424,-53.7960943927279,174.9381180906));
#5372=CARTESIAN_POINT('',(-247.737339973424,-48.7960943927279,169.4381180906));
#5373=CARTESIAN_POINT('',(-247.737339973424,-48.7960943927279,169.4381180906));
#5374=CARTESIAN_POINT('',(-247.737339973424,-48.7960943927269,170.563107266127));
#5375=CARTESIAN_POINT('Origin',(-250.271626017663,-48.7960943927279,169.4381180906));
#5376=CARTESIAN_POINT('',(-250.271626017663,-48.7960943927279,169.4381180906));
#5377=CARTESIAN_POINT('',(-248.321936433921,-48.7960943927269,169.4381180906));
#5378=CARTESIAN_POINT('',(-250.271626017663,-53.7960943927279,169.4381180906));
#5379=CARTESIAN_POINT('',(-247.737339973424,-53.7960943927279,169.4381180906));
#5380=CARTESIAN_POINT('',(-250.271626017663,-48.7960943927279,169.4381180906));
#5381=CARTESIAN_POINT('Origin',(-250.271626017664,-48.7960943927279,174.9381180906));
#5382=CARTESIAN_POINT('',(-250.271626017664,-48.7960943927269,173.313107266127));
#5383=CARTESIAN_POINT('',(-250.271626017663,-53.7960943927279,169.4381180906));
#5384=CARTESIAN_POINT('Origin',(-249.004482995544,-53.7960943927279,172.1881180906));
#5385=CARTESIAN_POINT('Origin',(-246.372246850179,-48.7960943927269,171.688096441655));
#5386=CARTESIAN_POINT('',(-244.37224685018,-48.7960943927269,174.938096441655));
#5387=CARTESIAN_POINT('',(-252.87224685018,-48.7960943927269,174.938096441655));
#5388=CARTESIAN_POINT('',(-244.37224685018,-48.7960943927269,174.938096441655));
#5389=CARTESIAN_POINT('',(-252.87224685018,-48.7960943927269,173.313096441655));
#5390=CARTESIAN_POINT('Origin',(-232.87224685018,-39.2961399145853,169.438096441655));
#5391=CARTESIAN_POINT('',(-232.87224685018,-39.2961399145853,168.438096441655));
#5392=CARTESIAN_POINT('',(-232.87224685018,-166.296048870869,168.438096441655));
#5393=CARTESIAN_POINT('',(-232.87224685018,-39.2961399145853,168.438096441655));
#5394=CARTESIAN_POINT('',(-231.87224685018,-39.2961399145853,169.438096441655));
#5395=CARTESIAN_POINT('Origin',(-232.87224685018,-39.2961399145853,169.438096441655));
#5396=CARTESIAN_POINT('',(-231.87224685018,-39.2961399145853,169.438096441655));
#5397=CARTESIAN_POINT('Origin',(-232.87224685018,-166.296048870869,169.438096441655));
#5398=CARTESIAN_POINT('Origin',(-236.872259167681,-46.7960943927273,171.688111085286));
#5399=CARTESIAN_POINT('',(-235.272278411184,-46.7960943927273,171.688111085285));
#5400=CARTESIAN_POINT('Origin',(-236.872259167677,-46.7960943927273,171.688111085285));
#5401=CARTESIAN_POINT('Origin',(-233.972245324301,-45.7960943927269,168.438096441655));
#5402=CARTESIAN_POINT('',(-233.972245324301,-45.7960943927269,168.438096441655));
#5403=CARTESIAN_POINT('',(-239.772248376059,-45.7960943927269,168.438096441655));
#5404=CARTESIAN_POINT('',(-233.972245324301,-45.7960943927269,168.438096441655));
#5405=CARTESIAN_POINT('',(-239.772248376059,-45.7960943927269,174.938096441655));
#5406=CARTESIAN_POINT('',(-239.772248376059,-45.7960943927269,168.438096441655));
#5407=CARTESIAN_POINT('',(-233.972245324301,-45.7960943927269,174.938096441655));
#5408=CARTESIAN_POINT('',(-233.972245324301,-45.7960943927269,174.938096441655));
#5409=CARTESIAN_POINT('',(-233.972245324301,-45.7960943927269,168.438096441655));
#5410=CARTESIAN_POINT('',(-235.272278411184,-45.7960943927269,171.688111085285));
#5411=CARTESIAN_POINT('Origin',(-236.872259167677,-45.7960943927269,171.688111085285));
#5412=CARTESIAN_POINT('Origin',(-239.772248376059,-45.7960943927269,168.438096441655));
#5413=CARTESIAN_POINT('',(-239.772248376059,-42.7960943927269,168.438096441655));
#5414=CARTESIAN_POINT('',(-239.772248376059,-45.7960943927269,168.438096441655));
#5415=CARTESIAN_POINT('',(-239.772248376059,-42.7960943927269,174.938096441655));
#5416=CARTESIAN_POINT('',(-239.772248376059,-42.7960943927269,168.438096441655));
#5417=CARTESIAN_POINT('',(-239.772248376059,-45.7960943927269,174.938096441655));
#5418=CARTESIAN_POINT('Origin',(-239.772248376059,-42.7960943927269,168.438096441655));
#5419=CARTESIAN_POINT('',(-233.972245324301,-42.7960943927269,168.438096441655));
#5420=CARTESIAN_POINT('',(-239.772248376059,-42.7960943927269,168.438096441655));
#5421=CARTESIAN_POINT('',(-233.972245324301,-42.7960943927269,174.938096441655));
#5422=CARTESIAN_POINT('',(-233.972245324301,-42.7960943927269,168.438096441655));
#5423=CARTESIAN_POINT('',(-239.772248376059,-42.7960943927269,174.938096441655));
#5424=CARTESIAN_POINT('',(-235.272278411184,-42.7960943927269,171.688111085285));
#5425=CARTESIAN_POINT('Origin',(-236.872259167677,-42.7960943927269,171.688111085285));
#5426=CARTESIAN_POINT('Origin',(-233.972245324301,-42.7960943927269,168.438096441655));
#5427=CARTESIAN_POINT('',(-233.972245324301,-42.7960943927269,168.438096441655));
#5428=CARTESIAN_POINT('',(-233.972245324301,-42.7960943927269,174.938096441655));
#5429=CARTESIAN_POINT('Origin',(-236.872259167677,-39.2961399145853,171.688111085285));
#5430=CARTESIAN_POINT('',(-235.272278411184,-39.2961399145853,171.688111085285));
#5431=CARTESIAN_POINT('Origin',(-236.872259167677,-39.2961399145853,171.688111085285));
#5432=CARTESIAN_POINT('',(-235.272278411184,-39.2961399145853,171.688111085285));
#5433=CARTESIAN_POINT('Origin',(-236.872259167677,-39.2961399145853,171.688111085285));
#5434=CARTESIAN_POINT('',(-235.272278411184,-39.2961399145853,171.688111085285));
#5435=CARTESIAN_POINT('Origin',(-231.87224685018,-33.2961399145853,169.438096441655));
#5436=CARTESIAN_POINT('',(-231.87224685018,-39.2961399145853,168.938096441655));
#5437=CARTESIAN_POINT('Origin',(-246.372246850179,-54.7960943927269,171.688096441655));
#5438=CARTESIAN_POINT('',(-260.858167923106,-54.7960943927268,169.270885084507));
#5439=CARTESIAN_POINT('',(-260.858167923106,-54.7960943927268,174.105307798803));
#5440=CARTESIAN_POINT('',(-260.858167923106,-54.7960943927269,170.063096441655));
#5441=CARTESIAN_POINT('',(-260.863017088288,-54.7960943927269,174.073648406888));
#5442=CARTESIAN_POINT('Origin',(-259.87224685018,-54.7960943927269,173.938096441655));
#5443=CARTESIAN_POINT('',(-260.863017088288,-54.7960943927269,169.302544476416));
#5444=CARTESIAN_POINT('',(-260.863017088288,-54.7960943927269,170.063096441655));
#5445=CARTESIAN_POINT('Origin',(-259.87224685018,-54.7960943927269,169.438096441655));
#5446=CARTESIAN_POINT('Origin',(-258.87224685018,-144.796094392727,174.938096441655));
#5447=CARTESIAN_POINT('',(-258.87224685018,-48.7960943927269,174.938096441655));
#5448=CARTESIAN_POINT('',(-258.87224685018,-48.7960943927269,174.938096441655));
#5449=CARTESIAN_POINT('',(-258.87224685018,-156.796094392727,174.938096441655));
#5450=CARTESIAN_POINT('',(-258.87224685018,-120.796094392727,174.938096441655));
#5451=CARTESIAN_POINT('',(-258.87224685018,-156.796094392727,173.313096441655));
#5452=CARTESIAN_POINT('Origin',(-246.372246850179,-48.7960943927269,171.688096441655));
#5453=CARTESIAN_POINT('',(-260.853318757924,-48.7960943927269,174.131740217269));
#5454=CARTESIAN_POINT('',(-260.853318757924,-48.7960943927269,169.244452666038));
#5455=CARTESIAN_POINT('',(-260.853318757925,-48.7960943927269,170.063096441655));
#5456=CARTESIAN_POINT('',(-260.858167923106,-48.7960943927269,169.270885084502));
#5457=CARTESIAN_POINT('Origin',(-259.87224685018,-48.7960943927269,169.438096441655));
#5458=CARTESIAN_POINT('',(-260.858167923106,-48.7960943927269,174.105307798803));
#5459=CARTESIAN_POINT('',(-260.858167923106,-48.7960943927269,170.063096441655));
#5460=CARTESIAN_POINT('Origin',(-259.87224685018,-48.7960943927269,173.938096441655));
#5461=CARTESIAN_POINT('Origin',(-260.845640949844,-33.2961399145853,168.438096441655));
#5462=CARTESIAN_POINT('Ctrl Pts',(-260.858167923106,-48.796094392742,174.105307798802));
#5463=CARTESIAN_POINT('Ctrl Pts',(-260.860846039744,-52.1097987575749,174.089516935823));
#5464=CARTESIAN_POINT('Ctrl Pts',(-260.863017088288,-54.7960943927268,174.073648406888));
#5465=CARTESIAN_POINT('Ctrl Pts',(-260.863017088288,-54.7960943927268,169.302544476416));
#5466=CARTESIAN_POINT('Ctrl Pts',(-260.860846039744,-52.1097987575749,169.286675947481));
#5467=CARTESIAN_POINT('Ctrl Pts',(-260.858167923106,-48.796094392742,169.270885084502));
#5468=CARTESIAN_POINT('Origin',(-252.87224685018,-52.7960943927269,174.938096441655));
#5469=CARTESIAN_POINT('',(-252.87224685018,-52.7960943927269,174.938096441655));
#5470=CARTESIAN_POINT('',(-252.87224685018,-102.796094392727,174.938096441655));
#5471=CARTESIAN_POINT('',(-252.87224685018,-52.7960943927269,174.938096441655));
#5472=CARTESIAN_POINT('Origin',(-253.87224685018,-52.7960943927269,174.938096441655));
#5473=CARTESIAN_POINT('',(-253.87224685018,-53.7960943927269,174.938096441655));
#5474=CARTESIAN_POINT('Origin',(-253.87224685018,-52.7960943927269,174.938096441655));
#5475=CARTESIAN_POINT('',(-253.87224685018,-53.7960943927269,174.938096441655));
#5476=CARTESIAN_POINT('Origin',(-255.87224685018,-53.7960943927269,174.938096441655));
#5477=CARTESIAN_POINT('',(-255.87224685018,-53.7960943927269,174.938096441655));
#5478=CARTESIAN_POINT('',(-251.12224685018,-53.7960943927269,174.938096441655));
#5479=CARTESIAN_POINT('',(-255.87224685018,-53.7960943927269,174.938096441655));
#5480=CARTESIAN_POINT('Origin',(-255.87224685018,-48.7960943927269,174.938096441655));
#5481=CARTESIAN_POINT('',(-255.87224685018,-48.7960943927269,174.938096441655));
#5482=CARTESIAN_POINT('',(-255.87224685018,-72.7960943927269,174.938096441655));
#5483=CARTESIAN_POINT('',(-255.87224685018,-48.7960943927269,174.938096441655));
#5484=CARTESIAN_POINT('Origin',(-260.845640949844,-39.2961399145853,168.438096441655));
#5485=CARTESIAN_POINT('',(-260.87224685018,-72.2163222613575,169.438096441655));
#5486=CARTESIAN_POINT('Origin',(-259.87224685018,1165.11005763932,169.438096441655));
#5487=CARTESIAN_POINT('',(-260.87224685018,-72.2163222613575,173.938096441655));
#5488=CARTESIAN_POINT('',(-260.87224685018,-72.2163222613575,171.188096441655));
#5489=CARTESIAN_POINT('Origin',(-259.87224685018,1165.11005763932,173.938096441655));
#5490=CARTESIAN_POINT('Origin',(-255.872234532683,-39.2961399145853,171.688111085285));
#5491=CARTESIAN_POINT('',(-254.272253776189,-45.7960943927269,171.688111085285));
#5492=CARTESIAN_POINT('Origin',(-255.872234532683,-45.7960943927269,171.688111085285));
#5493=CARTESIAN_POINT('',(-254.272253776189,-46.7960943927273,171.688111085285));
#5494=CARTESIAN_POINT('',(-254.272253776189,-39.2961399145853,171.688111085285));
#5495=CARTESIAN_POINT('Origin',(-255.872234532683,-46.7960943927273,171.688111085285));
#5496=CARTESIAN_POINT('Origin',(-260.845640949844,-39.2961399145853,168.438096441655));
#5497=CARTESIAN_POINT('',(-260.845640949844,-39.2961399145853,174.16723379509));
#5498=CARTESIAN_POINT('Ctrl Pts',(-260.845640949843,-39.2961399145853,174.16723379509));
#5499=CARTESIAN_POINT('Ctrl Pts',(-260.849802139885,-44.4448901243499,174.14955672161));
#5500=CARTESIAN_POINT('Ctrl Pts',(-260.853318757924,-48.7960943927269,174.131740217269));
#5501=CARTESIAN_POINT('',(-260.845640949844,-39.2961399145853,169.208959088219));
#5502=CARTESIAN_POINT('',(-260.845640949844,-39.2961399145853,168.438096441655));
#5503=CARTESIAN_POINT('Ctrl Pts',(-260.853318757924,-48.7960943927269,169.244452666038));
#5504=CARTESIAN_POINT('Ctrl Pts',(-260.849802139885,-44.4448901243499,169.226636161698));
#5505=CARTESIAN_POINT('Ctrl Pts',(-260.845640949843,-39.2961399145853,169.208959088219));
#5506=CARTESIAN_POINT('Origin',(-231.796212161081,-39.2961399145853,168.438096441655));
#5507=CARTESIAN_POINT('',(-259.87224685018,-39.2961399145853,168.438096441655));
#5508=CARTESIAN_POINT('',(-231.796212161081,-39.2961399145853,168.438096441655));
#5509=CARTESIAN_POINT('Origin',(-259.87224685018,-39.2961399145853,169.438096441655));
#5510=CARTESIAN_POINT('',(-259.87224685018,-39.2961399145853,174.938096441655));
#5511=CARTESIAN_POINT('Origin',(-259.87224685018,-39.2961399145853,173.938096441655));
#5512=CARTESIAN_POINT('',(-231.796212161081,-39.2961399145853,174.938096441655));
#5513=CARTESIAN_POINT('',(-254.272253776189,-39.2961399145853,171.688111085285));
#5514=CARTESIAN_POINT('Origin',(-255.872234532683,-39.2961399145853,171.688111085285));
#5515=CARTESIAN_POINT('Origin',(-255.872234532683,-39.2961399145853,171.688111085285));
#5516=CARTESIAN_POINT('',(-254.272253776189,-42.7960943927269,171.688111085285));
#5517=CARTESIAN_POINT('',(-254.272253776189,-39.2961399145853,171.688111085285));
#5518=CARTESIAN_POINT('Origin',(-255.872234532683,-42.7960943927269,171.688111085285));
#5519=CARTESIAN_POINT('Origin',(-252.972245324301,-45.7960943927269,168.438096441655));
#5520=CARTESIAN_POINT('',(-252.972245324301,-45.7960943927269,168.438096441655));
#5521=CARTESIAN_POINT('',(-258.772248376059,-45.7960943927269,168.438096441655));
#5522=CARTESIAN_POINT('',(-258.772248376059,-45.7960943927269,168.438096441655));
#5523=CARTESIAN_POINT('',(-258.772248376059,-45.7960943927269,174.938096441655));
#5524=CARTESIAN_POINT('',(-258.772248376059,-45.7960943927269,168.438096441655));
#5525=CARTESIAN_POINT('',(-252.972245324301,-45.7960943927269,174.938096441655));
#5526=CARTESIAN_POINT('',(-258.772248376059,-45.7960943927269,174.938096441655));
#5527=CARTESIAN_POINT('',(-252.972245324301,-45.7960943927269,168.438096441655));
#5528=CARTESIAN_POINT('Origin',(-252.972245324301,-42.7960943927269,168.438096441655));
#5529=CARTESIAN_POINT('',(-252.972245324301,-42.7960943927269,168.438096441655));
#5530=CARTESIAN_POINT('',(-252.972245324301,-45.7960943927269,168.438096441655));
#5531=CARTESIAN_POINT('',(-252.972245324301,-42.7960943927269,174.938096441655));
#5532=CARTESIAN_POINT('',(-252.972245324301,-45.7960943927269,174.938096441655));
#5533=CARTESIAN_POINT('',(-252.972245324301,-42.7960943927269,168.438096441655));
#5534=CARTESIAN_POINT('Origin',(-258.772248376059,-42.7960943927269,168.438096441655));
#5535=CARTESIAN_POINT('',(-258.772248376059,-42.7960943927269,168.438096441655));
#5536=CARTESIAN_POINT('',(-252.972245324301,-42.7960943927269,168.438096441655));
#5537=CARTESIAN_POINT('',(-258.772248376059,-42.7960943927269,174.938096441655));
#5538=CARTESIAN_POINT('',(-252.972245324301,-42.7960943927269,174.938096441655));
#5539=CARTESIAN_POINT('',(-258.772248376059,-42.7960943927269,168.438096441655));
#5540=CARTESIAN_POINT('Origin',(-258.772248376059,-45.7960943927269,168.438096441655));
#5541=CARTESIAN_POINT('',(-258.772248376059,-42.7960943927269,168.438096441655));
#5542=CARTESIAN_POINT('',(-258.772248376059,-42.7960943927269,174.938096441655));
#5543=CARTESIAN_POINT('Origin',(-255.872234532686,-46.7960943927273,171.688111085286));
#5544=CARTESIAN_POINT('Origin',(-246.372246850179,-48.7960943927269,171.688096441655));
#5545=CARTESIAN_POINT('',(-246.37224685018,-48.7960943927269,174.938096441655));
#5546=CARTESIAN_POINT('Origin',(-260.87224685018,-39.2961399145853,173.938096441655));
#5547=CARTESIAN_POINT('',(-260.87224685018,-166.296048870869,169.438096441655));
#5548=CARTESIAN_POINT('',(-260.87224685018,-39.2961399145853,169.438096441655));
#5549=CARTESIAN_POINT('',(-260.87224685018,-166.296048870869,173.938096441655));
#5550=CARTESIAN_POINT('',(-260.87224685018,-166.296048870869,171.188096441655));
#5551=CARTESIAN_POINT('',(-260.87224685018,-39.2961399145853,173.938096441655));
#5552=CARTESIAN_POINT('Origin',(-259.87224685018,-39.2961399145853,169.438096441655));
#5553=CARTESIAN_POINT('',(-259.87224685018,-166.296048870869,168.438096441655));
#5554=CARTESIAN_POINT('',(-259.87224685018,-39.2961399145853,168.438096441655));
#5555=CARTESIAN_POINT('Origin',(-259.87224685018,-166.296048870869,169.438096441655));
#5556=CARTESIAN_POINT('Origin',(-246.37224685018,-102.796094392727,168.438096441655));
#5557=CARTESIAN_POINT('',(-260.948281539279,-166.296048870869,168.438096441655));
#5558=CARTESIAN_POINT('',(-258.772248376059,-162.796094392727,168.438096441655));
#5559=CARTESIAN_POINT('',(-258.772248376059,-159.796094392727,168.438096441655));
#5560=CARTESIAN_POINT('',(-258.772248376059,-159.796094392727,168.438096441655));
#5561=CARTESIAN_POINT('',(-252.972245324301,-162.796094392727,168.438096441655));
#5562=CARTESIAN_POINT('',(-258.772248376059,-162.796094392727,168.438096441655));
#5563=CARTESIAN_POINT('',(-252.972245324301,-159.796094392727,168.438096441655));
#5564=CARTESIAN_POINT('',(-252.972245324301,-162.796094392727,168.438096441655));
#5565=CARTESIAN_POINT('',(-252.972245324301,-159.796094392727,168.438096441655));
#5566=CARTESIAN_POINT('Origin',(-255.872234532683,-166.296048870869,171.688111085285));
#5567=CARTESIAN_POINT('',(-257.472215289176,-159.796094392727,171.688111085285));
#5568=CARTESIAN_POINT('Origin',(-255.872234532683,-159.796094392727,171.688111085285));
#5569=CARTESIAN_POINT('',(-257.472215289176,-158.796094392728,171.688111085285));
#5570=CARTESIAN_POINT('',(-257.472215289176,-166.296048870869,171.688111085285));
#5571=CARTESIAN_POINT('Origin',(-255.872234532683,-158.796094392728,171.688111085285));
#5572=CARTESIAN_POINT('Origin',(-255.872234532683,-166.296048870869,171.688111085285));
#5573=CARTESIAN_POINT('',(-257.472215289176,-166.296048870869,171.688111085285));
#5574=CARTESIAN_POINT('Origin',(-255.872234532683,-166.296048870869,171.688111085285));
#5575=CARTESIAN_POINT('',(-257.472215289176,-162.796094392727,171.688111085285));
#5576=CARTESIAN_POINT('',(-257.472215289176,-166.296048870869,171.688111085285));
#5577=CARTESIAN_POINT('Origin',(-255.872234532683,-162.796094392727,171.688111085285));
#5578=CARTESIAN_POINT('Origin',(-259.87224685018,-39.2961399145853,173.938096441655));
#5579=CARTESIAN_POINT('',(-259.87224685018,-166.296048870869,174.938096441655));
#5580=CARTESIAN_POINT('Origin',(-259.87224685018,-166.296048870869,173.938096441655));
#5581=CARTESIAN_POINT('',(-259.87224685018,-45.2961399145853,174.938096441655));
#5582=CARTESIAN_POINT('Origin',(-246.37224685018,-102.796094392727,174.938096441655));
#5583=CARTESIAN_POINT('',(-260.948281539279,-166.296048870869,174.938096441655));
#5584=CARTESIAN_POINT('',(-253.87224685018,-151.796094392727,174.938096441655));
#5585=CARTESIAN_POINT('Origin',(-253.87224685018,-152.796094392727,174.938096441655));
#5586=CARTESIAN_POINT('',(-255.87224685018,-151.796094392727,174.938096441655));
#5587=CARTESIAN_POINT('',(-250.12224685018,-151.796094392727,174.938096441655));
#5588=CARTESIAN_POINT('',(-255.87224685018,-156.796094392727,174.938096441655));
#5589=CARTESIAN_POINT('',(-255.87224685018,-130.296094392727,174.938096441655));
#5590=CARTESIAN_POINT('',(-246.37224685018,-156.796094392727,174.938096441655));
#5591=CARTESIAN_POINT('',(-258.772248376059,-162.796094392727,174.938096441655));
#5592=CARTESIAN_POINT('',(-258.772248376059,-159.796094392727,174.938096441655));
#5593=CARTESIAN_POINT('',(-258.772248376059,-159.796094392727,174.938096441655));
#5594=CARTESIAN_POINT('',(-252.972245324301,-159.796094392727,174.938096441655));
#5595=CARTESIAN_POINT('',(-252.972245324301,-159.796094392727,174.938096441655));
#5596=CARTESIAN_POINT('',(-252.972245324301,-162.796094392727,174.938096441655));
#5597=CARTESIAN_POINT('',(-252.972245324301,-162.796094392727,174.938096441655));
#5598=CARTESIAN_POINT('',(-258.772248376059,-162.796094392727,174.938096441655));
#5599=CARTESIAN_POINT('Origin',(-252.972245324301,-162.796094392727,168.438096441655));
#5600=CARTESIAN_POINT('',(-258.772248376059,-162.796094392727,168.438096441655));
#5601=CARTESIAN_POINT('',(-252.972245324301,-162.796094392727,168.438096441655));
#5602=CARTESIAN_POINT('Origin',(-252.972245324301,-159.796094392727,168.438096441655));
#5603=CARTESIAN_POINT('',(-252.972245324301,-159.796094392727,168.438096441655));
#5604=CARTESIAN_POINT('Origin',(-258.772248376059,-159.796094392727,168.438096441655));
#5605=CARTESIAN_POINT('',(-258.772248376059,-159.796094392727,168.438096441655));
#5606=CARTESIAN_POINT('Origin',(-258.772248376059,-162.796094392727,168.438096441655));
#5607=CARTESIAN_POINT('Origin',(-260.948281539279,-166.296048870869,168.438096441655));
#5608=CARTESIAN_POINT('Origin',(-255.872234532686,-158.796094392728,171.688111085287));
#5609=CARTESIAN_POINT('Origin',(-246.372246850179,-156.796094392727,171.688096441655));
#5610=CARTESIAN_POINT('',(-255.87224685018,-156.796094392727,173.28809184173));
#5611=CARTESIAN_POINT('',(-255.87224685018,-156.796094392727,173.313096441655));
#5612=CARTESIAN_POINT('',(-255.87224685018,-156.796094392727,170.088130328839));
#5613=CARTESIAN_POINT('Origin',(-255.872234532683,-156.796094392727,171.688111085285));
#5614=CARTESIAN_POINT('',(-255.87224685018,-156.796094392727,173.313096441655));
#5615=CARTESIAN_POINT('Origin',(-255.872234532683,-172.296048870869,171.688111085285));
#5616=CARTESIAN_POINT('',(-255.87224685018,-155.296048870869,173.28809184173));
#5617=CARTESIAN_POINT('',(-255.87224685018,-172.296048870869,173.28809184173));
#5618=CARTESIAN_POINT('',(-255.87224685018,-155.296048870869,170.088130328839));
#5619=CARTESIAN_POINT('Origin',(-255.872234532683,-155.296048870869,171.688111085285));
#5620=CARTESIAN_POINT('',(-255.87224685018,-172.296048870869,170.088130328839));
#5621=CARTESIAN_POINT('Origin',(-255.872234532683,-155.296048870869,171.688111085285));
#5622=CARTESIAN_POINT('',(-255.87224685018,-155.296048870869,173.31310376347));
#5623=CARTESIAN_POINT('Origin',(-255.87224685018,-151.796094392727,174.938096441655));
#5624=CARTESIAN_POINT('',(-255.87224685018,-151.796094392727,174.938096441655));
#5625=CARTESIAN_POINT('Origin',(-253.87224685018,-151.796094392727,174.938096441655));
#5626=CARTESIAN_POINT('',(-253.87224685018,-151.796094392727,174.938096441655));
#5627=CARTESIAN_POINT('Origin',(-253.87224685018,-152.796094392727,174.938096441655));
#5628=CARTESIAN_POINT('Origin',(-234.87224685018,-155.796094392727,271.912850793568));
#5629=CARTESIAN_POINT('',(-233.87224685018,-155.796094392727,271.912850793568));
#5630=CARTESIAN_POINT('',(-234.87224685018,-156.796094392727,271.912850793568));
#5631=CARTESIAN_POINT('Origin',(-234.87224685018,-155.796094392727,271.912850793568));
#5632=CARTESIAN_POINT('',(-234.87224685018,-156.796094392727,277.412850793568));
#5633=CARTESIAN_POINT('',(-234.87224685018,-156.796094392727,271.912850793568));
#5634=CARTESIAN_POINT('',(-233.87224685018,-155.796094392727,277.412850793568));
#5635=CARTESIAN_POINT('Origin',(-234.87224685018,-155.796094392727,277.412850793568));
#5636=CARTESIAN_POINT('',(-233.87224685018,-155.796094392727,271.912850793568));
#5637=CARTESIAN_POINT('Origin',(-234.87224685018,-49.7960943927268,271.912850793568));
#5638=CARTESIAN_POINT('',(-234.87224685018,-48.7960943927268,271.912850793568));
#5639=CARTESIAN_POINT('',(-233.87224685018,-49.7960943927268,271.912850793568));
#5640=CARTESIAN_POINT('Origin',(-234.87224685018,-49.7960943927268,271.912850793568));
#5641=CARTESIAN_POINT('',(-233.87224685018,-49.7960943927268,277.412850793568));
#5642=CARTESIAN_POINT('',(-233.87224685018,-49.7960943927268,271.912850793568));
#5643=CARTESIAN_POINT('',(-234.87224685018,-48.7960943927268,277.412850793568));
#5644=CARTESIAN_POINT('Origin',(-234.87224685018,-49.7960943927268,277.412850793568));
#5645=CARTESIAN_POINT('',(-234.87224685018,-48.7960943927268,271.912850793568));
#5646=CARTESIAN_POINT('Origin',(-233.87224685018,-49.7960943927268,271.912850793568));
#5647=CARTESIAN_POINT('',(-233.87224685018,-79.2960943927268,271.912850793568));
#5648=CARTESIAN_POINT('',(-233.87224685018,-73.2960943927268,277.412850793568));
#5649=CARTESIAN_POINT('Origin',(-246.37224685018,-156.796094392727,275.162850793568));
#5650=CARTESIAN_POINT('',(-247.737339973424,-156.796094392727,271.912850793568));
#5651=CARTESIAN_POINT('',(-244.37224685018,-156.796094392727,271.912850793568));
#5652=CARTESIAN_POINT('',(-247.737339973424,-156.796094392728,277.412829144623));
#5653=CARTESIAN_POINT('',(-247.737339973424,-156.796094392727,276.287839969095));
#5654=CARTESIAN_POINT('',(-250.271626017663,-156.796094392728,277.412829144623));
#5655=CARTESIAN_POINT('',(-248.321936433921,-156.796094392727,277.412829144623));
#5656=CARTESIAN_POINT('',(-250.271626017664,-156.796094392727,271.912850793568));
#5657=CARTESIAN_POINT('',(-250.271626017664,-156.796094392727,273.537839969096));
#5658=CARTESIAN_POINT('',(-252.87224685018,-156.796094392727,271.912850793568));
#5659=CARTESIAN_POINT('',(-244.37224685018,-156.796094392727,271.912850793568));
#5660=CARTESIAN_POINT('',(-252.87224685018,-156.796094392727,277.412850793568));
#5661=CARTESIAN_POINT('',(-252.87224685018,-156.796094392727,273.537850793568));
#5662=CARTESIAN_POINT('',(-246.37224685018,-156.796094392727,277.412850793568));
#5663=CARTESIAN_POINT('Origin',(-246.37224685018,-96.7960943927268,277.412850793568));
#5664=CARTESIAN_POINT('',(-252.87224685018,-152.796094392727,277.412850793568));
#5665=CARTESIAN_POINT('',(-252.87224685018,-74.7960943927268,277.412850793568));
#5666=CARTESIAN_POINT('',(-253.87224685018,-151.796094392727,277.412850793568));
#5667=CARTESIAN_POINT('Origin',(-253.87224685018,-152.796094392727,277.412850793568));
#5668=CARTESIAN_POINT('',(-255.87224685018,-151.796094392727,277.412850793568));
#5669=CARTESIAN_POINT('',(-251.12224685018,-151.796094392727,277.412850793568));
#5670=CARTESIAN_POINT('',(-255.87224685018,-156.796094392727,277.412850793568));
#5671=CARTESIAN_POINT('',(-255.87224685018,-132.796094392727,277.412850793568));
#5672=CARTESIAN_POINT('',(-258.87224685018,-156.796094392727,277.412850793568));
#5673=CARTESIAN_POINT('',(-246.37224685018,-156.796094392727,277.412850793568));
#5674=CARTESIAN_POINT('',(-258.87224685018,-48.7960943927268,277.412850793568));
#5675=CARTESIAN_POINT('',(-258.87224685018,-72.7960943927268,277.412850793568));
#5676=CARTESIAN_POINT('',(-255.87224685018,-48.7960943927268,277.412850793568));
#5677=CARTESIAN_POINT('',(-251.12224685018,-48.7960943927268,277.412850793568));
#5678=CARTESIAN_POINT('',(-255.87224685018,-53.7960943927268,277.412850793568));
#5679=CARTESIAN_POINT('',(-255.87224685018,-75.2960943927268,277.412850793568));
#5680=CARTESIAN_POINT('',(-253.87224685018,-53.7960943927268,277.412850793568));
#5681=CARTESIAN_POINT('',(-250.12224685018,-53.7960943927268,277.412850793568));
#5682=CARTESIAN_POINT('',(-252.87224685018,-52.7960943927268,277.412850793568));
#5683=CARTESIAN_POINT('Origin',(-253.87224685018,-52.7960943927268,277.412850793568));
#5684=CARTESIAN_POINT('',(-252.87224685018,-48.7960943927268,277.412850793568));
#5685=CARTESIAN_POINT('',(-252.87224685018,-74.7960943927268,277.412850793568));
#5686=CARTESIAN_POINT('',(-246.37224685018,-48.7960943927268,277.412850793568));
#5687=CARTESIAN_POINT('Origin',(-236.872322153051,-158.796094392728,275.162830073346));
#5688=CARTESIAN_POINT('',(-238.472245324435,-158.796094392728,275.162830073349));
#5689=CARTESIAN_POINT('Origin',(-236.872322153046,-158.796094392728,275.162830073349));
#5690=CARTESIAN_POINT('Origin',(-236.872322153046,-166.296048870868,275.162830073349));
#5691=CARTESIAN_POINT('',(-238.472245324435,-166.296048870868,275.162830073349));
#5692=CARTESIAN_POINT('Origin',(-236.872322153046,-166.296048870868,275.162830073349));
#5693=CARTESIAN_POINT('',(-238.472245324435,-162.796094392727,275.162830073349));
#5694=CARTESIAN_POINT('',(-238.472245324435,-166.296048870868,275.162830073349));
#5695=CARTESIAN_POINT('Origin',(-236.872322153046,-162.796094392727,275.162830073349));
#5696=CARTESIAN_POINT('Origin',(-236.872322153046,-166.296048870868,275.162830073349));
#5697=CARTESIAN_POINT('',(-238.472245324435,-159.796094392727,275.162830073349));
#5698=CARTESIAN_POINT('Origin',(-236.872322153046,-159.796094392727,275.162830073349));
#5699=CARTESIAN_POINT('',(-238.472245324435,-166.296048870868,275.162830073349));
#5700=CARTESIAN_POINT('Origin',(-232.87224685018,-39.2961399145852,272.912850793568));
#5701=CARTESIAN_POINT('',(-232.87224685018,-39.2961399145852,271.912850793568));
#5702=CARTESIAN_POINT('',(-232.87224685018,-166.296048870868,271.912850793568));
#5703=CARTESIAN_POINT('',(-232.87224685018,-39.2961399145852,271.912850793568));
#5704=CARTESIAN_POINT('',(-231.87224685018,-39.2961399145852,272.912850793568));
#5705=CARTESIAN_POINT('Origin',(-232.87224685018,-39.2961399145852,272.912850793568));
#5706=CARTESIAN_POINT('',(-231.87224685018,-102.796094392762,272.912850793568));
#5707=CARTESIAN_POINT('',(-231.87224685018,-39.2961399145852,272.912850793568));
#5708=CARTESIAN_POINT('',(-231.929721931962,-150.796094392727,272.578714925189));
#5709=CARTESIAN_POINT('Origin',(-232.87224685018,-937.940621591312,272.91285079357));
#5710=CARTESIAN_POINT('',(-231.922537546739,-150.796094392727,272.599717852221));
#5711=CARTESIAN_POINT('Origin',(-232.87224685018,-150.796094392727,272.912850793568));
#5712=CARTESIAN_POINT('',(-231.929721931961,-156.796094392727,272.57871492519));
#5713=CARTESIAN_POINT('Ctrl Pts',(-231.929721931961,-156.796094392727,272.57871492519));
#5714=CARTESIAN_POINT('Ctrl Pts',(-231.926013177949,-153.698748776585,272.589176517024));
#5715=CARTESIAN_POINT('Ctrl Pts',(-231.922537546739,-150.796094392727,272.599717852221));
#5716=CARTESIAN_POINT('',(-231.936906317184,-156.796094392727,272.559102171896));
#5717=CARTESIAN_POINT('Origin',(-232.87224685018,-156.796094392727,272.912850793568));
#5718=CARTESIAN_POINT('',(-231.948281539279,-166.296048870868,272.530374514237));
#5719=CARTESIAN_POINT('Ctrl Pts',(-231.948281539279,-166.296048870868,272.530374514237));
#5720=CARTESIAN_POINT('Ctrl Pts',(-231.942371996397,-161.360726474592,272.544650465247));
#5721=CARTESIAN_POINT('Ctrl Pts',(-231.936906317184,-156.796094392727,272.559102171896));
#5722=CARTESIAN_POINT('Origin',(-232.87224685018,-166.296048870868,272.912850793568));
#5723=CARTESIAN_POINT('Origin',(-242.37224685018,-156.796094392727,274.662839969095));
#5724=CARTESIAN_POINT('',(-244.37224685018,-156.796094392727,271.912850793568));
#5725=CARTESIAN_POINT('',(-250.271626017664,-156.796094392728,271.912829144623));
#5726=CARTESIAN_POINT('',(-250.271626017664,-156.796094392727,273.537839969096));
#5727=CARTESIAN_POINT('',(-247.737339973424,-156.796094392728,271.912829144623));
#5728=CARTESIAN_POINT('',(-250.271626017664,-156.796094392728,271.912829144623));
#5729=CARTESIAN_POINT('',(-247.737339973424,-156.796094392727,276.287839969095));
#5730=CARTESIAN_POINT('Origin',(-249.004482995544,-151.796094392728,274.662829144623));
#5731=CARTESIAN_POINT('',(-250.271626017663,-151.796094392728,277.412829144623));
#5732=CARTESIAN_POINT('',(-250.271626017664,-151.796094392728,271.912829144623));
#5733=CARTESIAN_POINT('',(-250.271626017663,-151.796094392728,277.412829144623));
#5734=CARTESIAN_POINT('',(-247.737339973424,-151.796094392728,277.412829144623));
#5735=CARTESIAN_POINT('',(-247.737339973424,-151.796094392728,277.412829144623));
#5736=CARTESIAN_POINT('',(-247.737339973424,-151.796094392728,271.912829144623));
#5737=CARTESIAN_POINT('',(-247.737339973424,-151.796094392728,271.912829144623));
#5738=CARTESIAN_POINT('',(-250.271626017664,-151.796094392728,271.912829144623));
#5739=CARTESIAN_POINT('Origin',(-250.271626017664,-151.796094392728,271.912829144623));
#5740=CARTESIAN_POINT('',(-250.271626017664,-151.796094392728,271.912829144623));
#5741=CARTESIAN_POINT('',(-250.271626017663,-151.796094392728,277.412829144623));
#5742=CARTESIAN_POINT('Origin',(-250.271626017663,-151.796094392728,277.412829144623));
#5743=CARTESIAN_POINT('',(-247.737339973424,-151.796094392728,277.412829144623));
#5744=CARTESIAN_POINT('Origin',(-247.737339973424,-151.796094392728,277.412829144623));
#5745=CARTESIAN_POINT('',(-247.737339973424,-151.796094392728,271.912829144623));
#5746=CARTESIAN_POINT('Origin',(-247.737339973424,-151.796094392728,271.912829144623));
#5747=CARTESIAN_POINT('Origin',(-239.772248376059,-162.796094392727,278.412850793568));
#5748=CARTESIAN_POINT('',(-239.772248376059,-162.796094392727,278.412850793568));
#5749=CARTESIAN_POINT('',(-239.772248376059,-162.796094392727,271.912850793568));
#5750=CARTESIAN_POINT('',(-239.772248376059,-162.796094392727,278.412850793568));
#5751=CARTESIAN_POINT('',(-239.772248376059,-159.796094392727,271.912850793568));
#5752=CARTESIAN_POINT('',(-239.772248376059,-162.796094392727,271.912850793568));
#5753=CARTESIAN_POINT('',(-239.772248376059,-159.796094392727,278.412850793568));
#5754=CARTESIAN_POINT('',(-239.772248376059,-159.796094392727,278.412850793568));
#5755=CARTESIAN_POINT('',(-239.772248376059,-162.796094392727,278.412850793568));
#5756=CARTESIAN_POINT('Origin',(-239.772248376059,-159.796094392727,278.412850793568));
#5757=CARTESIAN_POINT('',(-233.972245324301,-159.796094392727,271.912850793568));
#5758=CARTESIAN_POINT('',(-239.772248376059,-159.796094392727,271.912850793568));
#5759=CARTESIAN_POINT('',(-233.972245324301,-159.796094392727,278.412850793568));
#5760=CARTESIAN_POINT('',(-233.972245324301,-159.796094392727,278.412850793568));
#5761=CARTESIAN_POINT('',(-239.772248376059,-159.796094392727,278.412850793568));
#5762=CARTESIAN_POINT('Origin',(-231.948281539279,-166.296048870868,278.412850793568));
#5763=CARTESIAN_POINT('',(-231.929721931962,-150.796094392727,277.746986661947));
#5764=CARTESIAN_POINT('',(-231.929721931962,-150.796094392727,276.787850793568));
#5765=CARTESIAN_POINT('',(-231.87224685018,-102.79609439276,277.412850793568));
#5766=CARTESIAN_POINT('',(-231.87224685018,-102.79609439276,277.912850793568));
#5767=CARTESIAN_POINT('Origin',(-232.87224685018,-937.940621591312,277.41285079357));
#5768=CARTESIAN_POINT('Origin',(-231.948281539279,-166.296048870868,278.412850793568));
#5769=CARTESIAN_POINT('',(-231.948281539279,-166.296048870868,277.7953270729));
#5770=CARTESIAN_POINT('',(-231.948281539279,-166.296048870868,278.412850793568));
#5771=CARTESIAN_POINT('',(-231.936906317184,-156.796094392727,277.766599415241));
#5772=CARTESIAN_POINT('',(-231.936906317184,-156.796094392727,276.787850793568));
#5773=CARTESIAN_POINT('Ctrl Pts',(-231.936906317184,-156.796094392727,277.766599415241));
#5774=CARTESIAN_POINT('Ctrl Pts',(-231.942371996396,-161.360726474592,277.78105112189));
#5775=CARTESIAN_POINT('Ctrl Pts',(-231.948281539279,-166.296048870868,277.7953270729));
#5776=CARTESIAN_POINT('Origin',(-246.37224685018,-156.796094392727,275.162850793568));
#5777=CARTESIAN_POINT('',(-231.929721931961,-156.796094392727,277.746986661948));
#5778=CARTESIAN_POINT('',(-231.929721931962,-156.796094392727,276.787850793568));
#5779=CARTESIAN_POINT('Origin',(-232.87224685018,-156.796094392727,277.412850793568));
#5780=CARTESIAN_POINT('Origin',(-231.948281539279,-172.296048870868,278.412850793568));
#5781=CARTESIAN_POINT('',(-231.922537546739,-150.796094392727,277.725983734918));
#5782=CARTESIAN_POINT('',(-231.922537546739,-150.796094392727,276.787850793568));
#5783=CARTESIAN_POINT('Ctrl Pts',(-231.922537546739,-150.796094392727,277.725983734918));
#5784=CARTESIAN_POINT('Ctrl Pts',(-231.926013177949,-153.698748776585,277.736525070114));
#5785=CARTESIAN_POINT('Ctrl Pts',(-231.929721931961,-156.796094392727,277.746986661948));
#5786=CARTESIAN_POINT('Origin',(-246.372246850179,-150.796094392727,275.162850793568));
#5787=CARTESIAN_POINT('Origin',(-232.87224685018,-150.796094392727,277.412850793568));
#5788=CARTESIAN_POINT('Origin',(-233.972245324301,-159.796094392727,278.412850793568));
#5789=CARTESIAN_POINT('',(-233.972245324301,-162.796094392727,271.912850793568));
#5790=CARTESIAN_POINT('',(-233.972245324301,-159.796094392727,271.912850793568));
#5791=CARTESIAN_POINT('',(-233.972245324301,-162.796094392727,278.412850793568));
#5792=CARTESIAN_POINT('',(-233.972245324301,-162.796094392727,278.412850793568));
#5793=CARTESIAN_POINT('',(-233.972245324301,-159.796094392727,278.412850793568));
#5794=CARTESIAN_POINT('Origin',(-233.972245324301,-162.796094392727,278.412850793568));
#5795=CARTESIAN_POINT('',(-233.972245324301,-162.796094392727,271.912850793568));
#5796=CARTESIAN_POINT('',(-233.972245324301,-162.796094392727,278.412850793568));
#5797=CARTESIAN_POINT('Origin',(-252.87224685018,-52.7960943927268,271.912850793568));
#5798=CARTESIAN_POINT('',(-252.87224685018,-152.796094392727,271.912850793568));
#5799=CARTESIAN_POINT('',(-252.87224685018,-102.796094392727,271.912850793568));
#5800=CARTESIAN_POINT('',(-252.87224685018,-152.796094392727,271.912850793568));
#5801=CARTESIAN_POINT('Origin',(-242.37224685018,-48.7960943927268,275.162839969095));
#5802=CARTESIAN_POINT('',(-247.737339973424,-48.7960943927268,271.912850793568));
#5803=CARTESIAN_POINT('',(-250.271626017664,-48.7960943927268,271.912850793568));
#5804=CARTESIAN_POINT('',(-244.37224685018,-48.7960943927268,271.912850793568));
#5805=CARTESIAN_POINT('',(-247.737339973424,-48.7960943927278,271.912829144622));
#5806=CARTESIAN_POINT('',(-247.737339973424,-48.7960943927268,276.287839969095));
#5807=CARTESIAN_POINT('',(-250.271626017664,-48.7960943927278,271.912829144622));
#5808=CARTESIAN_POINT('',(-250.271626017664,-48.7960943927278,271.912829144622));
#5809=CARTESIAN_POINT('',(-250.271626017664,-48.7960943927268,273.537839969095));
#5810=CARTESIAN_POINT('Origin',(-247.737339973424,-48.7960943927278,271.912829144622));
#5811=CARTESIAN_POINT('',(-247.737339973424,-53.7960943927278,271.912829144622));
#5812=CARTESIAN_POINT('',(-247.737339973424,-48.7960943927278,271.912829144622));
#5813=CARTESIAN_POINT('',(-250.271626017664,-53.7960943927278,271.912829144622));
#5814=CARTESIAN_POINT('',(-250.271626017664,-53.7960943927278,271.912829144622));
#5815=CARTESIAN_POINT('',(-250.271626017664,-48.7960943927278,271.912829144622));
#5816=CARTESIAN_POINT('Origin',(-247.737339973424,-48.7960943927277,277.412829144622));
#5817=CARTESIAN_POINT('',(-247.737339973424,-48.7960943927277,277.412829144622));
#5818=CARTESIAN_POINT('',(-247.737339973424,-48.7960943927268,276.287839969095));
#5819=CARTESIAN_POINT('',(-247.737339973424,-53.7960943927277,277.412829144622));
#5820=CARTESIAN_POINT('',(-247.737339973424,-48.7960943927277,277.412829144622));
#5821=CARTESIAN_POINT('',(-247.737339973424,-53.7960943927278,271.912829144622));
#5822=CARTESIAN_POINT('Origin',(-250.271626017664,-48.7960943927277,277.412829144622));
#5823=CARTESIAN_POINT('',(-250.271626017664,-48.7960943927277,277.412829144622));
#5824=CARTESIAN_POINT('',(-248.321936433922,-48.7960943927268,277.412829144622));
#5825=CARTESIAN_POINT('',(-250.271626017664,-53.7960943927277,277.412829144622));
#5826=CARTESIAN_POINT('',(-250.271626017664,-48.7960943927277,277.412829144622));
#5827=CARTESIAN_POINT('',(-247.737339973424,-53.7960943927277,277.412829144622));
#5828=CARTESIAN_POINT('Origin',(-250.271626017664,-48.7960943927278,271.912829144622));
#5829=CARTESIAN_POINT('',(-250.271626017664,-48.7960943927268,273.537839969095));
#5830=CARTESIAN_POINT('',(-250.271626017664,-53.7960943927277,277.412829144622));
#5831=CARTESIAN_POINT('Origin',(-249.004482995544,-53.7960943927278,274.662829144622));
#5832=CARTESIAN_POINT('Origin',(-246.37224685018,-48.7960943927268,275.162850793568));
#5833=CARTESIAN_POINT('',(-252.87224685018,-48.7960943927268,271.912850793568));
#5834=CARTESIAN_POINT('',(-252.87224685018,-48.7960943927268,273.537850793568));
#5835=CARTESIAN_POINT('',(-244.37224685018,-48.7960943927268,271.912850793568));
#5836=CARTESIAN_POINT('',(-244.37224685018,-48.7960943927268,271.912850793568));
#5837=CARTESIAN_POINT('Origin',(-232.87224685018,-39.2961399145852,277.412850793568));
#5838=CARTESIAN_POINT('',(-232.87224685018,-39.2961399145852,278.412850793568));
#5839=CARTESIAN_POINT('',(-232.87224685018,-166.296048870868,278.412850793568));
#5840=CARTESIAN_POINT('',(-232.87224685018,-39.2961399145852,278.412850793568));
#5841=CARTESIAN_POINT('Origin',(-232.87224685018,-166.296048870868,277.412850793568));
#5842=CARTESIAN_POINT('',(-231.87224685018,-39.2961399145852,277.412850793568));
#5843=CARTESIAN_POINT('',(-231.87224685018,-39.2961399145852,277.412850793568));
#5844=CARTESIAN_POINT('Origin',(-232.87224685018,-39.2961399145852,277.412850793568));
#5845=CARTESIAN_POINT('Origin',(-236.872259167682,-46.7960943927272,275.162836149936));
#5846=CARTESIAN_POINT('',(-235.272278411184,-46.7960943927272,275.162836149938));
#5847=CARTESIAN_POINT('Origin',(-236.872259167677,-46.7960943927272,275.162836149938));
#5848=CARTESIAN_POINT('Origin',(-233.972245324301,-45.7960943927268,278.412850793568));
#5849=CARTESIAN_POINT('',(-233.972245324301,-45.7960943927268,278.412850793568));
#5850=CARTESIAN_POINT('',(-239.772248376059,-45.7960943927268,278.412850793568));
#5851=CARTESIAN_POINT('',(-233.972245324301,-45.7960943927268,278.412850793568));
#5852=CARTESIAN_POINT('',(-233.972245324301,-45.7960943927268,271.912850793568));
#5853=CARTESIAN_POINT('',(-233.972245324301,-45.7960943927268,278.412850793568));
#5854=CARTESIAN_POINT('',(-239.772248376059,-45.7960943927268,271.912850793568));
#5855=CARTESIAN_POINT('',(-233.972245324301,-45.7960943927268,271.912850793568));
#5856=CARTESIAN_POINT('',(-239.772248376059,-45.7960943927268,278.412850793568));
#5857=CARTESIAN_POINT('',(-235.272278411184,-45.7960943927268,275.162836149938));
#5858=CARTESIAN_POINT('Origin',(-236.872259167677,-45.7960943927268,275.162836149938));
#5859=CARTESIAN_POINT('Origin',(-239.772248376059,-45.7960943927268,278.412850793568));
#5860=CARTESIAN_POINT('',(-239.772248376059,-42.7960943927268,278.412850793568));
#5861=CARTESIAN_POINT('',(-239.772248376059,-45.7960943927268,278.412850793568));
#5862=CARTESIAN_POINT('',(-239.772248376059,-42.7960943927268,271.912850793568));
#5863=CARTESIAN_POINT('',(-239.772248376059,-45.7960943927268,271.912850793568));
#5864=CARTESIAN_POINT('',(-239.772248376059,-42.7960943927268,278.412850793568));
#5865=CARTESIAN_POINT('Origin',(-239.772248376059,-42.7960943927268,278.412850793568));
#5866=CARTESIAN_POINT('',(-233.972245324301,-42.7960943927268,278.412850793568));
#5867=CARTESIAN_POINT('',(-239.772248376059,-42.7960943927268,278.412850793568));
#5868=CARTESIAN_POINT('',(-233.972245324301,-42.7960943927268,271.912850793568));
#5869=CARTESIAN_POINT('',(-239.772248376059,-42.7960943927268,271.912850793568));
#5870=CARTESIAN_POINT('',(-233.972245324301,-42.7960943927268,278.412850793568));
#5871=CARTESIAN_POINT('',(-235.272278411184,-42.7960943927268,275.162836149938));
#5872=CARTESIAN_POINT('Origin',(-236.872259167677,-42.7960943927268,275.162836149938));
#5873=CARTESIAN_POINT('Origin',(-233.972245324301,-42.7960943927268,278.412850793568));
#5874=CARTESIAN_POINT('',(-233.972245324301,-42.7960943927268,278.412850793568));
#5875=CARTESIAN_POINT('',(-233.972245324301,-42.7960943927268,271.912850793568));
#5876=CARTESIAN_POINT('Origin',(-236.872259167677,-39.2961399145852,275.162836149938));
#5877=CARTESIAN_POINT('',(-235.272278411184,-39.2961399145852,275.162836149938));
#5878=CARTESIAN_POINT('Origin',(-236.872259167677,-39.2961399145852,275.162836149938));
#5879=CARTESIAN_POINT('',(-235.272278411184,-39.2961399145852,275.162836149938));
#5880=CARTESIAN_POINT('Origin',(-236.872259167677,-39.2961399145852,275.162836149938));
#5881=CARTESIAN_POINT('',(-235.272278411184,-39.2961399145852,275.162836149938));
#5882=CARTESIAN_POINT('Origin',(-231.87224685018,-33.2961399145852,277.412850793568));
#5883=CARTESIAN_POINT('',(-231.87224685018,-39.2961399145852,277.912850793568));
#5884=CARTESIAN_POINT('Origin',(-246.372246850179,-54.7960943927267,275.162850793568));
#5885=CARTESIAN_POINT('',(-260.858167923107,-54.7960943927267,277.580062150716));
#5886=CARTESIAN_POINT('',(-260.858167923107,-54.7960943927267,272.74563943642));
#5887=CARTESIAN_POINT('',(-260.858167923107,-54.7960943927267,276.787850793568));
#5888=CARTESIAN_POINT('',(-260.863017088288,-54.7960943927267,277.548402758807));
#5889=CARTESIAN_POINT('Origin',(-259.87224685018,-54.7960943927267,277.412850793568));
#5890=CARTESIAN_POINT('',(-260.863017088288,-54.7960943927267,272.777298828335));
#5891=CARTESIAN_POINT('',(-260.863017088289,-54.7960943927267,276.787850793568));
#5892=CARTESIAN_POINT('Origin',(-259.87224685018,-54.7960943927267,272.912850793568));
#5893=CARTESIAN_POINT('Origin',(-258.87224685018,-144.796094392727,271.912850793568));
#5894=CARTESIAN_POINT('',(-258.87224685018,-156.796094392727,271.912850793568));
#5895=CARTESIAN_POINT('',(-258.87224685018,-156.796094392727,273.537850793568));
#5896=CARTESIAN_POINT('',(-258.87224685018,-48.7960943927268,271.912850793568));
#5897=CARTESIAN_POINT('',(-258.87224685018,-120.796094392727,271.912850793568));
#5898=CARTESIAN_POINT('',(-258.87224685018,-48.7960943927268,271.912850793568));
#5899=CARTESIAN_POINT('Origin',(-246.37224685018,-48.7960943927268,275.162850793568));
#5900=CARTESIAN_POINT('',(-260.853318757925,-48.7960943927268,272.719207017954));
#5901=CARTESIAN_POINT('',(-260.853318757925,-48.7960943927268,277.606494569184));
#5902=CARTESIAN_POINT('',(-260.853318757925,-48.7960943927268,276.787850793568));
#5903=CARTESIAN_POINT('',(-260.858167923106,-48.7960943927268,272.74563943642));
#5904=CARTESIAN_POINT('Origin',(-259.87224685018,-48.7960943927268,272.912850793568));
#5905=CARTESIAN_POINT('',(-260.858167923106,-48.7960943927268,277.58006215072));
#5906=CARTESIAN_POINT('',(-260.858167923107,-48.7960943927268,276.787850793568));
#5907=CARTESIAN_POINT('Origin',(-259.87224685018,-48.7960943927268,277.412850793568));
#5908=CARTESIAN_POINT('Origin',(-260.845640949844,-33.2961399145852,278.412850793568));
#5909=CARTESIAN_POINT('Ctrl Pts',(-260.863017088288,-54.7960943927267,277.548402758807));
#5910=CARTESIAN_POINT('Ctrl Pts',(-260.860846039744,-52.1097987575748,277.564271287742));
#5911=CARTESIAN_POINT('Ctrl Pts',(-260.858167923106,-48.7960943927418,277.58006215072));
#5912=CARTESIAN_POINT('Ctrl Pts',(-260.858167923106,-48.7960943927419,272.74563943642));
#5913=CARTESIAN_POINT('Ctrl Pts',(-260.860846039745,-52.1097987575748,272.761430299399));
#5914=CARTESIAN_POINT('Ctrl Pts',(-260.863017088288,-54.7960943927267,272.777298828335));
#5915=CARTESIAN_POINT('Origin',(-252.87224685018,-52.7960943927268,271.912850793568));
#5916=CARTESIAN_POINT('',(-252.87224685018,-52.7960943927268,271.912850793568));
#5917=CARTESIAN_POINT('',(-252.87224685018,-52.7960943927268,271.912850793568));
#5918=CARTESIAN_POINT('',(-252.87224685018,-102.796094392727,271.912850793568));
#5919=CARTESIAN_POINT('Origin',(-253.87224685018,-52.7960943927268,271.912850793568));
#5920=CARTESIAN_POINT('',(-253.87224685018,-53.7960943927268,271.912850793568));
#5921=CARTESIAN_POINT('Origin',(-253.87224685018,-52.7960943927268,271.912850793568));
#5922=CARTESIAN_POINT('',(-253.87224685018,-53.7960943927268,271.912850793568));
#5923=CARTESIAN_POINT('Origin',(-255.87224685018,-53.7960943927268,271.912850793568));
#5924=CARTESIAN_POINT('',(-255.87224685018,-53.7960943927268,271.912850793568));
#5925=CARTESIAN_POINT('',(-251.12224685018,-53.7960943927268,271.912850793568));
#5926=CARTESIAN_POINT('',(-255.87224685018,-53.7960943927268,271.912850793568));
#5927=CARTESIAN_POINT('Origin',(-255.87224685018,-48.7960943927268,271.912850793568));
#5928=CARTESIAN_POINT('',(-255.87224685018,-48.7960943927268,271.912850793568));
#5929=CARTESIAN_POINT('',(-255.87224685018,-72.7960943927268,271.912850793568));
#5930=CARTESIAN_POINT('',(-255.87224685018,-48.7960943927268,271.912850793568));
#5931=CARTESIAN_POINT('Origin',(-260.845640949844,-39.2961399145852,278.412850793568));
#5932=CARTESIAN_POINT('',(-260.87224685018,-72.2163222613573,272.912850793568));
#5933=CARTESIAN_POINT('Origin',(-259.87224685018,1165.11005763932,272.912850793565));
#5934=CARTESIAN_POINT('',(-260.87224685018,-72.2163222613573,277.412850793568));
#5935=CARTESIAN_POINT('',(-260.87224685018,-72.2163222613573,275.662850793568));
#5936=CARTESIAN_POINT('Origin',(-259.87224685018,1165.11005763932,277.412850793565));
#5937=CARTESIAN_POINT('Origin',(-255.872234532683,-39.2961399145852,275.162836149938));
#5938=CARTESIAN_POINT('',(-254.27225377619,-45.7960943927268,275.162836149938));
#5939=CARTESIAN_POINT('Origin',(-255.872234532683,-45.7960943927268,275.162836149938));
#5940=CARTESIAN_POINT('',(-254.27225377619,-46.7960943927272,275.162836149938));
#5941=CARTESIAN_POINT('',(-254.27225377619,-39.2961399145852,275.162836149938));
#5942=CARTESIAN_POINT('Origin',(-255.872234532683,-46.7960943927272,275.162836149938));
#5943=CARTESIAN_POINT('Origin',(-260.845640949844,-39.2961399145852,278.412850793568));
#5944=CARTESIAN_POINT('',(-260.845640949844,-39.2961399145852,277.641988147003));
#5945=CARTESIAN_POINT('Ctrl Pts',(-260.853318757925,-48.7960943927268,277.606494569184));
#5946=CARTESIAN_POINT('Ctrl Pts',(-260.849802139885,-44.4448901243498,277.624311073524));
#5947=CARTESIAN_POINT('Ctrl Pts',(-260.845640949844,-39.2961399145852,277.641988147003));
#5948=CARTESIAN_POINT('',(-260.845640949844,-39.2961399145852,272.683713440132));
#5949=CARTESIAN_POINT('',(-260.845640949844,-39.2961399145852,278.412850793568));
#5950=CARTESIAN_POINT('Ctrl Pts',(-260.845640949844,-39.2961399145852,272.683713440132));
#5951=CARTESIAN_POINT('Ctrl Pts',(-260.849802139885,-44.4448901243498,272.701390513612));
#5952=CARTESIAN_POINT('Ctrl Pts',(-260.853318757924,-48.7960943927268,272.719207017954));
#5953=CARTESIAN_POINT('Origin',(-231.796212161081,-39.2961399145852,278.412850793568));
#5954=CARTESIAN_POINT('',(-259.87224685018,-39.2961399145852,278.412850793568));
#5955=CARTESIAN_POINT('',(-231.796212161081,-39.2961399145852,278.412850793568));
#5956=CARTESIAN_POINT('',(-259.87224685018,-39.2961399145852,271.912850793568));
#5957=CARTESIAN_POINT('',(-231.796212161081,-39.2961399145852,271.912850793568));
#5958=CARTESIAN_POINT('Origin',(-259.87224685018,-39.2961399145852,272.912850793568));
#5959=CARTESIAN_POINT('Origin',(-259.87224685018,-39.2961399145852,277.412850793568));
#5960=CARTESIAN_POINT('',(-254.27225377619,-39.2961399145852,275.162836149938));
#5961=CARTESIAN_POINT('Origin',(-255.872234532683,-39.2961399145852,275.162836149938));
#5962=CARTESIAN_POINT('Origin',(-255.872234532683,-39.2961399145852,275.162836149938));
#5963=CARTESIAN_POINT('',(-254.27225377619,-42.7960943927268,275.162836149938));
#5964=CARTESIAN_POINT('',(-254.27225377619,-39.2961399145852,275.162836149938));
#5965=CARTESIAN_POINT('Origin',(-255.872234532683,-42.7960943927268,275.162836149938));
#5966=CARTESIAN_POINT('Origin',(-252.972245324301,-45.7960943927268,278.412850793568));
#5967=CARTESIAN_POINT('',(-252.972245324301,-45.7960943927268,278.412850793568));
#5968=CARTESIAN_POINT('',(-258.772248376059,-45.7960943927268,278.412850793568));
#5969=CARTESIAN_POINT('',(-258.772248376059,-45.7960943927268,278.412850793568));
#5970=CARTESIAN_POINT('',(-252.972245324301,-45.7960943927268,271.912850793568));
#5971=CARTESIAN_POINT('',(-252.972245324301,-45.7960943927268,278.412850793568));
#5972=CARTESIAN_POINT('',(-258.772248376059,-45.7960943927268,271.912850793568));
#5973=CARTESIAN_POINT('',(-258.772248376059,-45.7960943927268,271.912850793568));
#5974=CARTESIAN_POINT('',(-258.772248376059,-45.7960943927268,278.412850793568));
#5975=CARTESIAN_POINT('Origin',(-252.972245324301,-42.7960943927268,278.412850793568));
#5976=CARTESIAN_POINT('',(-252.972245324301,-42.7960943927268,278.412850793568));
#5977=CARTESIAN_POINT('',(-252.972245324301,-45.7960943927268,278.412850793568));
#5978=CARTESIAN_POINT('',(-252.972245324301,-42.7960943927268,271.912850793568));
#5979=CARTESIAN_POINT('',(-252.972245324301,-42.7960943927268,278.412850793568));
#5980=CARTESIAN_POINT('',(-252.972245324301,-45.7960943927268,271.912850793568));
#5981=CARTESIAN_POINT('Origin',(-258.772248376059,-42.7960943927268,278.412850793568));
#5982=CARTESIAN_POINT('',(-258.772248376059,-42.7960943927268,278.412850793568));
#5983=CARTESIAN_POINT('',(-252.972245324301,-42.7960943927268,278.412850793568));
#5984=CARTESIAN_POINT('',(-258.772248376059,-42.7960943927268,271.912850793568));
#5985=CARTESIAN_POINT('',(-258.772248376059,-42.7960943927268,278.412850793568));
#5986=CARTESIAN_POINT('',(-252.972245324301,-42.7960943927268,271.912850793568));
#5987=CARTESIAN_POINT('Origin',(-258.772248376059,-45.7960943927268,278.412850793568));
#5988=CARTESIAN_POINT('',(-258.772248376059,-42.7960943927268,278.412850793568));
#5989=CARTESIAN_POINT('',(-258.772248376059,-42.7960943927268,271.912850793568));
#5990=CARTESIAN_POINT('Origin',(-255.872234532687,-46.7960943927272,275.162836149936));
#5991=CARTESIAN_POINT('Origin',(-246.37224685018,-48.7960943927268,275.162850793568));
#5992=CARTESIAN_POINT('',(-246.37224685018,-48.7960943927268,271.912850793568));
#5993=CARTESIAN_POINT('Origin',(-260.87224685018,-39.2961399145852,272.912850793568));
#5994=CARTESIAN_POINT('',(-260.87224685018,-166.296048870868,277.412850793568));
#5995=CARTESIAN_POINT('',(-260.87224685018,-39.2961399145852,277.412850793568));
#5996=CARTESIAN_POINT('',(-260.87224685018,-166.296048870868,272.912850793568));
#5997=CARTESIAN_POINT('',(-260.87224685018,-39.2961399145852,272.912850793568));
#5998=CARTESIAN_POINT('',(-260.87224685018,-166.296048870868,275.662850793568));
#5999=CARTESIAN_POINT('Origin',(-259.87224685018,-39.2961399145852,277.412850793568));
#6000=CARTESIAN_POINT('',(-259.87224685018,-166.296048870868,278.412850793568));
#6001=CARTESIAN_POINT('',(-259.87224685018,-39.2961399145852,278.412850793568));
#6002=CARTESIAN_POINT('Origin',(-259.87224685018,-166.296048870868,277.412850793568));
#6003=CARTESIAN_POINT('Origin',(-246.37224685018,-102.796094392727,278.412850793568));
#6004=CARTESIAN_POINT('',(-260.948281539279,-166.296048870868,278.412850793568));
#6005=CARTESIAN_POINT('',(-258.772248376059,-162.796094392727,278.412850793568));
#6006=CARTESIAN_POINT('',(-258.772248376059,-159.796094392727,278.412850793568));
#6007=CARTESIAN_POINT('',(-258.772248376059,-159.796094392727,278.412850793568));
#6008=CARTESIAN_POINT('',(-252.972245324301,-159.796094392727,278.412850793568));
#6009=CARTESIAN_POINT('',(-252.972245324301,-159.796094392727,278.412850793568));
#6010=CARTESIAN_POINT('',(-252.972245324301,-162.796094392727,278.412850793568));
#6011=CARTESIAN_POINT('',(-252.972245324301,-162.796094392727,278.412850793568));
#6012=CARTESIAN_POINT('',(-258.772248376059,-162.796094392727,278.412850793568));
#6013=CARTESIAN_POINT('Origin',(-255.872234532683,-166.296048870868,275.162836149938));
#6014=CARTESIAN_POINT('',(-257.472215289176,-159.796094392727,275.162836149938));
#6015=CARTESIAN_POINT('Origin',(-255.872234532683,-159.796094392727,275.162836149938));
#6016=CARTESIAN_POINT('',(-257.472215289176,-158.796094392728,275.162836149938));
#6017=CARTESIAN_POINT('',(-257.472215289176,-166.296048870868,275.162836149938));
#6018=CARTESIAN_POINT('Origin',(-255.872234532683,-158.796094392728,275.162836149938));
#6019=CARTESIAN_POINT('Origin',(-255.872234532683,-166.296048870868,275.162836149938));
#6020=CARTESIAN_POINT('',(-257.472215289176,-166.296048870868,275.162836149938));
#6021=CARTESIAN_POINT('Origin',(-255.872234532683,-166.296048870868,275.162836149938));
#6022=CARTESIAN_POINT('',(-257.472215289176,-162.796094392727,275.162836149938));
#6023=CARTESIAN_POINT('',(-257.472215289176,-166.296048870868,275.162836149938));
#6024=CARTESIAN_POINT('Origin',(-255.872234532683,-162.796094392727,275.162836149938));
#6025=CARTESIAN_POINT('Origin',(-259.87224685018,-39.2961399145852,272.912850793568));
#6026=CARTESIAN_POINT('',(-259.87224685018,-166.296048870868,271.912850793568));
#6027=CARTESIAN_POINT('',(-259.87224685018,-45.2961399145852,271.912850793568));
#6028=CARTESIAN_POINT('Origin',(-259.87224685018,-166.296048870868,272.912850793568));
#6029=CARTESIAN_POINT('Origin',(-246.37224685018,-102.796094392727,271.912850793568));
#6030=CARTESIAN_POINT('',(-260.948281539279,-166.296048870868,271.912850793568));
#6031=CARTESIAN_POINT('',(-255.87224685018,-156.796094392727,271.912850793568));
#6032=CARTESIAN_POINT('',(-246.37224685018,-156.796094392727,271.912850793568));
#6033=CARTESIAN_POINT('',(-255.87224685018,-151.796094392727,271.912850793568));
#6034=CARTESIAN_POINT('',(-255.87224685018,-130.296094392727,271.912850793568));
#6035=CARTESIAN_POINT('',(-253.87224685018,-151.796094392727,271.912850793568));
#6036=CARTESIAN_POINT('',(-250.12224685018,-151.796094392727,271.912850793568));
#6037=CARTESIAN_POINT('Origin',(-253.87224685018,-152.796094392727,271.912850793568));
#6038=CARTESIAN_POINT('',(-258.772248376059,-162.796094392727,271.912850793568));
#6039=CARTESIAN_POINT('',(-258.772248376059,-159.796094392727,271.912850793568));
#6040=CARTESIAN_POINT('',(-258.772248376059,-159.796094392727,271.912850793568));
#6041=CARTESIAN_POINT('',(-252.972245324301,-162.796094392727,271.912850793568));
#6042=CARTESIAN_POINT('',(-258.772248376059,-162.796094392727,271.912850793568));
#6043=CARTESIAN_POINT('',(-252.972245324301,-159.796094392727,271.912850793568));
#6044=CARTESIAN_POINT('',(-252.972245324301,-162.796094392727,271.912850793568));
#6045=CARTESIAN_POINT('',(-252.972245324301,-159.796094392727,271.912850793568));
#6046=CARTESIAN_POINT('Origin',(-252.972245324301,-162.796094392727,278.412850793568));
#6047=CARTESIAN_POINT('',(-252.972245324301,-162.796094392727,278.412850793568));
#6048=CARTESIAN_POINT('',(-258.772248376059,-162.796094392727,278.412850793568));
#6049=CARTESIAN_POINT('Origin',(-252.972245324301,-159.796094392727,278.412850793568));
#6050=CARTESIAN_POINT('',(-252.972245324301,-159.796094392727,278.412850793568));
#6051=CARTESIAN_POINT('Origin',(-258.772248376059,-159.796094392727,278.412850793568));
#6052=CARTESIAN_POINT('',(-258.772248376059,-159.796094392727,278.412850793568));
#6053=CARTESIAN_POINT('Origin',(-258.772248376059,-162.796094392727,278.412850793568));
#6054=CARTESIAN_POINT('Origin',(-260.948281539279,-166.296048870868,278.412850793568));
#6055=CARTESIAN_POINT('Origin',(-255.872234532687,-158.796094392728,275.162836149936));
#6056=CARTESIAN_POINT('Origin',(-246.37224685018,-156.796094392727,275.162850793568));
#6057=CARTESIAN_POINT('',(-255.87224685018,-156.796094392727,273.562855393492));
#6058=CARTESIAN_POINT('',(-255.87224685018,-156.796094392727,273.537850793568));
#6059=CARTESIAN_POINT('',(-255.87224685018,-156.796094392727,276.762816906384));
#6060=CARTESIAN_POINT('',(-255.87224685018,-156.796094392727,273.537850793568));
#6061=CARTESIAN_POINT('Origin',(-255.872234532683,-156.796094392727,275.162836149938));
#6062=CARTESIAN_POINT('Origin',(-255.872234532683,-172.296048870868,275.162836149938));
#6063=CARTESIAN_POINT('',(-255.87224685018,-155.296048870868,276.762816906384));
#6064=CARTESIAN_POINT('',(-255.87224685018,-172.296048870868,276.762816906384));
#6065=CARTESIAN_POINT('',(-255.87224685018,-155.296048870868,273.562855393492));
#6066=CARTESIAN_POINT('Origin',(-255.872234532683,-155.296048870868,275.162836149938));
#6067=CARTESIAN_POINT('',(-255.87224685018,-172.296048870868,273.562855393492));
#6068=CARTESIAN_POINT('Origin',(-255.872234532683,-155.296048870868,275.162836149938));
#6069=CARTESIAN_POINT('',(-255.87224685018,-155.296048870868,273.537843471753));
#6070=CARTESIAN_POINT('Origin',(-255.87224685018,-151.796094392727,271.912850793568));
#6071=CARTESIAN_POINT('',(-255.87224685018,-151.796094392727,271.912850793568));
#6072=CARTESIAN_POINT('Origin',(-253.87224685018,-151.796094392727,271.912850793568));
#6073=CARTESIAN_POINT('',(-253.87224685018,-151.796094392727,271.912850793568));
#6074=CARTESIAN_POINT('Origin',(-253.87224685018,-152.796094392727,271.912850793568));
#6075=CARTESIAN_POINT('',(237.324574572063,97.8623873193138,393.512132259256));
#6076=CARTESIAN_POINT('Origin',(34.1016756246175,80.06625383916,179.082112918337));
#6077=CARTESIAN_POINT('',(29.8516756246175,80.06625383916,179.082112918337));
#6078=CARTESIAN_POINT('Origin',(34.1016756246175,80.06625383916,179.082112918337));
#6079=CARTESIAN_POINT('',(36.7019888556166,80.0662538391594,179.082112918337));
#6080=CARTESIAN_POINT('Origin',(34.1016756246175,80.06625383916,179.082112918337));
#6081=CARTESIAN_POINT('Origin',(30.1016756246175,30.06625383916,179.082112918337));
#6082=CARTESIAN_POINT('',(27.5016756246175,30.06625383916,179.082112918337));
#6083=CARTESIAN_POINT('Origin',(30.1016756246175,30.06625383916,179.082112918337));
#6084=CARTESIAN_POINT('Origin',(30.1049052757422,-39.9347797775375,179.082112918337));
#6085=CARTESIAN_POINT('',(27.5049052757422,-39.9347797775375,179.082112918337));
#6086=CARTESIAN_POINT('Origin',(30.1049052757422,-39.9347797775375,179.082112918337));
#6087=CARTESIAN_POINT('Origin',(34.1016755411698,-89.9350380513244,179.082112918337));
#6088=CARTESIAN_POINT('',(29.8516755411698,-89.9350380513244,179.082112918337));
#6089=CARTESIAN_POINT('Origin',(34.1016755411698,-89.9350380513244,179.082112918337));
#6090=CARTESIAN_POINT('',(36.7019887721689,-89.9350380513249,179.082112918337));
#6091=CARTESIAN_POINT('Origin',(34.1016755411698,-89.9350380513244,179.082112918337));
#6092=CARTESIAN_POINT('Origin',(-5.89832445882932,-89.9324542703371,179.082112918337));
#6093=CARTESIAN_POINT('',(-10.124787764227,-90.3791173739473,179.082112918337));
#6094=CARTESIAN_POINT('',(-6.34681865851354,-94.1587236598637,179.082112918337));
#6095=CARTESIAN_POINT('Origin',(-5.89832445882932,-89.9324542703371,179.082112918337));
#6096=CARTESIAN_POINT('Origin',(-2.91566387774948,-86.9510856632053,179.082112918337));
#6097=CARTESIAN_POINT('',(-3.29707922545338,-89.9324542703376,179.082112918337));
#6098=CARTESIAN_POINT('Origin',(-5.89832445882932,-89.9324542703371,179.082112918337));
#6099=CARTESIAN_POINT('Origin',(-1.89832444262986,-39.9324542723005,179.082112918337));
#6100=CARTESIAN_POINT('',(-4.49832444262986,-39.9324542723005,179.082112918337));
#6101=CARTESIAN_POINT('Origin',(-1.89832444262986,-39.9324542723005,179.082112918337));
#6102=CARTESIAN_POINT('Origin',(-1.89832437538178,30.0662538371965,179.082112918337));
#6103=CARTESIAN_POINT('',(-4.49832437538178,30.0662538371965,179.082112918337));
#6104=CARTESIAN_POINT('Origin',(-1.89832437538178,30.0662538371965,179.082112918337));
#6105=CARTESIAN_POINT('Origin',(-5.89832437538176,80.06625383916,179.082112918337));
#6106=CARTESIAN_POINT('',(-10.1483243753818,80.06625383916,179.082112918337));
#6107=CARTESIAN_POINT('Origin',(-5.89832437538176,80.06625383916,179.082112918337));
#6108=CARTESIAN_POINT('',(-3.29913572754222,80.0662538391594,179.082112918337));
#6109=CARTESIAN_POINT('Origin',(-5.89832437538176,80.06625383916,179.082112918337));
#6110=CARTESIAN_POINT('Origin',(30.1049052757422,-39.9347797775375,186.082112918337));
#6111=CARTESIAN_POINT('',(27.5049052757422,-39.9347797775375,186.082112918337));
#6112=CARTESIAN_POINT('',(27.5049052757422,-39.9347797775375,186.082112918337));
#6113=CARTESIAN_POINT('Origin',(30.1049052757422,-39.9347797775375,186.082112918337));
#6114=CARTESIAN_POINT('Origin',(-1.89832437538178,30.0662538371965,186.082112918337));
#6115=CARTESIAN_POINT('',(-4.49832437538178,30.0662538371965,186.082112918337));
#6116=CARTESIAN_POINT('',(-4.49832437538178,30.0662538371965,186.082112918337));
#6117=CARTESIAN_POINT('Origin',(-1.89832437538178,30.0662538371965,186.082112918337));
#6118=CARTESIAN_POINT('Origin',(-1.89832444262986,-39.9324542723005,186.082112918337));
#6119=CARTESIAN_POINT('',(-4.49832444262986,-39.9324542723005,186.082112918337));
#6120=CARTESIAN_POINT('',(-4.49832444262986,-39.9324542723005,186.082112918337));
#6121=CARTESIAN_POINT('Origin',(-1.89832444262986,-39.9324542723005,186.082112918337));
#6122=CARTESIAN_POINT('Origin',(30.1016756246175,30.06625383916,186.082112918337));
#6123=CARTESIAN_POINT('',(27.5016756246175,30.06625383916,186.082112918337));
#6124=CARTESIAN_POINT('',(27.5016756246175,30.06625383916,186.082112918337));
#6125=CARTESIAN_POINT('Origin',(30.1016756246175,30.06625383916,186.082112918337));
#6126=CARTESIAN_POINT('Origin',(34.1016756246175,80.06625383916,186.082112918337));
#6127=CARTESIAN_POINT('',(29.8516756246175,80.06625383916,186.082112918337));
#6128=CARTESIAN_POINT('',(29.8516756246175,80.06625383916,186.082112918337));
#6129=CARTESIAN_POINT('Origin',(34.1016756246175,80.06625383916,186.082112918337));
#6130=CARTESIAN_POINT('Origin',(-5.89832445882932,-89.9324542703371,186.082112918337));
#6131=CARTESIAN_POINT('',(-6.34681865851354,-94.1587236598637,186.082112918337));
#6132=CARTESIAN_POINT('',(-10.124787764227,-90.3791173739473,186.082112918337));
#6133=CARTESIAN_POINT('Origin',(-5.89832445882932,-89.9324542703371,186.082112918337));
#6134=CARTESIAN_POINT('',(-6.34681865851354,-94.1587236598637,186.082112918337));
#6135=CARTESIAN_POINT('',(-10.124787764227,-90.3791173739473,186.082112918337));
#6136=CARTESIAN_POINT('Origin',(14.1016755828913,-4.93310021558889,186.082112918337));
#6137=CARTESIAN_POINT('',(-10.8983244588328,-86.9510856632056,186.082112918337));
#6138=CARTESIAN_POINT('Origin',(-2.91566387775296,-86.9510856632058,186.082112918337));
#6139=CARTESIAN_POINT('',(-10.8983244588328,-58.592708308182,186.082112918337));
#6140=CARTESIAN_POINT('',(-10.8983244588328,85.0662538391594,186.082112918337));
#6141=CARTESIAN_POINT('',(-8.39832445883282,-54.2625812892598,186.082112918337));
#6142=CARTESIAN_POINT('Origin',(-5.89832445883282,-58.592708308182,186.082112918337));
#6143=CARTESIAN_POINT('',(-5.89832445883282,-49.9324542703376,186.082112918337));
#6144=CARTESIAN_POINT('Origin',(-10.8983244588328,-49.9324542703376,186.082112918337));
#6145=CARTESIAN_POINT('',(-5.89832445883282,40.0662538391594,186.082112918337));
#6146=CARTESIAN_POINT('',(-5.89832445883282,37.5665768117852,186.082112918337));
#6147=CARTESIAN_POINT('',(-8.39832445883282,44.3963808580816,186.082112918337));
#6148=CARTESIAN_POINT('Origin',(-10.8983244588328,40.0662538391594,186.082112918337));
#6149=CARTESIAN_POINT('',(-10.8983244588328,48.7265078770038,186.082112918337));
#6150=CARTESIAN_POINT('Origin',(-5.89832445883282,48.7265078770038,186.082112918337));
#6151=CARTESIAN_POINT('',(-10.8983244588328,80.0662538391592,186.082112918337));
#6152=CARTESIAN_POINT('',(-10.8983244588328,85.0662538391594,186.082112918337));
#6153=CARTESIAN_POINT('',(-5.89832437538461,85.0662538391594,186.082112918337));
#6154=CARTESIAN_POINT('Origin',(-5.89832437538526,80.0662538391594,186.082112918337));
#6155=CARTESIAN_POINT('',(34.1016756246141,85.0662538391594,186.082112918338));
#6156=CARTESIAN_POINT('',(39.101675624614,85.0662538391594,186.082112918338));
#6157=CARTESIAN_POINT('',(39.101675624614,80.0662538391592,186.082112918338));
#6158=CARTESIAN_POINT('Origin',(34.101675624614,80.0662538391594,186.082112918338));
#6159=CARTESIAN_POINT('',(39.101675624614,48.7265078770038,186.082112918338));
#6160=CARTESIAN_POINT('',(39.101675624614,-94.9324542703376,186.082112918338));
#6161=CARTESIAN_POINT('',(36.601675624614,44.3963808580816,186.082112918338));
#6162=CARTESIAN_POINT('Origin',(34.101675624614,48.7265078770038,186.082112918338));
#6163=CARTESIAN_POINT('',(34.101675624614,40.0662538391594,186.082112918338));
#6164=CARTESIAN_POINT('Origin',(39.101675624614,40.0662538391594,186.082112918338));
#6165=CARTESIAN_POINT('',(34.101675624614,-49.9324542703376,186.082112918338));
#6166=CARTESIAN_POINT('',(34.101675624614,-47.7710339897498,186.082112918338));
#6167=CARTESIAN_POINT('',(36.601675624614,-54.2625812892598,186.082112918338));
#6168=CARTESIAN_POINT('Origin',(39.101675624614,-49.9324542703376,186.082112918338));
#6169=CARTESIAN_POINT('',(39.101675624614,-58.592708308182,186.082112918338));
#6170=CARTESIAN_POINT('Origin',(34.101675624614,-58.592708308182,186.082112918338));
#6171=CARTESIAN_POINT('',(39.101675624614,-90.6089677639107,186.082112918338));
#6172=CARTESIAN_POINT('',(39.101675624614,-94.9324542703376,186.082112918338));
#6173=CARTESIAN_POINT('',(36.6131422138311,-94.9324542703376,186.082112918337));
#6174=CARTESIAN_POINT('Origin',(34.1016756246149,-90.6089677639106,186.082112918337));
#6175=CARTESIAN_POINT('',(-3.05927368774163,-94.9324542703376,186.082112918337));
#6176=CARTESIAN_POINT('',(-10.8983244588328,-94.9324542703376,186.082112918337));
#6177=CARTESIAN_POINT('Origin',(-2.91566387775296,-86.9510856632058,186.082112918337));
#6178=CARTESIAN_POINT('',(29.8516755411698,-89.9350380513244,186.082112918337));
#6179=CARTESIAN_POINT('Origin',(34.1016755411698,-89.9350380513244,186.082112918337));
#6180=CARTESIAN_POINT('',(-10.1483243753818,80.06625383916,186.082112918337));
#6181=CARTESIAN_POINT('Origin',(-5.89832437538176,80.06625383916,186.082112918337));
#6182=CARTESIAN_POINT('Origin',(-5.89832437538176,80.06625383916,186.082112918337));
#6183=CARTESIAN_POINT('',(-10.1483243753818,80.06625383916,186.082112918337));
#6184=CARTESIAN_POINT('Origin',(34.1016755411698,-89.9350380513244,186.082112918337));
#6185=CARTESIAN_POINT('',(29.8516755411698,-89.9350380513244,186.082112918337));
#6186=CARTESIAN_POINT('Origin',(-5.89832445883283,-58.592708308182,186.582112918337));
#6187=CARTESIAN_POINT('',(-10.8983244588329,-58.592708308182,188.082112918337));
#6188=CARTESIAN_POINT('',(-10.8983244588328,-58.592708308182,186.582112918337));
#6189=CARTESIAN_POINT('',(-8.39832445883286,-54.2625812892598,188.082112918337));
#6190=CARTESIAN_POINT('Origin',(-5.89832445883286,-58.592708308182,188.082112918337));
#6191=CARTESIAN_POINT('',(-8.39832445883283,-54.2625812892598,186.582112918337));
#6192=CARTESIAN_POINT('Origin',(-10.8983244588328,-49.9324542703376,186.582112918337));
#6193=CARTESIAN_POINT('',(-5.89832445883286,-49.9324542703376,188.082112918337));
#6194=CARTESIAN_POINT('Origin',(-10.8983244588329,-49.9324542703376,188.082112918337));
#6195=CARTESIAN_POINT('',(-5.89832445883283,-49.9324542703376,186.582112918337));
#6196=CARTESIAN_POINT('Origin',(-5.89832445883282,80.0662538391592,186.082112918337));
#6197=CARTESIAN_POINT('',(-5.89832445883286,40.0662538391594,188.082112918337));
#6198=CARTESIAN_POINT('',(-5.89832445883286,37.5665768117851,188.082112918337));
#6199=CARTESIAN_POINT('',(-5.89832445883283,40.0662538391594,186.582112918337));
#6200=CARTESIAN_POINT('Origin',(34.101675624614,-58.592708308182,186.582112918338));
#6201=CARTESIAN_POINT('',(36.601675624614,-54.2625812892598,188.082112918338));
#6202=CARTESIAN_POINT('',(39.101675624614,-58.592708308182,188.082112918338));
#6203=CARTESIAN_POINT('Origin',(34.101675624614,-58.592708308182,188.082112918338));
#6204=CARTESIAN_POINT('',(39.101675624614,-58.592708308182,186.582112918338));
#6205=CARTESIAN_POINT('',(36.601675624614,-54.2625812892598,186.582112918338));
#6206=CARTESIAN_POINT('Origin',(14.1016755828912,-4.93310021558889,188.082112918337));
#6207=CARTESIAN_POINT('',(-10.8983244588329,-86.9510856632056,188.082112918337));
#6208=CARTESIAN_POINT('',(-10.8983244588329,85.0662538391594,188.082112918337));
#6209=CARTESIAN_POINT('',(-3.05927368774166,-94.9324542703376,188.082112918337));
#6210=CARTESIAN_POINT('Origin',(-2.915663877753,-86.9510856632058,188.082112918337));
#6211=CARTESIAN_POINT('',(36.613142213831,-94.9324542703376,188.082112918337));
#6212=CARTESIAN_POINT('',(-10.8983244588329,-94.9324542703376,188.082112918337));
#6213=CARTESIAN_POINT('',(39.101675624614,-90.6089677639107,188.082112918338));
#6214=CARTESIAN_POINT('Origin',(34.1016756246149,-90.6089677639106,188.082112918337));
#6215=CARTESIAN_POINT('',(39.101675624614,-94.9324542703376,188.082112918337));
#6216=CARTESIAN_POINT('',(34.101675624614,-49.9324542703376,188.082112918338));
#6217=CARTESIAN_POINT('Origin',(39.101675624614,-49.9324542703376,188.082112918338));
#6218=CARTESIAN_POINT('',(34.101675624614,40.0662538391594,188.082112918338));
#6219=CARTESIAN_POINT('',(34.101675624614,-47.7710339897498,188.082112918338));
#6220=CARTESIAN_POINT('',(36.601675624614,44.3963808580816,188.082112918338));
#6221=CARTESIAN_POINT('Origin',(39.101675624614,40.0662538391594,188.082112918338));
#6222=CARTESIAN_POINT('',(39.101675624614,48.7265078770038,188.082112918338));
#6223=CARTESIAN_POINT('Origin',(34.101675624614,48.7265078770038,188.082112918338));
#6224=CARTESIAN_POINT('',(39.101675624614,80.0662538391592,188.082112918338));
#6225=CARTESIAN_POINT('',(39.101675624614,-94.9324542703376,188.082112918337));
#6226=CARTESIAN_POINT('',(34.1016756246141,85.0662538391594,188.082112918338));
#6227=CARTESIAN_POINT('Origin',(34.101675624614,80.0662538391594,188.082112918338));
#6228=CARTESIAN_POINT('',(-5.89832437538465,85.0662538391594,188.082112918337));
#6229=CARTESIAN_POINT('',(39.101675624614,85.0662538391594,188.082112918338));
#6230=CARTESIAN_POINT('',(-10.8983244588329,80.0662538391592,188.082112918337));
#6231=CARTESIAN_POINT('Origin',(-5.8983243753853,80.0662538391594,188.082112918337));
#6232=CARTESIAN_POINT('',(-10.8983244588329,48.7265078770038,188.082112918337));
#6233=CARTESIAN_POINT('',(-10.8983244588329,85.0662538391594,188.082112918337));
#6234=CARTESIAN_POINT('',(-8.39832445883286,44.3963808580816,188.082112918337));
#6235=CARTESIAN_POINT('Origin',(-5.89832445883286,48.7265078770038,188.082112918337));
#6236=CARTESIAN_POINT('Origin',(-10.8983244588329,40.0662538391594,188.082112918337));
#6237=CARTESIAN_POINT('',(36.7019887721687,-89.9350380513249,188.082112918337));
#6238=CARTESIAN_POINT('Origin',(34.1016755411663,-89.9350380513249,188.082112918337));
#6239=CARTESIAN_POINT('',(-3.29707922545354,-89.9324542703376,188.082112918337));
#6240=CARTESIAN_POINT('Origin',(-5.89832445883286,-89.9324542703376,188.082112918337));
#6241=CARTESIAN_POINT('',(36.7019888556164,80.0662538391594,188.082112918338));
#6242=CARTESIAN_POINT('Origin',(34.101675624614,80.0662538391594,188.082112918338));
#6243=CARTESIAN_POINT('',(-3.29913572754238,80.0662538391594,188.082112918337));
#6244=CARTESIAN_POINT('Origin',(-5.8983243753853,80.0662538391594,188.082112918337));
#6245=CARTESIAN_POINT('Origin',(39.101675624614,-49.9324542703376,186.582112918338));
#6246=CARTESIAN_POINT('',(34.101675624614,-49.9324542703376,186.582112918338));
#6247=CARTESIAN_POINT('Origin',(34.101675624614,-90.6089677639107,186.082112918337));
#6248=CARTESIAN_POINT('',(34.101675624614,40.0662538391594,186.582112918338));
#6249=CARTESIAN_POINT('Origin',(34.101675624614,48.7265078770038,186.582112918338));
#6250=CARTESIAN_POINT('',(39.101675624614,48.7265078770038,186.582112918338));
#6251=CARTESIAN_POINT('',(36.601675624614,44.3963808580816,186.582112918338));
#6252=CARTESIAN_POINT('Origin',(39.101675624614,40.0662538391594,186.582112918338));
#6253=CARTESIAN_POINT('Origin',(-5.89832445883283,48.7265078770038,186.582112918337));
#6254=CARTESIAN_POINT('',(-10.8983244588328,48.7265078770038,186.582112918337));
#6255=CARTESIAN_POINT('',(-8.39832445883283,44.3963808580816,186.582112918337));
#6256=CARTESIAN_POINT('Origin',(-10.8983244588328,80.0662538391592,186.082112918337));
#6257=CARTESIAN_POINT('',(-10.8983244588328,80.0662538391592,186.082112918337));
#6258=CARTESIAN_POINT('Origin',(-10.8983244588328,40.0662538391594,186.582112918337));
#6259=CARTESIAN_POINT('Origin',(34.101675624614,80.0662538391594,186.082112918338));
#6260=CARTESIAN_POINT('',(36.7019888556165,80.0662538391594,186.082112918338));
#6261=CARTESIAN_POINT('Origin',(-5.89832437538526,80.0662538391594,186.082112918337));
#6262=CARTESIAN_POINT('',(-3.29913572754234,80.0662538391594,186.082112918337));
#6263=CARTESIAN_POINT('Origin',(-5.89832437538526,80.0662538391594,186.082112918337));
#6264=CARTESIAN_POINT('',(-5.89832437538461,85.0662538391594,186.082112918337));
#6265=CARTESIAN_POINT('Origin',(34.1016756246141,85.0662538391594,186.082112918338));
#6266=CARTESIAN_POINT('',(34.1016756246141,85.0662538391594,186.082112918338));
#6267=CARTESIAN_POINT('Origin',(34.101675624614,80.0662538391594,186.082112918338));
#6268=CARTESIAN_POINT('',(39.101675624614,80.0662538391592,186.082112918338));
#6269=CARTESIAN_POINT('Origin',(39.101675624614,-90.6089677639107,186.082112918338));
#6270=CARTESIAN_POINT('Origin',(39.101675624614,-90.6089677639107,186.082112918338));
#6271=CARTESIAN_POINT('',(39.101675624614,-90.6089677639107,186.082112918338));
#6272=CARTESIAN_POINT('Origin',(-2.91566387775296,-86.9510856632058,186.082112918337));
#6273=CARTESIAN_POINT('',(-3.05927368774163,-94.9324542703376,186.082112918337));
#6274=CARTESIAN_POINT('',(-10.8983244588328,-86.9510856632056,186.082112918337));
#6275=CARTESIAN_POINT('Origin',(-3.05927368774163,-94.9324542703376,186.082112918337));
#6276=CARTESIAN_POINT('',(36.6131422138311,-94.9324542703376,186.082112918337));
#6277=CARTESIAN_POINT('Origin',(34.1016756246149,-90.6089677639106,186.082112918337));
#6278=CARTESIAN_POINT('Origin',(-10.8983244588328,80.0662538391592,186.082112918337));
#6279=CARTESIAN_POINT('Origin',(34.1016755411663,-89.9350380513249,186.082112918337));
#6280=CARTESIAN_POINT('',(36.7019887721688,-89.9350380513249,186.082112918337));
#6281=CARTESIAN_POINT('Origin',(-5.89832445883282,-89.9324542703376,186.082112918337));
#6282=CARTESIAN_POINT('',(-3.29707922545351,-89.9324542703376,186.082112918337));
#6283=CARTESIAN_POINT('',(0.,0.,0.));
#6284=CARTESIAN_POINT('',(0.,0.,0.));
#6285=UNCERTAINTY_MEASURE_WITH_UNIT(LENGTH_MEASURE(0.01),#6295,
'DISTANCE_ACCURACY_VALUE',
'Maximum model space distance between geometric entities at asserted c
onnectivities');
#6286=UNCERTAINTY_MEASURE_WITH_UNIT(LENGTH_MEASURE(0.01),#6295,
'DISTANCE_ACCURACY_VALUE',
'Maximum model space distance between geometric entities at asserted c
onnectivities');
#6287=UNCERTAINTY_MEASURE_WITH_UNIT(LENGTH_MEASURE(0.01),#6295,
'DISTANCE_ACCURACY_VALUE',
'Maximum model space distance between geometric entities at asserted c
onnectivities');
#6288=UNCERTAINTY_MEASURE_WITH_UNIT(LENGTH_MEASURE(0.01),#6295,
'DISTANCE_ACCURACY_VALUE',
'Maximum model space distance between geometric entities at asserted c
onnectivities');
#6289=UNCERTAINTY_MEASURE_WITH_UNIT(LENGTH_MEASURE(0.01),#6295,
'DISTANCE_ACCURACY_VALUE',
'Maximum model space distance between geometric entities at asserted c
onnectivities');
#6290=(
GEOMETRIC_REPRESENTATION_CONTEXT(3)
GLOBAL_UNCERTAINTY_ASSIGNED_CONTEXT((#6285))
GLOBAL_UNIT_ASSIGNED_CONTEXT((#6295,#6297,#6298))
REPRESENTATION_CONTEXT('','3D')
);
#6291=(
GEOMETRIC_REPRESENTATION_CONTEXT(3)
GLOBAL_UNCERTAINTY_ASSIGNED_CONTEXT((#6286))
GLOBAL_UNIT_ASSIGNED_CONTEXT((#6295,#6297,#6298))
REPRESENTATION_CONTEXT('','3D')
);
#6292=(
GEOMETRIC_REPRESENTATION_CONTEXT(3)
GLOBAL_UNCERTAINTY_ASSIGNED_CONTEXT((#6287))
GLOBAL_UNIT_ASSIGNED_CONTEXT((#6295,#6297,#6298))
REPRESENTATION_CONTEXT('','3D')
);
#6293=(
GEOMETRIC_REPRESENTATION_CONTEXT(3)
GLOBAL_UNCERTAINTY_ASSIGNED_CONTEXT((#6288))
GLOBAL_UNIT_ASSIGNED_CONTEXT((#6295,#6297,#6298))
REPRESENTATION_CONTEXT('','3D')
);
#6294=(
GEOMETRIC_REPRESENTATION_CONTEXT(3)
GLOBAL_UNCERTAINTY_ASSIGNED_CONTEXT((#6289))
GLOBAL_UNIT_ASSIGNED_CONTEXT((#6295,#6297,#6298))
REPRESENTATION_CONTEXT('','3D')
);
#6295=(
LENGTH_UNIT()
NAMED_UNIT(*)
SI_UNIT(.MILLI.,.METRE.)
);
#6296=(
LENGTH_UNIT()
NAMED_UNIT(*)
SI_UNIT($,.METRE.)
);
#6297=(
NAMED_UNIT(*)
PLANE_ANGLE_UNIT()
SI_UNIT($,.RADIAN.)
);
#6298=(
NAMED_UNIT(*)
SI_UNIT($,.STERADIAN.)
SOLID_ANGLE_UNIT()
);
#6299=SHAPE_DEFINITION_REPRESENTATION(#6303,#6310);
#6300=SHAPE_DEFINITION_REPRESENTATION(#6304,#6311);
#6301=SHAPE_DEFINITION_REPRESENTATION(#6305,#6312);
#6302=SHAPE_DEFINITION_REPRESENTATION(#6306,#6313);
#6303=PRODUCT_DEFINITION_SHAPE('',$,#6315);
#6304=PRODUCT_DEFINITION_SHAPE('',$,#6316);
#6305=PRODUCT_DEFINITION_SHAPE('',$,#6317);
#6306=PRODUCT_DEFINITION_SHAPE('',$,#6318);
#6307=PRODUCT_DEFINITION_SHAPE($,$,#20);
#6308=PRODUCT_DEFINITION_SHAPE($,$,#21);
#6309=PRODUCT_DEFINITION_SHAPE($,$,#22);
#6310=SHAPE_REPRESENTATION('',(#3765,#4112,#4113),#6290);
#6311=SHAPE_REPRESENTATION('',(#3766),#6291);
#6312=SHAPE_REPRESENTATION('',(#3767,#4019),#6292);
#6313=SHAPE_REPRESENTATION('',(#3768),#6293);
#6314=PRODUCT_DEFINITION_CONTEXT('part definition',#6328,'design');
#6315=PRODUCT_DEFINITION('2026-04-14-00-50-25-145',
'Assembly_Self_Contained_V1',#6319,#6314);
#6316=PRODUCT_DEFINITION('2026-04-14-00-50-25-157','Covers',#6320,#6314);
#6317=PRODUCT_DEFINITION('2026-04-14-00-50-25-164','Chassis',#6321,#6314);
#6318=PRODUCT_DEFINITION('2026-04-14-00-50-25-168','Chassis_Body',#6322,
#6314);
#6319=PRODUCT_DEFINITION_FORMATION('',$,#6330);
#6320=PRODUCT_DEFINITION_FORMATION('',$,#6331);
#6321=PRODUCT_DEFINITION_FORMATION('',$,#6332);
#6322=PRODUCT_DEFINITION_FORMATION('',$,#6333);
#6323=PRODUCT_RELATED_PRODUCT_CATEGORY('Assembly_Self_Contained_V1',
'Assembly_Self_Contained_V1',(#6330));
#6324=PRODUCT_RELATED_PRODUCT_CATEGORY('Covers','Covers',(#6331));
#6325=PRODUCT_RELATED_PRODUCT_CATEGORY('Chassis','Chassis',(#6332));
#6326=PRODUCT_RELATED_PRODUCT_CATEGORY('Chassis_Body','Chassis_Body',(#6333));
#6327=APPLICATION_PROTOCOL_DEFINITION('international standard',
'automotive_design',2009,#6328);
#6328=APPLICATION_CONTEXT(
'Core Data for Automotive Mechanical Design Process');
#6329=PRODUCT_CONTEXT('part definition',#6328,'mechanical');
#6330=PRODUCT('2026-04-14-00-50-25-145','Assembly_Self_Contained_V1',$,
(#6329));
#6331=PRODUCT('2026-04-14-00-50-25-157','Covers',$,(#6329));
#6332=PRODUCT('2026-04-14-00-50-25-164','Chassis',$,(#6329));
#6333=PRODUCT('2026-04-14-00-50-25-168','Chassis_Body',$,(#6329));
#6334=PRESENTATION_STYLE_ASSIGNMENT((#6338));
#6335=PRESENTATION_STYLE_ASSIGNMENT((#6339));
#6336=PRESENTATION_STYLE_ASSIGNMENT((#6340));
#6337=PRESENTATION_STYLE_ASSIGNMENT((#6341));
#6338=SURFACE_STYLE_USAGE(.BOTH.,#6342);
#6339=SURFACE_STYLE_USAGE(.BOTH.,#6343);
#6340=SURFACE_STYLE_USAGE(.BOTH.,#6344);
#6341=SURFACE_STYLE_USAGE(.BOTH.,#6345);
#6342=SURFACE_SIDE_STYLE('',(#6346));
#6343=SURFACE_SIDE_STYLE('',(#6347));
#6344=SURFACE_SIDE_STYLE('',(#6348));
#6345=SURFACE_SIDE_STYLE('',(#6349));
#6346=SURFACE_STYLE_FILL_AREA(#6350);
#6347=SURFACE_STYLE_FILL_AREA(#6351);
#6348=SURFACE_STYLE_FILL_AREA(#6352);
#6349=SURFACE_STYLE_FILL_AREA(#6353);
#6350=FILL_AREA_STYLE('Plastic - Glossy (Yellow)',(#6354));
#6351=FILL_AREA_STYLE(
'EPX 150 - Air Baked (with Carbon M2 M3 L1 3D Printers)',(#6355));
#6352=FILL_AREA_STYLE('Plastic - Matte (Black)',(#6356));
#6353=FILL_AREA_STYLE('Brass - Polished',(#6357));
#6354=FILL_AREA_STYLE_COLOUR('Plastic - Glossy (Yellow)',#6358);
#6355=FILL_AREA_STYLE_COLOUR(
'EPX 150 - Air Baked (with Carbon M2 M3 L1 3D Printers)',#6359);
#6356=FILL_AREA_STYLE_COLOUR('Plastic - Matte (Black)',#6360);
#6357=FILL_AREA_STYLE_COLOUR('Brass - Polished',#6361);
#6358=COLOUR_RGB('Plastic - Glossy (Yellow)',0.909803921568627,0.67843137254902,
0.137254901960784);
#6359=COLOUR_RGB(
'EPX 150 - Air Baked (with Carbon M2 M3 L1 3D Printers)',0.247058823529412,
0.247058823529412,0.247058823529412);
#6360=COLOUR_RGB('Plastic - Matte (Black)',0.0980392156862745,0.0980392156862745,
0.0980392156862745);
#6361=COLOUR_RGB('Brass - Polished',0.952941176470588,0.796078431372549,
0.486274509803922);
ENDSEC;
END-ISO-10303-21;
